compound_name,label,MW,LogP,HBD,TPSA,RingCount,RotBonds
sulphasalazine,0,398.4,3.702,3.0,141.31,3.0,6.0
moxalactam,0,520.48,-1.128,4.0,206.3,4.0,9.0
clioquinol,0,305.502,3.198,1.0,33.12,2.0,0.0
bbcpd11 (cimetidine analog) (y-g13),0,342.266,2.113,2.0,73.1,1.0,6.0
schembl614298,0,461.467,-1.236,5.0,149.15,6.0,3.0
"uk-240,455",0,368.198,0.281,3.0,123.33,2.0,4.0
morphine-6-glucuronide,0,461.467,-0.885,5.0,149.15,6.0,3.0
nitrofurantoin,0,238.159,0.073,1.0,118.05,2.0,3.0
"l-701,324",0,363.8,5.346,2.0,62.32,4.0,3.0
33419-42-0,0,588.562,1.339,3.0,160.83,7.0,5.0
icotidine,0,379.464,2.903,2.0,92.79,3.0,9.0
ro 64-0802,0,286.372,0.864,3.0,93.81,1.0,8.0
temelastine,0,442.361,3.965,2.0,83.56,3.0,8.0
"disodium;(6r,7s)-7-[[4-(2-amino-1-carboxylato-2-oxoethylidene)-1,3-dithietane-2-carbonyl]amino]-7-methoxy-3-[(1-methyltetrazol-5-yl)sulfanylmethyl]-8-oxo-5-thia-1-azabicyclo[4.2.0]oct-2-ene-2-carboxylate",0,575.632,-1.397,4.0,219.93,4.0,9.0
cefotetan,0,575.632,-1.397,4.0,219.93,4.0,9.0
1848-75-5,0,161.208,1.058,2.0,36.42,2.0,1.0
"2-[4-(5-bromo-3-methylpyridin-2-yl)butylamino]-5-[(6-methylpyridin-3-yl)methyl]-1,3-diazinan-4-one",0,446.393,2.63,3.0,78.94,3.0,8.0
m2l-663581,0,389.799,1.361,2.0,117.51,4.0,3.0
ritonavir,0,691.92,6.36,3.0,133.75,4.0,17.0
bis-hydroxylated-l-663581,0,403.826,1.404,2.0,117.51,4.0,4.0
,0,375.772,1.319,2.0,117.51,4.0,2.0
,0,389.799,1.361,2.0,117.51,4.0,3.0
raloxifene,0,473.594,6.075,2.0,70.0,5.0,7.0
telmesteine,0,205.235,0.602,1.0,66.84,1.0,2.0
chlorambucil,0,304.217,3.378,1.0,40.54,1.0,9.0
quercetin,0,302.282,1.392,5.0,118.22,3.0,1.0
sucrose,0,342.297,-5.396,8.0,189.53,2.0,5.0
flurbiprofen,0,244.265,3.681,1.0,37.3,2.0,3.0
schembl18285121,0,471.583,1.036,3.0,128.33,3.0,9.0
d-mannitol,0,182.172,-3.585,6.0,121.38,0.0,5.0
mannitol (d-mannitol),0,182.172,-3.585,6.0,121.38,0.0,5.0
compound 34,0,275.337,1.673,3.0,106.39,2.0,3.0
y22,0,415.293,4.978,2.0,75.11,3.0,4.0
l4,0,543.478,-5.599,8.0,285.14,2.0,9.0
chebi: 145922,0,314.378,1.183,4.0,137.5,2.0,3.0
guanidinothiazol analogue 17 ac1lbibi -- pubmed,0,250.283,1.126,4.0,117.75,2.0,2.0
cube-2,0,266.337,2.772,2.0,66.76,1.0,8.0
cube-6,0,430.497,4.582,3.0,113.29,2.0,13.0
cube-10,0,410.466,4.965,1.0,85.97,3.0,10.0
chembl151192,0,442.545,2.329,3.0,110.43,4.0,6.0
amethopterin,0,454.447,0.268,5.0,210.54,3.0,9.0
rifampicin,0,836.98,4.726,6.0,220.15,6.0,4.0
baclofen,0,213.664,1.857,2.0,63.32,1.0,4.0
etoposide,0,588.562,1.339,3.0,160.83,7.0,5.0
methotrexate,0,454.447,0.268,5.0,210.54,3.0,9.0
imatinib,0,493.615,4.59,2.0,86.28,5.0,7.0
.alpha.-d-ddc,0,211.221,-0.505,2.0,90.37,2.0,2.0
"mdl 63,246",0,1802.733,4.076,21.0,555.44,15.0,22.0
4-hydroxyalprazolam,0,324.771,3.071,1.0,63.3,4.0,1.0
etodolac,0,287.359,3.383,2.0,62.32,3.0,4.0
atenolol,0,252.314,0.41,3.0,84.58,1.0,7.0
cimetidine,0,252.347,0.237,2.0,84.93,1.0,5.0
cimetidine (y-g1),0,252.347,0.597,3.0,88.89,1.0,5.0
biosone,0,470.694,6.413,2.0,74.6,5.0,1.0
vardenafil,0,488.614,2.07,1.0,112.9,4.0,8.0
151581-23-6,0,318.377,1.543,1.0,89.75,3.0,5.0
apaxifylline,0,318.377,1.543,1.0,89.75,3.0,5.0
chembl12325,0,380.408,2.099,2.0,103.45,4.0,3.0
sb 239063,0,368.412,3.631,1.0,73.06,4.0,4.0
sbb079053,0,148.189,0.212,2.0,45.91,2.0,1.0
4-aminobenzoic acid,0,137.138,0.967,2.0,63.32,1.0,1.0
,0,326.395,5.623,0.0,26.3,4.0,4.0
"1,3-dimethyl-2-(2-methylphenylimino)imidazolidine",0,203.289,1.86,0.0,18.84,2.0,1.0
tz-17,0,175.235,1.366,2.0,36.42,2.0,1.0
atorvastatin,0,558.65,6.314,4.0,111.79,4.0,12.0
benzoylecgonine,0,303.358,2.169,1.0,66.84,3.0,4.0
"monohydroxy l-663,581 metabolite",0,373.8,2.389,1.0,97.28,4.0,2.0
dcka,0,258.06,2.533,2.0,70.16,2.0,1.0
didanosine,0,236.231,-0.211,2.0,93.03,3.0,2.0
salbutamol ,0,239.315,1.306,4.0,72.72,1.0,4.0
sildenafil,0,474.587,1.611,1.0,113.42,4.0,7.0
sk&f 93319,0,448.592,4.514,2.0,74.16,4.0,10.0
sb-271406,0,452.001,4.082,2.0,70.67,4.0,5.0
indomethacin,0,357.793,3.927,1.0,68.53,3.0,4.0
skf 93319,0,379.464,2.903,2.0,92.79,3.0,9.0
"n-(2,4-dimethylphenyl)-1,3-dimethylimidazolidin-2-imine",0,217.316,2.168,0.0,18.84,2.0,1.0
4794-83-6,0,189.262,1.675,2.0,36.42,2.0,1.0
schembl1704876,0,508.435,3.659,3.0,106.51,4.0,7.0
diclazuril,0,407.644,3.536,1.0,91.54,3.0,3.0
compound-9,0,211.265,0.815,2.0,84.91,2.0,3.0
yg19,0,204.298,2.311,1.0,38.91,2.0,3.0
17 zm0241385,0,337.343,1.722,3.0,127.39,4.0,5.0
diclofenac,0,296.153,4.364,2.0,49.33,2.0,4.0
l-dideoxyinosine,0,236.231,-0.211,2.0,93.03,3.0,2.0
didanosine,0,236.231,-0.211,2.0,93.03,3.0,2.0
α-hydroxyalprazolam (alpha-hydroxyalprazolam),0,324.771,2.764,1.0,63.3,4.0,2.0
schembl13579049,0,359.809,3.956,1.0,66.84,3.0,4.0
zinc27644005,0,359.809,3.956,1.0,66.84,3.0,4.0
p-phenylbenzoic acid,0,198.221,3.052,1.0,37.3,2.0,2.0
,0,300.384,1.318,2.0,83.58,1.0,9.0
ls-190695,0,314.411,1.459,2.0,83.58,1.0,10.0
ranitidine,0,329.426,0.974,2.0,95.94,1.0,9.0
n-[3-[5-[(dimethylamino)methyl]furan-2-yl]sulfanylpropyl]-n'-methyl-2-nitroethanimidamide,0,314.411,1.718,1.0,83.91,1.0,9.0
chembl1907165,0,314.411,1.469,1.0,83.91,1.0,9.0
ranitidine base,0,314.411,1.459,2.0,83.58,1.0,10.0
,0,300.384,1.328,1.0,83.91,1.0,8.0
digoxin,0,780.949,2.218,6.0,203.06,8.0,7.0
compound 5,0,474.649,4.924,1.0,59.39,5.0,6.0
ftc; emtricitabine,0,247.251,-0.455,2.0,90.37,2.0,2.0
cogoxin,0,780.949,2.218,6.0,203.06,8.0,7.0
nsc606170,0,211.221,-0.505,2.0,90.37,2.0,2.0
"2',3'-dideoxycytidine (zalcitabine)",0,211.221,-0.505,2.0,90.37,2.0,2.0
bufotenine,0,204.273,1.978,2.0,39.26,2.0,3.0
y12,0,367.401,2.909,1.0,81.7,2.0,7.0
y-g12 (bbcpd10),0,204.237,0.515,2.0,83.72,2.0,2.0
72801-60-6,0,233.3,1.297,3.0,103.31,2.0,2.0
chembl1950329,0,524.712,5.888,0.0,77.32,5.0,9.0
az599,0,473.639,3.248,0.0,71.85,5.0,4.0
miltefosine,0,408.584,6.308,1.0,55.76,0.0,20.0
acrivastine,0,348.446,4.015,1.0,53.43,3.0,6.0
compound 35,0,324.406,1.735,1.0,83.91,2.0,9.0
74188-86-6,0,324.406,2.923,2.0,87.34,2.0,9.0
bbcpd17,0,310.379,2.782,2.0,87.34,2.0,8.0
sulpiride,0,341.433,0.557,2.0,101.73,2.0,6.0
salicylic acid (2-hydroxybenzoic acid),0,138.122,1.09,2.0,57.53,1.0,1.0
norfloxacin,0,319.336,1.268,2.0,74.57,3.0,3.0
bromocriptine,0,654.606,3.193,3.0,118.21,7.0,5.0
bromocriptine,0,654.606,3.193,3.0,118.21,7.0,5.0
ergotamine,0,597.716,1.558,3.0,114.45,8.0,4.0
lupitidine (y-g5; skf93479),0,413.547,3.064,2.0,87.05,3.0,10.0
cytisine,0,190.246,0.555,1.0,34.03,3.0,0.0
amiodarone,0,645.319,6.936,0.0,42.68,3.0,11.0
lupitidine,0,413.547,3.196,3.0,109.83,3.0,9.0
zolmitriptan,0,287.363,1.923,2.0,57.36,3.0,5.0
127779-20-8,0,670.855,3.092,5.0,166.75,5.0,12.0
vincristine,0,824.972,3.518,3.0,171.17,9.0,8.0
vincristine,0,824.972,3.518,3.0,171.17,9.0,8.0
139264-82-7,0,287.363,1.923,2.0,57.36,3.0,5.0
fexofenadine (allegra),1,501.667,5.511,3.0,81.0,4.0,10.0
proc-19m,1,477.649,4.728,0.0,53.09,4.0,7.0
ivermectin,1,875.106,5.601,3.0,170.06,7.0,8.0
chembl68445,1,440.499,5.246,2.0,88.52,4.0,8.0
oseltamivir,1,314.426,1.343,2.0,82.81,1.0,9.0
cadralazine,1,297.359,1.145,3.0,99.61,1.0,7.0
compound 17,1,373.416,2.313,0.0,72.5,4.0,4.0
ac1nfq3w,1,389.411,2.211,1.0,74.87,6.0,1.0
156154-71-1,1,304.302,2.289,1.0,98.54,2.0,4.0
dm-44,1,304.302,2.289,1.0,98.54,2.0,4.0
amezinium,1,202.237,0.949,1.0,52.02,2.0,2.0
-,1,517.695,4.012,1.0,61.88,6.0,8.0
ro65-7674,1,429.571,2.182,1.0,79.6,5.0,4.0
chembl3264225,1,424.497,2.522,3.0,92.95,3.0,11.0
"celecoxib, celebrex",1,381.379,3.514,1.0,77.98,3.0,3.0
liarozole,1,308.772,4.051,1.0,46.5,4.0,3.0
ridogrel,1,366.339,4.124,1.0,71.78,2.0,8.0
chembl1185227,1,516.642,3.417,0.0,73.4,6.0,6.0
"takle-2; l-779,450",1,347.805,5.165,2.0,61.8,4.0,3.0
saquinavir,1,670.855,3.092,5.0,166.75,5.0,12.0
anabet,1,309.406,0.635,4.0,81.95,2.0,5.0
156154-42-6,1,293.75,3.034,1.0,55.4,2.0,3.0
nelfinavir mesylate,1,567.796,4.748,4.0,101.9,4.0,9.0
nelfinavir,1,581.823,4.79,4.0,101.9,4.0,11.0
miloxacin,1,263.205,0.487,1.0,86.99,3.0,2.0
chembl243790,1,531.674,6.663,1.0,76.07,5.0,9.0
atenolol ,1,266.341,0.452,3.0,84.58,1.0,8.0
prazosin,1,383.408,1.785,1.0,106.95,4.0,4.0
glibenclamide,1,494.013,3.642,3.0,113.6,3.0,8.0
prednisone,1,358.434,1.766,2.0,91.67,4.0,2.0
161105-56-2,1,470.657,5.307,2.0,44.73,6.0,8.0
l001588,1,444.526,3.068,3.0,91.48,4.0,6.0
mk-0969,1,444.526,3.068,3.0,91.48,4.0,6.0
s118,1,340.489,2.632,1.0,60.85,3.0,5.0
4201-26-7,1,209.68,2.02,2.0,36.42,2.0,1.0
takle-1; sb-590885,1,467.573,4.431,2.0,86.63,5.0,8.0
sulfamethoxypyridazine,1,280.309,0.868,2.0,107.2,2.0,4.0
alovudine,1,244.222,-0.537,2.0,84.32,2.0,2.0
chembl357268,1,375.428,3.948,3.0,93.45,3.0,6.0
nsc169534,1,543.525,0.001,6.0,206.07,5.0,5.0
doxorubicin,1,543.525,0.001,6.0,206.07,5.0,5.0
omeprazole,1,345.424,2.9,1.0,83.09,3.0,5.0
ly2066948,1,517.647,6.273,1.0,76.07,5.0,8.0
domperidone,1,425.92,3.353,2.0,78.82,5.0,5.0
aciclovir,1,225.208,-1.332,3.0,119.05,2.0,4.0
"tiotidine (skb10, y-g10)",1,312.428,0.328,5.0,135.0,1.0,6.0
penicillic acid,1,170.164,0.746,1.0,63.6,0.0,4.0
chembl213760,1,441.56,4.632,0.0,63.91,5.0,6.0
compound 4b [pmid: 16099654],1,321.34,2.569,1.0,81.93,4.0,3.0
compound 13,1,516.071,3.615,2.0,93.7,4.0,8.0
colchicine,1,399.443,2.872,1.0,83.09,3.0,5.0
risperidone-9-oh,1,425.504,3.686,1.0,71.5,5.0,4.0
levodopa,1,197.19,0.052,4.0,103.78,1.0,3.0
d-phenylalanine-l-proline,1,278.308,0.564,2.0,92.86,2.0,5.0
"2',3'-dideoxy-3'-hydroxymethylcytidine",1,241.247,-1.286,3.0,110.6,2.0,3.0
penicillic acid,1,170.164,0.746,1.0,63.6,0.0,4.0
irie-16c,1,468.602,3.118,2.0,120.24,4.0,7.0
"2´,3´-dideoxy-3´-hydroxymethylcytidine",1,241.247,-1.286,3.0,110.6,2.0,3.0
cyclosporine a,1,1202.635,3.269,5.0,278.8,1.0,15.0
cyclosporine a,1,1202.635,3.269,5.0,278.8,1.0,15.0
cyclosporin a,1,1202.635,3.269,5.0,278.8,1.0,15.0
cyclosporin a,1,1202.635,3.269,5.0,278.8,1.0,15.0
n-methylthiazolium-dcka,1,398.291,3.429,1.0,63.04,3.0,4.0
levodopa,1,197.19,0.052,4.0,103.78,1.0,3.0
chembl244000,1,455.554,6.575,2.0,62.16,5.0,7.0
ofloxacin,1,361.373,1.544,1.0,75.01,4.0,2.0
indinavir,1,613.803,2.867,4.0,118.03,5.0,11.0
chembl344991,1,414.531,4.514,2.0,87.34,3.0,11.0
-,1,400.504,4.373,2.0,87.34,3.0,10.0
b-057,1,369.534,4.605,2.0,44.2,3.0,10.0
,1,369.534,4.605,2.0,44.2,3.0,10.0
zidovudine,1,267.245,-0.196,2.0,133.08,2.0,3.0
roscovitine,1,354.458,3.202,3.0,87.89,3.0,8.0
zidovudine,1,268.253,-0.956,3.0,134.63,2.0,3.0
zidovudine,1,269.261,-0.971,4.0,132.56,2.0,4.0
ncistruc1_000794,1,267.245,-0.196,2.0,133.08,2.0,3.0
"alfentanil, rapifen",1,430.553,1.774,0.0,85.49,3.0,10.0
6-mercaptopurine,1,152.182,1.015,2.0,57.36,2.0,0.0
zidovudine,1,267.245,-0.196,2.0,133.08,2.0,3.0
cyclosporin a,1,1202.635,3.269,5.0,278.8,1.0,15.0
quinidine,1,323.436,4.515,1.0,42.35,5.0,4.0
"n-[3-hydroxy-5-[[3-methyl-2-[[[methyl-[(2-propan-2-yl-4-thiazolyl)methyl]amino]-oxomethyl]amino]-1-oxobutyl]amino]-1,6-diphenylhexan-2-yl]carbamic acid 5-thiazolylmethyl ester",1,720.962,5.905,4.0,145.78,4.0,17.0
levocabastine hydrochloride,1,420.528,4.894,1.0,64.33,4.0,4.0
"5-chloro-4-methyl-1,4-dihydroquinazolin-2-amine",1,195.653,2.141,2.0,50.41,2.0,0.0
2-o-methyl-paf (c),1,524.744,7.119,1.0,74.22,0.0,27.0
mitratapid,1,717.296,5.553,0.0,104.7,7.0,12.0
verapamil,1,454.611,5.093,0.0,63.95,2.0,13.0
dexverapamil,1,454.611,5.093,0.0,63.95,2.0,13.0
chembl239099,1,458.562,3.443,0.0,76.88,5.0,5.0
paliperidone,1,426.492,3.081,1.0,84.39,5.0,4.0
granisetron,1,312.417,2.318,1.0,50.16,4.0,2.0
s120,1,231.203,-0.845,2.0,78.64,2.0,2.0
chembl476130,1,426.565,2.859,3.0,111.96,4.0,7.0
7-hydroxy risperidone,1,426.492,2.561,1.0,84.39,5.0,4.0
ribavirin,1,244.207,-3.011,4.0,143.72,2.0,3.0
-,1,356.245,3.216,3.0,78.01,2.0,7.0
bbcpd12 (cimetidine derivative) (skb15),1,357.233,3.426,2.0,83.85,2.0,7.0
ribavirin,1,244.207,-3.011,4.0,143.72,2.0,3.0
y15,1,138.174,0.015,4.0,104.08,1.0,0.0
compound 31,1,357.233,2.238,1.0,80.42,2.0,7.0
b-049,1,357.233,3.426,2.0,83.85,2.0,7.0
nalidixicacid,1,232.239,1.423,1.0,72.19,2.0,2.0
112598-30-8,1,278.337,2.663,2.0,83.85,2.0,7.0
prazosin,1,382.42,2.511,0.0,80.93,4.0,4.0
y16,1,384.435,4.035,1.0,58.64,4.0,5.0
schembl5010920,1,486.412,5.223,1.0,58.64,4.0,2.0
compound 32,1,278.337,1.476,1.0,80.42,2.0,7.0
tolonidine,1,209.68,2.02,2.0,36.42,2.0,1.0
itraconazole,1,705.647,5.577,0.0,104.7,7.0,11.0
itraconazole,1,705.647,5.577,0.0,104.7,7.0,11.0
norverapamil,1,440.584,4.751,1.0,72.74,2.0,13.0
ketoconazole,1,531.44,4.206,0.0,69.06,5.0,7.0
jnj-5207787,1,511.67,4.627,0.0,70.89,5.0,7.0
,1,350.443,4.381,2.0,72.19,3.0,5.0
darifenacin,1,426.56,3.958,1.0,55.56,5.0,7.0
darifenacin,1,426.56,3.958,1.0,55.56,5.0,7.0
alovudine ,1,244.222,-0.537,2.0,84.32,2.0,2.0
s-methylisothiourea,1,90.151,0.243,2.0,49.87,0.0,0.0
beta-oxycodol,1,303.358,0.498,3.0,70.95,5.0,1.0
"(4as,7r,7ar,12bs)-9-methoxy-3-methyl-1,2,4,5,6,7,7a,13-octahydro-4,12-methanobenzofuro[3,2-e]isoquinoline-4a,7-diol",1,317.385,0.84,2.0,62.16,5.0,1.0
chembl239299,1,457.521,3.707,0.0,53.09,4.0,7.0
s 18986,1,224.285,0.905,1.0,49.41,3.0,0.0
bromocriptine,1,638.607,3.873,2.0,97.98,7.0,5.0
schembl6949469,1,300.318,1.592,1.0,92.13,3.0,2.0
s-licarbizine,1,254.289,2.493,2.0,66.56,3.0,0.0
chembl2096766,1,453.586,5.497,1.0,46.5,5.0,9.0
tacedinaline,1,269.304,2.479,3.0,84.22,2.0,3.0
tipr-dcka,1,596.562,5.742,2.0,131.27,3.0,11.0
chembl390020,1,455.554,6.575,2.0,62.16,5.0,7.0
chembl195725,1,505.637,2.403,3.0,131.19,3.0,11.0
ncgc00159461-02,1,505.637,2.403,3.0,131.19,3.0,11.0
amprenavir,1,505.637,2.403,3.0,131.19,3.0,11.0
bmsp,1,488.401,4.322,0.0,43.86,4.0,6.0
practolol,1,266.341,1.383,3.0,70.59,1.0,7.0
paclitaxel,1,853.918,3.736,4.0,221.29,7.0,10.0
pregabalin,1,159.229,1.082,2.0,63.32,0.0,5.0
zolpidem,1,309.413,2.847,1.0,35.58,3.0,3.0
515134-70-0,1,348.446,3.694,2.0,58.2,4.0,6.0
acetazolamide,1,222.251,-0.856,2.0,115.04,1.0,2.0
4-epiminocycline,1,457.483,0.03,5.0,164.63,4.0,3.0
minocycline,1,457.483,0.03,5.0,164.63,4.0,3.0
eletriptan,1,382.529,3.821,1.0,53.17,4.0,6.0
tg4-155,1,394.471,3.805,1.0,61.72,3.0,8.0
sb-357134,1,523.222,3.57,2.0,70.67,3.0,5.0
bis(chloroethyl)nitrosourea (carmustine) (bcnu),1,214.052,1.157,1.0,61.77,0.0,5.0
besonprodil,1,402.491,3.323,1.0,72.3,4.0,6.0
chembl2111136,1,308.381,3.676,1.0,47.16,3.0,5.0
schembl8717354,1,414.549,4.085,1.0,43.78,4.0,7.0
faha,1,266.316,2.271,2.0,58.2,1.0,8.0
50-78-2,1,180.159,1.31,1.0,63.6,1.0,2.0
phenylbutazone,1,308.381,3.788,0.0,40.62,3.0,5.0
gefitinib,1,446.91,4.276,1.0,68.74,4.0,8.0
epicorticosterone,1,346.467,2.667,2.0,74.6,4.0,2.0
melphalan,1,305.205,1.925,2.0,66.56,1.0,8.0
isotretinoin (13-cis-retinoic acid),1,300.442,5.603,1.0,37.3,1.0,5.0
11-cis retinoic acid,1,300.442,5.603,1.0,37.3,1.0,5.0
tretinoin,1,300.442,5.603,1.0,37.3,1.0,5.0
zolpidem,1,307.397,3.249,0.0,37.61,3.0,3.0
stavudine,1,224.216,-0.709,2.0,84.32,2.0,2.0
phenothiazine,1,300.427,3.257,0.0,29.54,3.0,4.0
chembl385336,1,350.447,3.624,0.0,51.02,4.0,3.0
temozolomide,1,194.154,-2.078,1.0,108.17,2.0,1.0
chembl148058,1,408.47,2.545,1.0,80.47,3.0,6.0
skb30 (npropylacetamide33npiperidinylmethylphenoxy),1,290.407,2.578,1.0,41.57,2.0,7.0
y30,1,578.452,5.613,3.0,111.5,6.0,7.0
naratriptan,1,335.473,2.069,2.0,65.2,3.0,5.0
chembl239975,1,439.531,3.57,0.0,53.09,4.0,7.0
flesinoxan,1,415.465,1.51,2.0,74.27,4.0,6.0
flesinoxan,1,415.465,1.51,2.0,74.27,4.0,6.0
salicyluric acid (salicylurate),1,195.174,0.207,3.0,86.63,1.0,3.0
-,1,276.38,2.551,2.0,52.57,2.0,7.0
skf 89124,1,276.38,2.551,2.0,52.57,2.0,7.0
besp,1,502.428,4.712,0.0,43.86,4.0,7.0
fleroxacin,1,369.343,1.699,1.0,65.78,3.0,4.0
cycloleucine,1,129.159,0.342,2.0,63.32,1.0,1.0
dibudipine,1,430.501,4.513,1.0,107.77,2.0,4.0
topotecan,1,421.453,1.847,2.0,104.89,5.0,3.0
topotecan,1,441.509,3.499,2.0,104.89,5.0,3.0
pfizer compound 14,1,429.586,2.989,2.0,70.67,4.0,6.0
mgs0028,1,217.152,-1.22,3.0,117.69,2.0,2.0
sumatriptan,1,295.408,1.321,2.0,65.2,2.0,6.0
carteolol,1,292.379,1.699,3.0,70.59,2.0,5.0
acrylonitrile,1,53.064,0.696,0.0,23.79,0.0,0.0
pf-4447943,1,395.467,1.497,1.0,101.82,5.0,4.0
probenecid,1,285.365,2.196,1.0,74.68,1.0,7.0
mesoridazine,1,386.586,4.901,0.0,29.54,4.0,4.0
compound 3a [pmid: 16099654],1,307.309,3.254,1.0,77.25,4.0,2.0
"tramiprosate, alzhemed",1,139.176,-0.777,2.0,80.39,0.0,3.0
chembl1190347,1,467.997,4.225,0.0,53.09,5.0,5.0
compound 6h,1,454.531,2.895,4.0,136.03,4.0,10.0
sb 649915,1,431.536,4.208,1.0,63.69,5.0,6.0
alpha-(4-pyridyl-1-oxide)-n-tert-butylnitrone,1,194.234,1.048,0.0,53.01,1.0,1.0
"alpha-(4-pyridyl-1-oxide)-n-tert-
butylnitrone",1,194.234,1.048,0.0,53.01,1.0,1.0
alpha-(4-pyridyl-1-oxide)-n-tert-butylnitrone,1,194.234,2.288,0.0,46.38,1.0,1.0
nolpitantium,1,620.685,8.226,0.0,29.54,7.0,9.0
escitalopram,1,324.399,3.813,0.0,36.26,3.0,5.0
chembl243571,1,546.689,6.12,1.0,79.31,5.0,9.0
pfizer compound 18,1,500.69,4.449,2.0,83.56,4.0,8.0
liv-20a,1,326.4,2.937,1.0,67.35,3.0,5.0
mesoridazine,1,318.486,3.431,0.0,23.55,3.0,4.0
"[(2r,9s)-2-carbamoyl-9-tricyclo[9.4.0.03,8]pentadeca-1(15),3,5,7,11,13-hexaenyl] acetate",1,295.338,2.464,1.0,69.39,3.0,2.0
schembl11119364,1,266.344,4.124,1.0,46.33,3.0,0.0
"carbamazepine, 9,10-epoxide",1,251.285,2.43,1.0,55.62,4.0,1.0
cbz-epo,1,250.301,3.488,1.0,46.33,4.0,0.0
,1,251.285,2.43,1.0,55.62,4.0,1.0
cotinine,1,176.219,1.375,0.0,33.2,2.0,1.0
risperidone,1,409.505,4.195,0.0,51.27,5.0,4.0
schembl8639797,1,344.374,2.814,0.0,69.26,4.0,4.0
acetaminophen (p-acetamidophenol),1,151.165,1.351,2.0,49.33,1.0,1.0
betahistine (y-g 14),1,136.198,0.843,1.0,24.92,1.0,3.0
theophylline,1,180.167,-1.04,1.0,72.68,2.0,0.0
b-096,1,252.273,3.029,1.0,58.86,4.0,0.0
dichloromethane,1,84.933,1.421,0.0,0.0,0.0,0.0
morphine,1,285.343,1.198,2.0,52.93,5.0,0.0
16a-fluoroestradiol,1,290.378,3.557,2.0,40.46,4.0,0.0
cyclobarbital,1,236.271,1.249,2.0,75.27,2.0,2.0
fg-8205,1,357.801,3.285,0.0,77.05,4.0,2.0
16alpha-fluoroestradiol,1,290.378,3.557,2.0,40.46,4.0,0.0
paclitaxel,1,853.918,3.736,4.0,221.29,7.0,10.0
,1,343.774,2.943,1.0,85.84,4.0,2.0
dpdpe,1,645.804,1.112,7.0,199.95,3.0,7.0
dpdpe,1,645.804,1.112,7.0,199.95,3.0,7.0
theobromine,1,179.179,-0.107,1.0,67.22,2.0,0.0
ethosuximide,1,141.17,0.449,1.0,46.17,1.0,1.0
78755-81-4,1,303.293,1.774,0.0,64.43,3.0,2.0
59468-85-8,1,341.773,3.815,1.0,50.41,4.0,1.0
"theobromine (3,7-dimethylxanthine)",1,180.167,-1.04,1.0,72.68,2.0,0.0
schembl5869149,1,356.36,4.222,1.0,78.14,4.0,2.0
ns 1738,1,365.138,5.362,3.0,61.36,2.0,2.0
7439-93-2,1,6.941,-0.381,0.0,0.0,0.0,0.0
loratadine,1,382.891,4.888,0.0,42.43,4.0,1.0
camptothecin,1,348.358,2.08,1.0,81.42,5.0,1.0
camptothecin,1,368.414,3.732,1.0,81.42,5.0,1.0
theophylline,1,180.167,-0.681,0.0,65.34,2.0,0.0
"1,3-dimethyl-5,7-dihydro-4h-purine-2,6-dione",1,182.183,-1.164,1.0,65.01,2.0,0.0
ketoconazole,1,531.44,4.206,0.0,69.06,5.0,7.0
sotalol,1,272.37,1.09,3.0,78.43,1.0,6.0
"1,1-dichloroethane (ethylidene chloride)",1,98.96,1.81,0.0,0.0,0.0,0.0
compound 38,1,337.383,2.793,1.0,83.66,3.0,6.0
bbcpd19 (ranitidine analog),1,339.399,2.31,2.0,83.33,3.0,6.0
112598-49-9,1,337.383,3.79,2.0,87.09,3.0,6.0
65936-23-4,1,268.158,2.437,2.0,36.42,2.0,1.0
unii-13w6wjx09r,1,122.168,0.583,2.0,49.87,0.0,2.0
chembl358151,1,326.356,3.988,2.0,87.34,3.0,6.0
compound 37,1,326.356,2.991,1.0,83.91,3.0,6.0
bbcpd18 (ranitidine analog),1,312.329,3.993,2.0,87.34,3.0,5.0
107447-22-3,1,182.223,-0.066,2.0,58.2,2.0,0.0
alaptide,1,182.223,-0.066,2.0,58.2,2.0,0.0
i-1,1,523.44,4.086,0.0,43.86,4.0,6.0
loperamide,1,491.075,5.478,1.0,43.78,4.0,8.0
"8-[4-(5-(123i)iodanylthiophen-2-yl)-4-oxobutyl]-3-methyl-1-phenyl-1,3,8-triazaspiro[4.5]decan-4-one",1,523.44,4.086,0.0,43.86,4.0,6.0
99632-94-7,1,319.386,2.475,0.0,64.43,3.0,1.0
chembl478224,1,468.646,4.168,3.0,111.96,4.0,6.0
benzamide,1,121.139,0.786,1.0,43.09,1.0,1.0
bbcpd21,1,352.478,3.871,1.0,41.57,3.0,8.0
1-(3-fluoropropyl)-2-nitroimidazole (fpn),1,173.147,1.151,0.0,60.96,1.0,4.0
propargyl alcohol,1,56.064,-0.388,1.0,20.23,0.0,0.0
alprenolol,1,249.354,2.153,2.0,41.49,1.0,8.0
222722-65-8,1,360.417,2.996,1.0,72.42,4.0,4.0
allobarbital,1,208.217,0.491,2.0,75.27,1.0,4.0
schembl5488979,1,391.346,5.412,0.0,32.26,4.0,6.0
ticalopride,1,313.785,1.037,3.0,85.61,2.0,4.0
ticalopride,1,313.785,1.037,3.0,85.61,2.0,4.0
pfizer compound 16,1,379.504,3.405,2.0,53.6,4.0,6.0
cortisol,1,362.466,1.782,3.0,94.83,4.0,2.0
cortisol,1,362.466,1.782,3.0,94.83,4.0,2.0
schembl4036207,1,407.909,3.781,2.0,70.38,5.0,3.0
abacavir,1,286.339,1.092,3.0,101.88,4.0,4.0
abacavir,1,286.339,1.092,3.0,101.88,4.0,4.0
fluconazole,1,306.276,0.736,1.0,81.65,3.0,5.0
quinidine,1,324.424,3.173,1.0,45.59,5.0,4.0
glycerol,1,92.094,-1.668,3.0,60.69,0.0,2.0
valproate,1,144.214,2.287,1.0,37.3,0.0,5.0
morphine,1,285.343,1.198,2.0,52.93,5.0,0.0
quinidine (quinine),1,324.424,3.173,1.0,45.59,5.0,4.0
5-methyl-5-ethyl barbituric acid (nsc 30403),1,170.168,-0.231,2.0,75.27,1.0,1.0
l-838417,1,399.405,3.075,0.0,83.02,4.0,4.0
trazodone,1,371.872,2.362,0.0,45.78,4.0,5.0
ibuprofen ,1,206.285,3.073,1.0,37.3,1.0,4.0
ethanol,1,46.069,-0.001,1.0,20.23,0.0,0.0
tz-3,1,387.719,5.863,0.0,27.05,3.0,6.0
tz-3,1,197.188,1.145,2.0,36.42,2.0,1.0
phenelzine,1,136.198,0.692,2.0,38.05,1.0,3.0
indole-based mchr1 antagonist(7a),1,454.574,4.892,1.0,59.39,5.0,9.0
liv-21,1,326.4,2.937,1.0,67.35,3.0,5.0
thioperamide,1,292.452,2.796,2.0,43.95,3.0,2.0
gabapentin,1,171.24,1.37,2.0,63.32,1.0,3.0
chembl3527030,1,206.245,0.392,2.0,72.19,1.0,4.0
felbamate,1,238.243,0.961,2.0,104.64,1.0,5.0
(r)-(-)-ibuprofen,1,206.285,3.073,1.0,37.3,1.0,4.0
y19,1,332.313,-3.806,7.0,180.58,1.0,7.0
carisoprodol,1,232.28,1.244,2.0,90.65,0.0,6.0
prednisolone,1,360.45,1.558,3.0,94.83,4.0,2.0
prednisolone,1,360.45,1.558,3.0,94.83,4.0,2.0
"1,3-butadiene (divinyl)",1,54.092,1.358,0.0,0.0,0.0,1.0
pac-1,1,392.503,2.389,2.0,68.17,3.0,8.0
2-methylpropan-1-ol,1,74.123,0.635,1.0,20.23,0.0,1.0
dl-alanine,1,89.094,-0.582,2.0,63.32,0.0,1.0
201038-74-6,1,352.5,2.667,1.0,60.85,3.0,5.0
2-oxo-4-[3-(trifluoromethoxy)anilino]-6-methyl-3-cyclohexene-1-carboxylic acid methyl ester,1,343.301,3.279,1.0,64.63,2.0,4.0
"methyl (1s,6r)-6-methyl-2-oxo-4-[3-(trifluoromethoxy)anilino]cyclohex-3-ene-1-carboxylate",1,343.301,3.279,1.0,64.63,2.0,4.0
pralidoxime,1,137.162,0.319,1.0,36.47,1.0,1.0
1-(8-fluorooctyl)-2-nitroimidazole (fon),1,243.282,3.101,0.0,60.96,1.0,9.0
propan-1-ol,1,60.096,0.389,1.0,20.23,0.0,1.0
pefloxacin,1,333.363,1.611,1.0,65.78,3.0,3.0
vorozole,1,324.775,2.851,0.0,61.42,4.0,3.0
vorozole,1,324.775,2.851,0.0,61.42,4.0,3.0
epinastine,1,249.317,2.467,1.0,41.62,4.0,0.0
7439-90-9,1,83.8,0.0,0.0,0.0,0.0,0.0
dexamethasone,1,392.467,1.896,3.0,94.83,4.0,2.0
meprobamate,1,218.253,0.983,2.0,104.64,0.0,6.0
propan-2-one (acetone),1,58.08,0.595,0.0,17.07,0.0,0.0
"minokine, mw01-2-069srm",1,395.47,3.322,0.0,70.93,5.0,4.0
acebutolol,1,336.432,2.365,3.0,87.66,1.0,10.0
145741-95-3,1,374.506,2.682,2.0,67.43,3.0,6.0
daidzein ok,1,254.241,2.871,2.0,70.67,3.0,1.0
urea,1,60.056,-0.976,2.0,69.11,0.0,0.0
sr-4688,1,152.218,2.35,0.0,17.07,1.0,2.0
u 88703,1,220.32,1.311,2.0,40.19,2.0,3.0
barbital,1,184.195,0.159,2.0,75.27,1.0,2.0
fluoroethylflumazenil f-18,1,335.31,2.113,0.0,64.43,3.0,4.0
"1,2-dichloroethane",1,98.96,1.464,0.0,0.0,0.0,1.0
,1,301.758,3.736,1.0,65.25,3.0,1.0
mchr antagonist 8,1,410.901,4.458,1.0,54.71,5.0,4.0
methyl acetate,1,74.079,0.179,0.0,26.3,0.0,0.0
chembl1950330,1,391.559,4.468,0.0,28.48,5.0,5.0
,1,290.451,3.439,1.0,24.5,2.0,8.0
"cis-1,2-dichloroethylene",1,96.944,1.935,0.0,0.0,0.0,0.0
phenobarbital,1,232.239,0.7,2.0,75.27,2.0,2.0
bisphenol a,1,228.291,3.424,2.0,40.46,2.0,2.0
"9h-xanthene-9-carboxamide, n-[2-(1-methylethyl)-2h-tetrazol-5-yl]-",1,335.367,3.13,1.0,81.93,4.0,3.0
y17,1,311.385,1.796,1.0,54.34,4.0,3.0
chebi: 337303,1,368.462,4.254,2.0,83.85,3.0,9.0
,1,428.58,4.714,2.0,61.6,4.0,6.0
vinblastine,1,810.989,3.991,3.0,154.1,9.0,7.0
phenytoin,1,252.273,1.77,2.0,58.2,3.0,2.0
thiopental (thiopentone),1,242.344,1.35,2.0,58.2,1.0,4.0
antipyrine ok,1,188.23,1.484,0.0,26.93,2.0,1.0
2-propanol (isopropanol),1,60.096,0.387,1.0,20.23,0.0,0.0
2-butanone,1,72.107,0.985,0.0,17.07,0.0,1.0
pindolol,1,248.326,1.906,3.0,57.28,2.0,6.0
carbamazepine,1,236.274,3.387,1.0,46.33,3.0,0.0
151-83-7,1,262.309,1.307,1.0,66.48,1.0,3.0
progesterone,1,314.469,4.724,0.0,34.14,4.0,1.0
-,1,321.283,2.069,0.0,64.43,3.0,2.0
kcl-440,1,294.354,2.962,2.0,56.33,3.0,3.0
prucalopride,1,367.877,2.088,2.0,76.82,3.0,6.0
"rofecoxib, vioxx",1,314.362,2.558,0.0,60.44,3.0,3.0
iodoantipyrine,1,314.126,2.089,0.0,26.93,2.0,1.0
schembl7481790,1,302.341,2.744,1.0,81.99,4.0,2.0
"2,3,5,6-tetramethylpyrazine",1,136.198,1.71,0.0,25.78,1.0,0.0
vinyltrichloride,1,133.405,2.029,0.0,0.0,0.0,1.0
58-08-2,1,194.194,-1.029,0.0,61.82,2.0,0.0
sb 656104a,1,488.053,4.908,1.0,65.64,5.0,7.0
59468-90-5,1,341.773,3.508,1.0,50.41,4.0,2.0
84379-13-5,1,418.291,3.881,0.0,64.43,4.0,1.0
bretazenil,1,418.291,3.881,0.0,64.43,4.0,1.0
bretazenil,1,418.291,3.881,0.0,64.43,4.0,1.0
17-(dimethylaminoethylamino)-17-demethoxygeldamycin,1,616.756,1.913,4.0,169.52,2.0,7.0
17-(dimethylaminoethylamino)-17-demethoxygeldamycin,1,616.756,1.913,4.0,169.52,2.0,7.0
s121,1,327.452,1.861,1.0,46.92,4.0,3.0
s118,1,338.473,2.277,1.0,60.85,3.0,5.0
topiramate,1,339.366,-0.395,1.0,115.54,3.0,3.0
1-hydroxymidazolam,1,343.789,3.247,2.0,47.86,4.0,1.0
primidone,1,218.256,0.538,2.0,58.2,2.0,2.0
lovastatin,1,404.547,4.196,1.0,72.83,3.0,6.0
vinblastine,1,810.989,3.991,3.0,154.1,9.0,7.0
tetrahydropalmatine,1,355.434,3.377,0.0,40.16,4.0,4.0
(+)-tetrahydropalmatine,1,355.434,3.377,0.0,40.16,4.0,4.0
propene,1,42.081,1.192,0.0,0.0,0.0,0.0
5-allyl-1-methyl-5-(1-methylpentyl)barbituric acid,1,266.341,2.083,1.0,66.48,1.0,6.0
l-hyoscyamine,1,289.375,1.931,1.0,49.77,3.0,4.0
atropine,1,289.375,1.931,1.0,49.77,3.0,4.0
pf-2545920,1,392.462,5.276,0.0,52.83,5.0,5.0
"1,3,7-trimethylxanthine, tms",1,196.21,-0.821,0.0,56.22,2.0,0.0
ethenzamide,1,165.192,1.184,1.0,52.32,1.0,3.0
56924-65-3,1,206.22,1.624,0.0,26.93,2.0,1.0
4-fluoroantipyrine,1,206.22,1.624,0.0,26.93,2.0,1.0
bromocytisine,1,269.142,1.317,1.0,34.03,3.0,0.0
3-bromocytisine,1,269.142,1.276,1.0,34.03,3.0,0.0
3-bromocytisine,1,269.142,1.276,1.0,34.03,3.0,0.0
compound-4h,1,455.002,5.29,2.0,68.18,3.0,10.0
,1,331.419,3.908,3.0,67.15,3.0,5.0
compound-10,1,458.606,4.121,1.0,74.31,5.0,5.0
chembl534947,1,427.552,5.231,1.0,54.69,5.0,7.0
thalidomide,1,258.233,0.088,1.0,83.55,3.0,1.0
s122,1,269.261,-1.018,3.0,128.95,2.0,3.0
levetiracetam,1,170.212,-0.127,1.0,63.4,1.0,3.0
sb-656104-a,1,488.053,4.908,1.0,65.64,5.0,7.0
ici 17148,1,156.214,0.356,2.0,77.29,1.0,1.0
"b-038, ici17148",1,156.214,0.356,2.0,77.29,1.0,1.0
zaltidine,1,222.277,0.747,3.0,105.97,2.0,2.0
water,1,18.015,-0.825,0.0,31.5,0.0,0.0
sesamol,1,138.122,1.121,1.0,38.69,2.0,0.0
pentylenetetrazole (metrazole),1,138.174,0.399,0.0,43.6,2.0,0.0
,1,454.618,5.248,2.0,61.6,5.0,5.0
zinc13282290,1,341.773,3.815,1.0,50.41,4.0,1.0
compound-5d,1,381.907,4.389,1.0,48.99,4.0,5.0
1-butanol,1,74.123,0.779,1.0,20.23,0.0,2.0
"1-chloro-2,2-difluoroethylene",1,98.479,1.963,0.0,0.0,0.0,0.0
chembl218017,1,325.412,3.542,1.0,54.46,3.0,5.0
bbcpd22 (ranitidine analog) skb34 (propanol33npiperidinylmethylp henoxy),1,249.354,2.434,1.0,32.7,2.0,6.0
sns-032,1,380.539,3.659,2.0,80.05,3.0,5.0
414910-27-3,1,616.622,6.654,0.0,47.1,4.0,4.0
simvastatin,1,418.574,4.586,1.0,72.83,3.0,6.0
2-pentanone,1,86.134,1.375,0.0,17.07,0.0,2.0
bpsp,1,516.455,5.102,0.0,43.86,4.0,8.0
chembl136942,1,423.532,3.949,0.0,43.86,4.0,7.0
atevirdine,1,379.464,2.966,2.0,73.49,4.0,5.0
fluoromisonidazole,1,189.146,0.122,1.0,81.19,1.0,4.0
"misonidazole,fluoro",1,219.172,0.096,1.0,90.42,1.0,6.0
alniditan dihydrochloride,1,302.422,1.299,3.0,57.68,3.0,6.0
risperidone,1,410.493,3.59,0.0,64.16,5.0,4.0
phenyl-n-tert-butylnitrone,1,177.247,2.414,0.0,26.07,1.0,1.0
alprazolam,1,308.772,3.58,0.0,43.07,4.0,1.0
diethylether (ether),1,74.123,1.043,0.0,9.23,0.0,2.0
methane,1,16.043,0.636,0.0,0.0,0.0,0.0
198968-25-1,1,264.328,4.071,1.0,52.05,3.0,4.0
dm5,1,497.5,1.02,5.0,176.61,5.0,3.0
leucine,1,131.175,0.444,2.0,63.32,0.0,3.0
testosterone,1,288.431,3.879,1.0,37.3,4.0,0.0
dronabinol,1,314.469,5.736,1.0,29.46,3.0,4.0
ethyl acetate,1,88.106,0.569,0.0,26.3,0.0,1.0
dl-morphan,1,257.377,3.08,1.0,23.47,4.0,0.0
levorphanol,1,257.377,3.08,1.0,23.47,4.0,0.0
dm5,1,293.75,3.034,1.0,55.4,2.0,3.0
aminophenazone,1,231.299,1.55,0.0,30.17,2.0,2.0
129618-40-2,1,266.304,2.651,1.0,58.12,4.0,1.0
,1,293.286,2.164,1.0,110.85,3.0,4.0
schembl6949318,1,310.357,0.712,1.0,82.15,3.0,3.0
"1,3-diphenylguanidine",1,211.268,2.745,2.0,50.41,2.0,2.0
citenamide,1,235.286,2.788,1.0,43.09,3.0,1.0
dipyridamole,1,504.636,-0.018,4.0,145.44,4.0,12.0
oxirane,1,44.053,0.017,0.0,12.53,1.0,0.0
compound d,1,505.588,6.808,2.0,54.77,5.0,6.0
"5-ethyl-5-heptyl-1,3-
diazinane-2,4,6-trione",1,254.33,2.109,2.0,75.27,1.0,7.0
oxprenolol,1,265.353,1.989,2.0,50.72,1.0,9.0
methanol,1,32.042,-0.392,1.0,20.23,0.0,0.0
dextromethorphan,1,271.404,3.383,0.0,12.47,4.0,1.0
nsc382927,1,535.603,6.468,1.0,78.84,7.0,7.0
nitrogen,1,28.014,0.03,0.0,47.58,0.0,0.0
argon,1,39.948,0.0,0.0,0.0,0.0,0.0
nitrous oxide,1,44.013,-0.158,0.0,53.47,0.0,0.0
1-butyl-3-phenylthiourea,1,208.33,2.773,2.0,24.06,1.0,4.0
"nitrous oxide, 99%",1,45.021,0.229,1.0,48.38,0.0,0.0
nitrogen,1,32.046,-1.181,2.0,52.04,0.0,0.0
7440-63-3,1,131.29,0.0,0.0,0.0,0.0,0.0
3-methyl-1-butanol (isopentanol),1,88.15,1.025,1.0,20.23,0.0,2.0
2-methyl-1-butanol,1,88.15,1.025,1.0,20.23,0.0,2.0
hepp (beta-ethyl-beta-hydroxybenzenepropanamide) (3-hydroxy-3-phenylpentamide),1,193.246,1.16,2.0,63.32,1.0,4.0
amobarbital,1,226.276,1.185,2.0,75.27,1.0,4.0
"trans-1,2-dichloroethylene",1,96.944,1.935,0.0,0.0,0.0,0.0
"5-ethyl-5-isopentyl-5,6-dihydropyrimidine-2,4(1h,3h)-dione",1,212.293,1.658,2.0,58.2,1.0,4.0
schembl6946348,1,328.372,2.085,0.0,81.27,3.0,3.0
phenyl-n-tert-butylnitrone (cid 10313352),1,177.247,2.414,0.0,26.07,1.0,1.0
phenyl-n-tert-butylnitrone,1,177.247,2.414,0.0,26.07,1.0,1.0
procaine,1,236.315,1.767,1.0,55.56,1.0,6.0
4-boronophenylalanine,1,209.01,-1.679,4.0,103.78,1.0,4.0
compound 32,1,385.471,3.492,0.0,55.43,5.0,3.0
paraxanthine,1,182.183,-1.162,1.0,65.01,2.0,0.0
paraxanthine,1,182.183,-1.164,1.0,65.01,2.0,0.0
amylene-hydrate (tertiary-amyl alcohol),1,88.15,1.167,1.0,20.23,0.0,1.0
195055-03-9,1,380.54,4.409,0.0,49.56,3.0,7.0
vinblastine,1,810.989,3.991,3.0,154.1,9.0,7.0
p-bromospiperone,1,474.374,3.98,1.0,52.65,4.0,6.0
irie-16a,1,468.646,3.979,2.0,103.17,4.0,8.0
"1,3a,8-trimethyl-1,2,3,3a,8,8a-hexahydropyrrolo[2,3-b]indol-5-yl methylcarbamate",1,275.352,1.774,1.0,44.81,3.0,1.0
terbinafine,1,291.438,4.877,0.0,3.24,2.0,4.0
cube-8,1,458.551,5.275,2.0,102.29,2.0,15.0
chembl1243269,1,275.352,1.774,1.0,44.81,3.0,1.0
nimodipine,1,418.446,2.971,1.0,117.0,2.0,8.0
"1,1,1-trichloro-2-fluoroethane",1,151.395,2.326,0.0,0.0,0.0,0.0
"5-propyl-5-ethyl barbituric acid (5-ethyl-5-propyl-1,3-diazinane-2,4,6-trione)",1,198.222,0.549,2.0,75.27,1.0,3.0
5-ethyl-5-pentylbarbituric acid,1,226.276,1.329,2.0,75.27,1.0,5.0
1-(4-amino-5-chloro-2-methoxyphenyl)-4-(diethylamino)butan-1-one,1,298.814,3.236,1.0,55.56,1.0,8.0
mppf,1,434.515,3.698,0.0,48.91,4.0,7.0
7461-08-7,1,296.322,3.099,1.0,63.6,3.0,3.0
56-29-1,1,236.271,1.201,1.0,66.48,2.0,1.0
cyclopropane (trimethylene),1,42.081,1.17,0.0,0.0,1.0,0.0
divinylether,1,70.091,1.29,0.0,9.23,0.0,2.0
pentobarbital,1,226.276,1.185,2.0,75.27,1.0,4.0
1622-62-4,1,313.288,2.548,0.0,75.81,3.0,2.0
paraxanthine,1,180.167,-1.04,1.0,72.68,2.0,0.0
eserine,1,275.352,1.774,1.0,44.81,3.0,1.0
"2,5-dihydroxybenzoic acid",1,154.121,0.796,3.0,77.76,1.0,1.0
terbinafine,1,291.438,4.877,0.0,3.24,2.0,4.0
quinidine (quinine),1,323.436,4.515,1.0,42.35,5.0,4.0
fluoromar,1,126.077,1.709,0.0,9.23,0.0,2.0
schembl15974503,1,222.288,1.675,1.0,49.41,2.0,1.0
naproxen,1,230.263,3.037,1.0,46.53,2.0,3.0
2pnc,1,230.098,2.364,2.0,36.42,2.0,1.0
zolantidine; 41,1,381.545,5.163,1.0,37.39,4.0,8.0
tert-butylalcohol,1,74.123,0.777,1.0,20.23,0.0,0.0
dehydroevodiamine,1,301.349,1.636,0.0,35.91,5.0,0.0
pfizer compound 20,1,390.531,4.081,2.0,51.11,4.0,6.0
oxycodone,1,315.369,1.048,1.0,59.0,5.0,1.0
dehydroevodiamine,1,304.373,2.48,1.0,37.91,5.0,0.0
chembl246597,1,445.563,4.232,0.0,54.9,5.0,6.0
184886-95-1,1,230.098,2.363,2.0,36.42,2.0,2.0
"(2r)-n-(2,6-dichlorophenyl)-2,5-dihydro-1h-imidazol-2-amine",1,230.098,2.363,2.0,36.42,2.0,2.0
desflurane (suprane),1,168.036,2.083,0.0,9.23,0.0,2.0
"2-(5,6-dichloroindazol-1-yl)ethanamine",1,230.098,2.302,1.0,43.84,2.0,2.0
propyl acetate ,1,102.133,0.96,0.0,26.3,0.0,2.0
3891-33-6,1,142.198,2.087,0.0,18.46,0.0,7.0
(r)-pentobarbital,1,226.276,1.185,2.0,75.27,1.0,4.0
s111,1,106.071,1.884,0.0,9.23,0.0,2.0
,1,106.071,1.884,0.0,9.23,0.0,2.0
fluorovinyl ether,1,106.071,1.884,0.0,9.23,0.0,2.0
chembl219060,1,325.412,3.542,1.0,54.46,3.0,5.0
mchr antagonist 2',1,394.902,5.036,1.0,45.48,4.0,5.0
declopramide,1,269.776,1.994,2.0,58.36,1.0,6.0
compound-10b,1,474.992,5.444,2.0,68.18,4.0,9.0
cyanidin 3-o-glucoside,1,450.396,-0.195,8.0,189.53,4.0,4.0
cyanidin 3-o-glucoside,1,449.388,0.382,8.0,191.6,4.0,4.0
"2,4-dichlorophenoxyacetic acid",1,221.039,2.457,1.0,46.53,1.0,3.0
lactic acid,1,90.078,-0.548,2.0,57.53,0.0,1.0
"1,2,4-trimethylbenzene",1,120.195,2.612,0.0,0.0,1.0,0.0
st 363,1,230.098,2.364,2.0,36.42,2.0,1.0
7-k08,1,404.864,3.278,0.0,39.68,3.0,6.0
org13011,1,370.419,2.625,0.0,39.68,3.0,6.0
tert-amylmethylether,1,102.177,1.821,0.0,9.23,0.0,2.0
4-chlorobenzotrifluoride,1,180.556,3.359,0.0,0.0,1.0,0.0
chembl243999,1,464.565,6.741,1.0,65.72,5.0,7.0
minozac free base,1,332.411,2.569,0.0,58.04,4.0,3.0
gw406381,1,393.468,3.866,0.0,73.56,4.0,5.0
norgalanthamine,1,273.332,1.508,2.0,50.72,4.0,1.0
repinotan,1,386.473,2.552,1.0,75.71,4.0,6.0
5-butyl-5-ethyl barbituric acid (butethal),1,212.249,0.939,2.0,75.27,1.0,4.0
4-fluoropaclitaxel,1,871.908,3.875,4.0,221.29,7.0,10.0
4-fluoropaclitaxel,1,871.908,3.875,4.0,221.29,7.0,10.0
2-(3'-iodo-4'-aminophenyl)-6-hydroxybenzothiazole,1,368.199,3.856,2.0,59.14,3.0,1.0
ropinirole (skf101468),1,260.381,2.846,1.0,32.34,2.0,7.0
thioridazine,1,370.587,5.886,0.0,6.48,4.0,4.0
methoxyflurane,1,164.966,2.029,0.0,9.23,0.0,2.0
sulforidazine,1,402.585,4.567,0.0,40.62,4.0,4.0
ethylbenzene,1,106.168,2.249,0.0,0.0,1.0,1.0
secobarbital,1,238.287,1.351,2.0,75.27,1.0,5.0
secobarbital,1,238.287,1.351,2.0,75.27,1.0,5.0
sufentanil,1,386.561,4.215,0.0,32.78,3.0,8.0
1-pentanol,1,88.15,1.169,1.0,20.23,0.0,3.0
chembl142158,1,310.825,4.274,1.0,29.26,2.0,4.0
chembl190860,1,276.38,3.621,1.0,29.26,2.0,4.0
schembl4414781,1,390.415,2.629,0.0,90.5,3.0,6.0
schembl10031243,1,273.332,1.676,1.0,41.93,4.0,1.0
"ptk-787, vatalanib",1,346.821,5.013,1.0,50.7,4.0,4.0
(r)-enflurane,1,184.491,2.353,0.0,9.23,0.0,3.0
7440-01-9,1,20.18,0.0,0.0,0.0,0.0,0.0
m-xylene,1,106.168,2.303,0.0,0.0,1.0,0.0
ethyl t-butyl ether,1,102.177,1.821,0.0,9.23,0.0,1.0
talsupram,1,311.494,4.912,1.0,12.03,3.0,5.0
dextromethorphan,1,271.404,3.383,0.0,12.47,4.0,1.0
"b-066, skb-42",1,365.477,4.695,1.0,50.53,4.0,8.0
scopolamine,1,303.358,0.918,1.0,62.3,4.0,4.0
scopolamide (scopolamine),1,303.358,0.918,1.0,62.3,4.0,4.0
scopolamine,1,303.358,0.918,1.0,62.3,4.0,4.0
5d,1,448.441,4.516,1.0,61.72,3.0,8.0
compound 14b,1,427.552,5.231,1.0,54.69,5.0,7.0
pyrene,1,202.256,4.584,0.0,0.0,4.0,0.0
enflurane,1,184.491,2.353,0.0,9.23,0.0,3.0
nicotine,1,162.236,1.848,0.0,16.13,2.0,1.0
5-octyl-5-ethyl barbituric acid,1,268.357,2.499,2.0,75.27,1.0,8.0
"gr 205171, vofopitant",1,432.45,3.273,2.0,76.89,4.0,6.0
10-{2-[(2r)-1-methylpiperidin-2-yl]ethyl}-2-(methylsulfanyl)-10h-phenothiazine,1,370.587,5.886,0.0,6.48,4.0,4.0
chembl368590,1,260.381,2.846,1.0,32.34,2.0,7.0
ropinirole hydrochloride,1,246.358,1.648,1.0,55.04,3.0,2.0
spiperone,1,395.478,3.217,1.0,52.65,4.0,6.0
"(+)-4-propyl- 3,4,4a,5,6,10b-hexahydro- 2h-naphtho[1,2-b][1,4]oxazin-9-ol",1,247.338,2.49,1.0,32.7,3.0,2.0
teflurane,1,180.926,2.239,0.0,0.0,0.0,0.0
1-bromopropane (n- propylbromide),1,122.993,1.791,0.0,0.0,0.0,1.0
nsc 350386,1,324.384,2.704,2.0,89.6,3.0,4.0
ethyl 4-aminobenzoate (benzocaine),1,165.192,1.446,1.0,52.32,1.0,2.0
lin_train_55,1,194.953,2.629,0.0,0.0,0.0,1.0
zinc40135788,1,180.926,2.239,0.0,0.0,0.0,0.0
toliprolol,1,223.316,1.733,2.0,41.49,1.0,6.0
butyl acetate,1,116.16,1.35,0.0,26.3,0.0,3.0
r82913,1,321.877,4.523,1.0,23.96,3.0,2.0
r-82913,1,321.877,4.523,1.0,23.96,3.0,2.0
ondansetron,1,292.382,4.062,0.0,34.36,4.0,2.0
ondansetron,1,293.37,3.129,0.0,39.82,4.0,2.0
loreclezole,1,274.538,3.779,0.0,30.71,2.0,2.0
trichloroethene,1,131.389,2.502,0.0,0.0,0.0,0.0
halothane,1,197.381,2.508,0.0,0.0,0.0,0.0
trichloromethane (chloroform),1,119.378,1.986,0.0,0.0,0.0,0.0
364079-69-6,1,456.538,3.181,1.0,78.01,3.0,6.0
,1,379.503,6.696,1.0,29.1,4.0,5.0
sb-222200,1,380.491,6.091,1.0,41.99,4.0,5.0
66104-22-1,1,314.498,4.271,1.0,19.03,4.0,4.0
pergolide,1,314.498,4.271,1.0,19.03,4.0,4.0
sb222200,1,380.491,6.091,1.0,41.99,4.0,5.0
34933-06-7,1,414.527,3.369,0.0,59.08,3.0,6.0
diltiazem,1,414.527,3.369,0.0,59.08,3.0,6.0
minaprine,1,298.39,2.196,1.0,50.28,3.0,5.0
chembl481689,1,481.04,5.776,1.0,59.39,4.0,9.0
fr260010,1,353.429,4.48,1.0,55.63,5.0,3.0
ritanserin,1,477.58,5.483,0.0,37.61,5.0,5.0
sevoflurane,1,200.053,2.423,0.0,9.23,0.0,2.0
chembl401446,1,361.404,4.421,1.0,65.25,4.0,1.0
riluzole,1,234.202,2.777,1.0,48.14,2.0,1.0
ethylene,1,28.054,0.802,0.0,0.0,0.0,0.0
22316-47-8,1,300.745,3.371,0.0,40.62,3.0,1.0
ar-1d9859,1,275.392,3.075,0.0,21.7,3.0,5.0
357-70-0,1,287.359,1.85,1.0,41.93,4.0,1.0
galanthamine,1,287.359,1.85,1.0,41.93,4.0,1.0
-,1,395.572,4.975,2.0,46.18,4.0,6.0
494-97-3,1,148.209,1.506,1.0,24.92,2.0,1.0
hydrocodone,1,299.37,1.933,0.0,38.77,5.0,1.0
antihistamine-1,1,389.478,4.57,0.0,38.88,5.0,4.0
nitrazepam,1,281.271,2.384,1.0,84.6,3.0,2.0
4-oh-tiq,1,149.193,0.823,2.0,32.26,2.0,0.0
494-97-3,1,148.209,1.506,1.0,24.92,2.0,1.0
4205-93-0,1,319.0,2.583,2.0,36.42,2.0,1.0
jnj-16567083,1,311.425,4.494,0.0,39.19,3.0,4.0
1.1.1.2-tetrachloroethane,1,167.85,2.595,0.0,0.0,0.0,0.0
lidocaine,1,234.343,2.584,1.0,32.34,1.0,5.0
schembl6867748,1,494.479,7.222,1.0,46.33,3.0,4.0
lin_train_45,1,211.408,2.899,0.0,0.0,0.0,1.0
oxymorphone,1,301.342,0.745,2.0,70.0,5.0,0.0
"4-bromo-4-chloro-1,1,1- trifluoro-butane",1,225.435,3.289,0.0,0.0,0.0,2.0
(r)-halothane,1,197.381,2.508,0.0,0.0,0.0,0.0
5-hexyl-5-ethyl barbituric acid,1,240.303,1.719,2.0,75.27,1.0,6.0
nsc 269416,1,384.44,2.875,3.0,114.1,3.0,6.0
tert-butylmethylether,1,88.15,1.431,0.0,9.23,0.0,0.0
161499-49-6,1,379.529,4.402,2.0,46.18,4.0,6.0
chembl1935441,1,307.397,3.054,1.0,39.08,4.0,3.0
compound-4fi,1,414.218,4.991,0.0,46.84,4.0,2.0
compound-s16d,1,405.929,5.002,1.0,48.99,5.0,3.0
chembl515025,1,440.592,3.201,2.0,103.17,4.0,7.0
135095-42-0,1,412.577,5.08,1.0,24.5,6.0,7.0
tetrachloroethylene,1,165.834,3.068,0.0,0.0,0.0,0.0
bunitrolol,1,248.326,1.686,2.0,65.28,1.0,5.0
ml,1,323.396,3.111,3.0,68.62,3.0,5.0
tz-11,1,230.098,2.174,2.0,36.42,2.0,1.0
141060-39-1,1,399.498,3.711,0.0,55.43,5.0,5.0
betaxolol,1,307.434,2.393,2.0,50.72,2.0,11.0
l015600,1,338.451,3.213,2.0,42.52,4.0,5.0
128915-56-0,1,271.747,3.916,1.0,21.26,4.0,0.0
128915-56-0,1,271.747,3.916,1.0,21.26,4.0,0.0
,1,338.451,3.213,2.0,42.52,4.0,5.0
org-30526,1,267.328,2.675,2.0,41.49,4.0,0.0
"b-106, org30526",1,285.774,4.306,1.0,21.26,4.0,0.0
chembl1935437,1,309.388,3.691,1.0,29.85,4.0,3.0
(s)-hydroxyzine,1,374.912,3.056,1.0,35.94,3.0,8.0
methylchloroform,1,133.405,2.377,0.0,0.0,0.0,0.0
desmethylclobazam;          norclobazam; nordiazepam,1,286.718,3.347,1.0,49.41,3.0,1.0
hydroxyzine,1,374.912,3.056,1.0,35.94,3.0,8.0
benzene,1,78.114,1.687,0.0,0.0,1.0,0.0
toluene,1,92.141,1.995,0.0,0.0,1.0,0.0
p-xylene ,1,106.168,2.303,0.0,0.0,1.0,0.0
midazolam,1,325.774,4.324,0.0,30.18,4.0,1.0
elegas,1,146.055,3.169,0.0,0.0,0.0,0.0
xylene,1,106.168,2.303,0.0,0.0,1.0,0.0
isopropyl acetate,1,102.133,0.958,0.0,26.3,0.0,1.0
tibolone,1,298.426,3.493,1.0,37.3,4.0,0.0
tibolone,1,312.453,3.883,1.0,37.3,4.0,0.0
tibolone,1,312.453,3.883,1.0,37.3,4.0,0.0
pentyl acetate,1,130.187,1.74,0.0,26.3,0.0,4.0
ivermectin 1a,1,875.106,5.601,3.0,170.06,7.0,8.0
nicotine,1,162.236,1.848,0.0,16.13,2.0,1.0
phencyclidine,1,243.394,4.332,0.0,3.24,3.0,2.0
pfizer compound 11,1,408.464,4.955,2.0,42.52,3.0,7.0
sparfloxacin,1,392.406,2.082,3.0,100.59,4.0,3.0
tz-21,1,308.994,3.127,2.0,36.42,2.0,1.0
isoflurane,1,184.491,2.353,0.0,9.23,0.0,2.0
butyl 4-aminobenzoate (butamben),1,193.246,2.226,1.0,52.32,1.0,4.0
n-(2-cyanoethyl)-2-phenylethylamine,1,174.247,2.427,0.0,27.03,1.0,4.0
148372-04-7,1,308.381,3.765,0.0,43.71,3.0,4.0
(r)-(-)-isoflurane,1,184.491,2.353,0.0,9.23,0.0,2.0
3-[(2-phenylethyl)amino]propanenitrile,1,174.247,1.732,1.0,35.82,1.0,5.0
tert-butylbenzene,1,134.222,2.984,0.0,0.0,1.0,0.0
chembl225032,1,342.468,3.968,0.0,51.02,4.0,2.0
869802-58-4,1,343.456,2.584,0.0,54.26,4.0,2.0
chembl1095819,1,323.415,4.033,0.0,21.06,4.0,3.0
lorazepam,1,321.163,3.101,2.0,61.69,3.0,1.0
ica-27243,1,268.65,3.266,1.0,41.99,2.0,2.0
chebi: 338961,1,331.485,4.01,1.0,37.39,3.0,8.0
isobutyl acetate,1,116.16,1.206,0.0,26.3,0.0,2.0
styrene,1,104.152,2.33,0.0,0.0,1.0,1.0
propoxyphene,1,339.479,4.276,0.0,29.54,2.0,8.0
n-methylspiperone,1,409.505,3.559,0.0,43.86,4.0,6.0
147116-67-4,1,468.685,6.377,1.0,24.5,6.0,7.0
21571-08-4,1,264.543,3.018,2.0,36.42,2.0,1.0
lamotrigine,1,256.096,2.01,2.0,90.71,2.0,1.0
pk 11195,1,352.865,5.426,0.0,33.2,3.0,4.0
pfizer compound 17,1,367.518,4.196,2.0,46.18,4.0,5.0
pfizer compound 1,1,454.658,6.203,1.0,24.5,6.0,8.0
chembl506480,1,437.603,3.912,0.0,26.79,4.0,8.0
piperidinederivatives 3,1,471.523,5.307,1.0,54.46,4.0,8.0
chembl193400,1,410.326,3.595,1.0,54.34,4.0,3.0
"9h-pyrido[3,4-b]indole",1,168.199,2.716,1.0,28.68,3.0,0.0
pyrimethamine,1,248.717,2.524,2.0,77.82,2.0,2.0
pfizer compound 19,1,351.45,3.728,2.0,59.32,4.0,5.0
diazepam,1,284.746,3.154,0.0,32.67,3.0,1.0
buspirone,1,385.512,2.088,0.0,69.64,4.0,6.0
mirtazapine,1,265.36,2.479,0.0,19.37,4.0,0.0
mepyramine (pyrilamine),1,285.391,2.658,0.0,28.6,2.0,7.0
chembl351067,1,270.719,3.13,1.0,41.46,3.0,1.0
1088-11-5,1,270.719,3.13,1.0,41.46,3.0,1.0
schembl680675,1,285.431,3.883,1.0,23.47,3.0,2.0
clotiazepam,1,318.829,3.778,0.0,32.67,3.0,2.0
nonane,1,128.259,3.757,0.0,0.0,0.0,6.0
org-32104,1,281.355,3.065,2.0,41.49,4.0,0.0
cyclosporin a,1,1202.635,3.269,5.0,278.8,1.0,15.0
schembl12537969,1,329.371,3.327,1.0,39.72,4.0,4.0
1977-15-7,1,282.387,3.238,2.0,35.5,3.0,4.0
zipr-dopa(p)2,1,596.812,5.502,1.0,125.23,1.0,13.0
pentazocine,1,285.431,3.883,1.0,23.47,3.0,2.0
propyl-4-aminobenzoate,1,179.219,1.836,1.0,52.32,1.0,3.0
afe,1,290.407,3.998,1.0,29.26,2.0,5.0
isopentylacetate ,1,130.187,1.596,0.0,26.3,0.0,3.0
codeine,1,299.37,1.501,1.0,41.93,5.0,1.0
dihydrocodeine,1,301.386,1.725,1.0,41.93,5.0,1.0
isocodeine,1,299.37,1.501,1.0,41.93,5.0,1.0
2-bromopropane,1,122.993,1.79,0.0,0.0,0.0,0.0
antibiotic mx 2,1,585.606,1.411,6.0,186.45,6.0,4.0
morpholinyl oxaunomycin,1,585.606,1.411,6.0,186.45,6.0,4.0
n-(2-amino-5-phenylphenyl)-4-[(4-methylpiperazin-1-yl)methyl]benzamide,1,400.526,3.936,2.0,61.6,4.0,5.0
2-(aminomethyl)-6-methoxyphenol,1,153.181,0.859,2.0,55.48,1.0,2.0
sb-277011a,1,438.575,4.843,1.0,69.02,5.0,5.0
nsc 15312,1,133.194,1.332,1.0,12.03,2.0,0.0
selegiline,1,187.286,2.183,0.0,3.24,1.0,4.0
oxycodone,1,299.37,1.895,0.0,38.77,5.0,1.0
chembl371222,1,380.448,3.377,2.0,71.64,5.0,5.0
chembl382773,1,451.537,3.865,0.0,54.26,3.0,6.0
triazolam,1,349.265,4.191,0.0,43.07,4.0,1.0
nebivolol,1,405.441,2.364,3.0,70.95,4.0,6.0
tz-19,1,397.896,3.345,2.0,36.42,2.0,1.0
(s)-flurocarazolol,1,316.376,3.008,3.0,57.28,3.0,7.0
lubeluzole,1,433.524,3.915,1.0,48.83,4.0,7.0
lubeluzole,1,433.524,3.915,1.0,48.83,4.0,7.0
"3-methoxy-17-methyl-7,8-didehydro-4,5-epoxymorphinan-6-ol",1,299.37,1.501,1.0,41.93,5.0,1.0
fentanyl,1,336.479,4.137,0.0,23.55,3.0,6.0
codeine,1,299.37,1.501,1.0,41.93,5.0,1.0
604-75-1,1,286.718,2.448,2.0,61.69,3.0,1.0
desmonomethylpromazine,1,270.401,3.899,1.0,15.27,3.0,4.0
cocaine,1,303.358,1.868,0.0,55.84,3.0,3.0
5-hydroxytryptamine (5-ht) receptor ligand 1b,1,259.687,3.037,2.0,36.42,2.0,2.0
bremazocine,1,315.457,3.222,2.0,43.7,4.0,3.0
77-lh-28-1,1,328.5,4.258,0.0,23.55,3.0,7.0
schembl12684742,1,269.348,2.583,2.0,58.36,2.0,4.0
benzoylmethylecgonine,1,303.358,1.868,0.0,55.84,3.0,3.0
schembl6947600,1,362.355,2.591,0.0,61.92,3.0,2.0
amoxapine,1,313.788,3.429,1.0,36.86,4.0,0.0
carbon disulfide,1,76.145,1.018,0.0,0.0,0.0,0.0
1-(2-pyrimidinyl)-piperazine,1,164.212,-0.114,1.0,41.05,2.0,1.0
tert-butylcyclohexane,1,140.27,3.613,0.0,0.0,1.0,0.0
oxazepam,1,224.647,1.419,2.0,61.69,2.0,0.0
rolipram,1,275.348,2.62,1.0,47.56,3.0,4.0
s-oxazepam,1,286.718,2.448,2.0,61.69,3.0,1.0
pfizer compound 24,1,393.556,4.765,2.0,46.18,5.0,6.0
venlafaxine,1,277.408,3.036,1.0,32.7,2.0,5.0
145877-52-7,1,380.41,4.177,2.0,42.52,3.0,6.0
jnj-2408068,1,394.523,2.637,3.0,92.23,4.0,6.0
mefloquine,1,378.316,4.448,2.0,45.15,3.0,2.0
"4-iodo-n,n'-isopropyl-m- xylenediamine",1,346.256,4.712,2.0,24.06,1.0,6.0
doxylamine,1,270.376,2.923,0.0,25.36,2.0,6.0
upcmld-dp067,1,259.349,2.578,2.0,41.49,2.0,6.0
doxylamine,1,270.376,2.923,0.0,25.36,2.0,6.0
fauc-113,1,326.831,3.31,0.0,23.78,4.0,3.0
etoprine,1,283.162,3.177,2.0,77.82,2.0,2.0
budipine,1,293.454,4.867,0.0,3.24,3.0,2.0
decane,1,142.286,4.147,0.0,0.0,0.0,7.0
revaprazan,1,362.452,5.1,1.0,41.05,4.0,3.0
chembl204958,1,452.398,6.367,0.0,33.2,3.0,4.0
octane,1,114.232,3.367,0.0,0.0,0.0,5.0
chembl142149,1,325.456,3.949,1.0,37.39,3.0,8.0
"propofol, diprivan",1,178.275,3.639,1.0,20.23,1.0,2.0
tramadol,1,263.381,2.635,1.0,32.7,2.0,4.0
28911-01-5,1,343.217,4.234,0.0,43.07,4.0,1.0
"1,2,3,4-tetrahydroquinoline",1,133.194,2.045,1.0,12.03,2.0,0.0
irie-13b,1,373.457,1.851,3.0,120.16,3.0,7.0
perphenazine,1,403.979,3.943,1.0,29.95,4.0,6.0
quetiapine,1,383.517,2.856,1.0,48.3,4.0,5.0
schembl6578223,1,352.438,2.675,1.0,63.41,3.0,7.0
fluoxetine,1,309.331,4.435,1.0,21.26,2.0,6.0
chembl390021,1,457.545,7.009,1.0,41.93,5.0,7.0
1-octene,1,112.216,3.143,0.0,0.0,0.0,5.0
"n-hexyl-2,2-diphenylacetamide",1,295.426,4.515,1.0,29.1,2.0,8.0
jhw 007,1,385.498,5.866,0.0,12.47,4.0,7.0
bms-184111,1,437.58,5.163,0.0,40.16,5.0,6.0
climazolam,1,342.229,4.839,0.0,30.18,4.0,1.0
ctk7e5530,1,276.339,3.551,2.0,55.12,3.0,3.0
jhw-007,1,385.498,5.866,0.0,12.47,4.0,7.0
northioridazine,1,356.56,5.401,1.0,15.27,4.0,4.0
loperamide(1+),1,477.048,5.088,1.0,43.78,4.0,7.0
,1,351.475,4.311,2.0,58.36,3.0,5.0
tripyrolidine,1,278.399,3.918,0.0,16.13,3.0,4.0
9b,1,311.36,2.885,1.0,39.08,4.0,3.0
olanzapine,1,312.442,1.746,1.0,30.87,4.0,1.0
sabeluzole,1,415.534,3.776,1.0,48.83,4.0,7.0
515141-51-2,1,482.005,5.251,0.0,56.59,5.0,7.0
piperazinederivatives 12,1,417.553,4.181,1.0,44.81,4.0,8.0
fluvoxamine,1,318.339,3.202,1.0,56.84,1.0,9.0
fluvoxamine,1,318.339,3.202,1.0,56.84,1.0,9.0
(z) fluvoxamine,1,318.339,3.202,1.0,56.84,1.0,9.0
olanzapine,1,312.442,3.439,1.0,30.87,4.0,0.0
heptane,1,100.205,2.977,0.0,0.0,0.0,4.0
pentane,1,72.151,2.197,0.0,0.0,0.0,2.0
n-hexane,1,86.178,2.587,0.0,0.0,0.0,3.0
northioridazine,1,356.56,5.543,1.0,15.27,4.0,4.0
loxapine,1,327.815,3.771,0.0,28.07,4.0,0.0
imipramine,1,280.415,3.875,0.0,6.48,3.0,4.0
mchr antagonist 23c,1,488.676,4.743,0.0,47.1,5.0,5.0
metoprine,1,269.135,2.923,2.0,77.82,2.0,1.0
"(1r,2s)-2-(4-fluorophenyl)cyclopropan-1-amine",1,151.184,1.64,1.0,26.02,2.0,1.0
( + )-4-fluorotranylcypromine,1,151.184,1.64,1.0,26.02,2.0,1.0
org4428,1,295.382,3.408,1.0,32.7,4.0,0.0
beloxepin,1,295.382,3.408,1.0,32.7,4.0,0.0
butaperazine,1,409.599,4.91,0.0,26.79,4.0,7.0
melperone,1,263.356,3.521,0.0,20.31,2.0,5.0
s113 amitryptalline,1,300.49,4.34,0.0,6.48,3.0,4.0
zinc1677753,1,266.388,3.681,0.0,6.48,3.0,4.0
mchr antagonist 19,1,384.867,4.022,2.0,62.41,5.0,4.0
meperidine,1,247.338,2.213,0.0,29.54,2.0,3.0
biperiden,1,311.469,3.962,1.0,23.47,4.0,5.0
chembl3349881,1,404.547,4.196,1.0,72.83,3.0,6.0
pfizer compound 21,1,409.599,5.185,2.0,46.18,4.0,5.0
1-nonene,1,126.243,3.533,0.0,0.0,0.0,6.0
2-methyl heptane,1,100.205,2.833,0.0,0.0,0.0,3.0
2-methylheptane,1,114.232,3.223,0.0,0.0,0.0,4.0
145148-39-6,1,296.414,3.278,2.0,33.29,3.0,5.0
105601-20-5,1,250.342,2.76,0.0,32.78,1.0,4.0
rivastigmine,1,250.342,2.76,0.0,32.78,1.0,4.0
schembl18653512,1,345.446,4.25,2.0,58.36,3.0,5.0
methylphenidate,1,233.311,2.085,1.0,38.33,2.0,3.0
145742-22-9,1,416.39,4.77,2.0,42.52,3.0,7.0
donepezil,1,379.5,4.361,0.0,38.77,4.0,6.0
schembl5966350,1,472.816,6.712,0.0,33.2,3.0,4.0
chembl1935446,1,327.428,3.601,1.0,29.85,4.0,3.0
methadone,1,309.453,4.292,0.0,20.31,2.0,7.0
50-48-6,1,277.411,4.169,0.0,3.24,3.0,3.0
3-methylhexane (2- ethylpentane),1,100.205,2.833,0.0,0.0,0.0,3.0
3-methylhexane,1,97.181,2.567,0.0,0.0,0.0,3.0
cyclohexane,1,84.162,2.341,0.0,0.0,1.0,0.0
methylcyclopentane,1,84.162,2.197,0.0,0.0,1.0,0.0
piperazinederivatives 7,1,412.405,4.591,1.0,35.58,3.0,6.0
(-)-3-methylhexane,1,100.205,2.833,0.0,0.0,0.0,3.0
metoclopramide,1,299.802,2.002,2.0,67.59,1.0,7.0
methamphetamine (pervertin),1,149.237,1.837,1.0,12.03,1.0,3.0
chembl88330,1,294.354,3.315,2.0,54.38,3.0,5.0
"1-[2-(3,4-dimethoxyphenyl)ethyl]-4-[3-(2-iodophenyl)propyl]piperazine",1,494.417,4.101,0.0,24.94,3.0,9.0
am-36,1,459.074,5.492,2.0,46.94,3.0,5.0
s123,1,371.524,5.996,0.0,12.47,3.0,8.0
(e)-tamoxifen,1,371.524,5.996,0.0,12.47,3.0,8.0
"2-[4-(1,2-diphenylbut-1-enyl)phenoxy]-n,n-dimethylethanamine",1,371.524,5.996,0.0,12.47,3.0,8.0
pfizer compound 8,1,338.495,4.402,2.0,33.29,3.0,6.0
chembl244206,1,475.535,7.148,1.0,41.93,5.0,7.0
s119,1,490.069,4.983,3.0,68.8,5.0,7.0
amphetamine,1,135.21,1.576,1.0,26.02,1.0,2.0
methamphetamine,1,149.237,1.837,1.0,12.03,1.0,3.0
1-decene,1,140.27,3.923,0.0,0.0,0.0,7.0
145742-01-4,1,406.492,5.466,2.0,33.29,3.0,5.0
methylcyclohexane,1,98.189,2.587,0.0,0.0,1.0,0.0
2095-17-2,1,290.819,4.292,1.0,29.26,3.0,3.0
2-methyl nonane,1,128.259,3.613,0.0,0.0,0.0,5.0
pfizer compound 6,1,352.522,4.576,2.0,33.29,3.0,5.0
"4-iodo-alpha,alpha'- dipiperidino-m-xylene",1,398.332,4.263,0.0,6.48,3.0,4.0
chembl430170,1,352.522,4.576,2.0,33.29,3.0,5.0
citalopram,1,324.399,3.813,0.0,36.26,3.0,5.0
trimipramine,1,294.442,4.121,0.0,6.48,3.0,4.0
24219-97-4,1,264.372,3.084,0.0,6.48,4.0,0.0
phenserine,1,337.423,3.667,1.0,44.81,4.0,2.0
2-methylpentane (isohexane),1,86.178,2.443,0.0,0.0,0.0,2.0
tertbutylchlorambucil,1,360.325,4.635,0.0,29.54,1.0,9.0
"2,2-dimethylbutane",1,86.178,2.443,0.0,0.0,0.0,0.0
3-methylpentane,1,86.178,2.443,0.0,0.0,0.0,2.0
doxepin,1,279.383,3.962,0.0,12.47,3.0,3.0
doxepin,1,279.383,3.962,0.0,12.47,3.0,3.0
acmc-20dhn6,1,337.423,3.667,1.0,44.81,4.0,2.0
chembl2024515,1,434.433,3.614,1.0,52.65,3.0,6.0
compound 26,1,390.455,3.317,0.0,61.17,3.0,5.0
1-hexyl-4-(4- iodophenyl)piperazine,1,372.294,3.994,0.0,6.48,2.0,6.0
tripropylphosphine,1,126.243,3.079,0.0,0.0,1.0,0.0
org-5222,1,285.774,4.259,0.0,12.47,4.0,0.0
"b-102, asenapine, org5222",1,315.8,3.753,1.0,32.7,4.0,0.0
clomipramine,1,314.86,4.528,0.0,6.48,3.0,4.0
nortriptyline,1,263.384,3.826,1.0,12.03,3.0,3.0
bms-204352,1,359.706,4.533,1.0,38.33,3.0,2.0
schembl7050625,1,499.371,5.521,1.0,41.57,3.0,8.0
2-methylnonane,1,142.286,4.003,0.0,0.0,0.0,6.0
50-53-3,1,318.873,4.894,0.0,6.48,3.0,4.0
cyclobenzaprine,1,275.395,4.554,0.0,3.24,3.0,3.0
7-k06,1,299.801,4.649,0.0,12.47,4.0,0.0
"1,2-dimethylcyclohexane",1,112.216,2.833,0.0,0.0,1.0,0.0
chembl2024514,1,398.378,4.2,1.0,35.58,3.0,5.0
inaperisone,1,245.366,3.164,0.0,20.31,2.0,5.0
101-40-6,1,155.285,2.565,1.0,12.03,1.0,3.0
(r)-propylhexedrine,1,155.285,2.565,1.0,12.03,1.0,3.0
desmethyldesipramine,1,252.361,3.272,1.0,29.26,3.0,3.0
astemizole,1,458.581,5.351,1.0,42.32,5.0,8.0
77086-21-6,1,221.303,3.151,1.0,12.03,4.0,0.0
cp-122721,1,380.41,4.177,2.0,42.52,3.0,6.0
cp-122721,1,380.41,4.177,2.0,42.52,3.0,6.0
dizocilpine,1,221.303,3.151,1.0,12.03,4.0,0.0
4-carboxymethylenebut-2-en-4-olide,1,140.094,0.068,1.0,63.6,1.0,1.0
i-4 (44cyanophenoxymethylpiperidineniodoallyl),1,382.245,3.598,0.0,36.26,2.0,5.0
i-4 (44cyanophenoxymethylpiperidineniodoallyl),1,382.245,3.598,0.0,36.26,2.0,5.0
zanapezil,1,376.544,5.31,1.0,32.34,4.0,6.0
metoprolol,1,267.369,1.613,2.0,50.72,1.0,9.0
piperidinederivatives 2,1,498.387,5.554,2.0,44.37,3.0,8.0
2qju,1,266.388,3.533,1.0,15.27,3.0,4.0
9-c17,1,266.388,4.973,1.0,24.39,2.0,4.0
promazine,1,284.428,4.241,0.0,6.48,3.0,4.0
chembl244205,1,457.545,7.009,1.0,41.93,5.0,7.0
pfizer compound 23,1,429.589,5.555,2.0,46.18,5.0,6.0
schembl6584053,1,322.412,3.219,0.0,43.18,3.0,5.0
diphenhydramine,1,255.361,3.354,0.0,12.47,2.0,6.0
haloperidol,1,375.871,4.426,1.0,40.54,3.0,6.0
promethazine,1,284.428,4.239,0.0,6.48,3.0,3.0
maprotiline,1,277.411,4.211,1.0,12.03,5.0,4.0
trihexyphenidyl,1,301.474,4.331,1.0,23.47,3.0,5.0
nor-1-chlorpromazine,1,304.846,4.552,1.0,15.27,3.0,4.0
1-isobutyl-4-(4-iodophenyl)piperazine,1,344.24,3.069,0.0,6.48,2.0,3.0
1-(4-iodophenyl)-4-isopropylpiperazine,1,330.213,2.822,0.0,6.48,2.0,2.0
1-isobutyl-4-(4-iodophenyl)piperazine,1,344.24,3.212,0.0,6.48,2.0,3.0
schembl6578579,1,352.438,3.286,0.0,52.41,3.0,7.0
bromperidol,1,420.322,4.535,1.0,40.54,3.0,6.0
bromperidol,1,406.295,4.145,1.0,40.54,3.0,5.0
1225-64-5,1,304.846,4.552,1.0,15.27,3.0,4.0
117-89-5,1,407.505,4.946,0.0,9.72,4.0,4.0
bupropion (zyban),1,239.746,3.299,1.0,29.1,1.0,3.0
chembl4248308,1,406.517,6.43,0.0,6.48,4.0,4.0
trifluopromazine,1,352.425,5.26,0.0,6.48,3.0,4.0
-,1,407.505,4.946,0.0,9.72,4.0,4.0
chembl476108,1,374.887,4.654,0.0,23.55,3.0,6.0
fluphenazine,1,437.531,4.308,1.0,29.95,4.0,6.0
chlorpheniramine,1,274.795,3.819,0.0,16.13,2.0,5.0
sertraline,1,306.236,5.18,1.0,12.03,3.0,2.0
79559-97-0,1,306.236,5.18,1.0,12.03,3.0,2.0
chebi: 568657,1,265.666,2.163,1.0,28.16,2.0,1.0
,1,263.45,4.386,0.0,3.24,2.0,6.0
bromoform,1,252.731,2.455,0.0,0.0,0.0,0.0
3-methyl-1-pentyn-3-ol,1,98.145,0.781,1.0,20.23,0.0,1.0
ethchlorvynol,1,144.601,1.513,1.0,20.23,0.0,2.0
carfimate,1,175.187,1.456,1.0,52.32,1.0,2.0
fluciprazine,1,360.473,2.661,1.0,35.94,3.0,6.0
hexapropymate,1,181.235,1.808,1.0,52.32,1.0,2.0
clorgiline,1,272.175,3.327,0.0,12.47,1.0,6.0
pargyline,1,159.232,1.752,0.0,3.24,1.0,3.0
pinazepam,1,308.768,3.157,0.0,32.67,3.0,2.0
rasagiline,1,171.243,1.897,1.0,12.03,2.0,2.0
nivazol(nivacortol),1,430.567,5.558,1.0,38.05,6.0,1.0
norethindrone,0,298.426,3.493,1.0,37.3,4.0,0.0
ethinyl estradiol,0,296.41,3.613,2.0,40.46,4.0,0.0
mestranol,0,310.437,3.916,1.0,29.46,4.0,1.0
fursultiamine,1,398.554,2.5,2.0,101.57,2.0,10.0
bisbentiamine,1,770.938,6.003,2.0,196.82,4.0,19.0
bentiamine,1,490.585,4.378,1.0,115.48,3.0,10.0
benfotiamine,1,466.456,2.63,3.0,155.94,2.0,10.0
spirilene,1,393.506,4.048,1.0,35.58,4.0,5.0
cycotiamine,1,308.363,1.831,1.0,98.41,2.0,4.0
1-(2-ethylcrotonoyl)urea,1,156.185,0.538,2.0,72.19,0.0,2.0
crotetamide,1,226.32,1.278,0.0,40.62,0.0,5.0
cropropamide,1,240.347,1.668,0.0,40.62,0.0,6.0
cefprozil,0,389.433,0.707,4.0,132.96,3.0,5.0
efrotomycin,0,1145.347,2.751,8.0,302.08,5.0,24.0
nicocortonida,1,535.637,4.121,1.0,112.02,6.0,5.0
schembl1232177,1,212.296,2.408,1.0,24.39,3.0,2.0
indeloxazine,1,231.295,1.623,1.0,30.49,3.0,3.0
dinazafone,1,356.853,3.7,1.0,49.41,2.0,7.0
"resorcinol, 2-p-mentha-1,8-dien-3-yl-5-pentyl-, (-)-(e)-",1,314.469,5.847,2.0,40.46,2.0,6.0
etacrynicacid,0,303.141,3.606,1.0,63.6,1.0,6.0
isoprednidene,1,372.461,1.724,3.0,94.83,4.0,2.0
prednylidene,1,372.461,1.724,3.0,94.83,4.0,2.0
nalmefene,1,339.435,2.513,2.0,52.93,6.0,2.0
xorphanol,1,337.507,4.663,1.0,23.47,5.0,2.0
fluprednidene,1,390.451,1.816,3.0,94.83,4.0,2.0
1948-01-01 00:00:00,1,274.408,3.538,2.0,35.5,2.0,7.0
meclocycline,0,476.869,0.059,6.0,181.62,4.0,2.0
methacycline,0,442.424,-0.594,6.0,181.62,4.0,2.0
enprazepine,1,292.426,4.02,0.0,6.48,3.0,4.0
vigabatrin,1,129.159,0.365,2.0,63.32,0.0,4.0
vinylbital,1,224.26,0.961,2.0,75.27,1.0,4.0
cefdinir,0,395.422,-0.172,4.0,158.21,3.0,5.0
cefixime,0,453.458,-0.545,4.0,184.51,3.0,8.0
viqualine,1,310.441,3.978,1.0,34.15,3.0,6.0
acrocinonide,1,432.488,2.195,2.0,93.06,5.0,3.0
valdetamide,1,155.241,1.854,1.0,43.09,0.0,5.0
aletamine (alfetamine),1,161.248,2.133,1.0,26.02,1.0,4.0
aprobarbital,1,210.233,0.571,2.0,75.27,1.0,3.0
talbutal,1,224.26,0.961,2.0,75.27,1.0,4.0
thiamylal,1,254.355,1.516,2.0,58.2,1.0,5.0
thialbarbital,1,264.35,1.436,2.0,58.2,2.0,3.0
brallobarbital,1,287.113,1.214,2.0,75.27,1.0,4.0
nealbarbital,1,238.287,1.351,2.0,75.27,1.0,3.0
butalbital,1,224.26,0.961,2.0,75.27,1.0,4.0
proxibarbal,1,226.232,-0.314,3.0,95.5,1.0,4.0
albutoin,1,212.318,1.304,1.0,32.34,1.0,4.0
allomethadione,1,155.153,0.54,0.0,46.61,1.0,2.0
dtxsid90937058,1,437.58,3.72,2.0,62.16,7.0,6.0
diacetylnalorphine,1,395.455,2.545,0.0,65.07,5.0,4.0
alpiropride,1,382.486,0.566,3.0,113.76,2.0,8.0
veralipride,1,383.47,0.731,2.0,110.96,2.0,8.0
levallorphan,1,283.415,3.637,1.0,23.47,4.0,2.0
nalorphine,1,311.381,1.754,2.0,52.93,5.0,2.0
cabergoline,1,451.615,3.194,2.0,71.68,4.0,8.0
uldazepam,1,360.244,4.582,1.0,45.98,3.0,4.0
almecillin,0,330.431,0.537,2.0,86.71,2.0,6.0
tacrolimus,0,804.031,4.639,3.0,178.36,4.0,7.0
schembl1588339,1,264.328,4.071,1.0,52.05,3.0,4.0
ivoqualine,1,310.441,3.978,1.0,34.15,3.0,6.0
quinine sulfate,0,324.424,3.173,1.0,45.59,5.0,4.0
6489-97-0,0,361.423,1.06,2.0,99.07,3.0,5.0
mifepristone,0,429.604,5.407,1.0,40.54,5.0,2.0
deprodone,1,344.451,2.585,2.0,74.6,4.0,1.0
algestone-acetonide,1,386.532,4.608,0.0,52.6,5.0,1.0
cetocycline,0,411.41,1.265,5.0,158.15,4.0,1.0
endrysone (endrisone),1,342.479,3.716,1.0,54.37,4.0,1.0
pregnenolone-succinate,1,416.558,4.931,1.0,80.67,4.0,5.0
chembl70543,0,381.423,0.633,1.0,64.09,3.0,4.0
gr94839_a,0,413.44,1.374,1.0,64.09,3.0,4.0
chembl71375,1,398.334,2.691,0.0,43.86,3.0,4.0
gr94839,0,414.333,1.662,1.0,64.09,3.0,4.0
gr94839_l,0,423.535,-0.241,1.0,98.23,3.0,5.0
chembl72048,0,390.44,0.263,1.0,107.23,3.0,5.0
gr94839_i,0,407.536,0.092,1.0,87.15,3.0,5.0
chembl71237,0,390.44,0.263,1.0,107.23,3.0,5.0
chembl71005,0,345.443,0.355,1.0,64.09,3.0,4.0
aceglutamide,1,188.183,-1.159,3.0,109.49,0.0,5.0
aceperone,1,396.506,3.959,1.0,49.41,3.0,8.0
acaprazine,1,330.259,2.642,1.0,35.58,2.0,5.0
bisorcic,1,216.237,-0.508,3.0,95.5,0.0,6.0
aloracetam,1,208.261,1.054,1.0,51.1,1.0,4.0
diphoxazide,1,298.342,1.48,3.0,78.43,2.0,4.0
sodiumamidotrizoate,0,613.915,3.115,3.0,95.5,1.0,3.0
pidolacetamol,1,262.265,0.829,2.0,84.5,2.0,3.0
acetaminosalol,1,271.272,2.57,2.0,75.63,2.0,3.0
butacetin,1,207.273,2.822,1.0,38.33,1.0,2.0
metacetamol,1,151.165,1.351,2.0,49.33,1.0,1.0
levofacetoperane,1,233.311,2.433,1.0,38.33,2.0,3.0
sedecamycin,0,501.576,2.288,2.0,136.07,3.0,3.0
schembl1006384,1,588.509,8.786,0.0,26.3,4.0,6.0
cormethasoneacetate (cormetasone-acetate),1,470.484,2.712,2.0,100.9,4.0,3.0
fluazacort,1,459.514,2.655,1.0,102.26,5.0,3.0
acefurtiamine,1,476.511,2.22,1.0,154.92,2.0,11.0
dichlorisone-acetate,1,455.378,3.736,1.0,80.67,4.0,3.0
isoflupredone-acetate,1,420.477,2.221,2.0,100.9,4.0,3.0
prednisolone acetate,1,402.487,2.128,2.0,100.9,4.0,3.0
fludrocortisone acetate,1,422.493,2.445,2.0,100.9,4.0,3.0
cortisone acetate,1,402.487,2.561,1.0,97.74,4.0,3.0
hydrocortisone-acetate,1,404.503,2.352,2.0,100.9,4.0,3.0
methylprednisolone-acetate,1,416.514,2.374,2.0,100.9,4.0,3.0
chloroprednisone-acetate,1,434.916,2.554,1.0,97.74,4.0,3.0
betamethasone-acetate,1,434.504,2.467,2.0,100.9,4.0,3.0
cortivazol,1,530.665,4.301,2.0,101.65,6.0,4.0
paramethasone-acetate,1,434.504,2.322,2.0,100.9,4.0,3.0
triamcinolone-diacetate,1,478.513,1.762,2.0,127.2,4.0,4.0
betamethasone-acetate(dexamethasone-acetate),1,504.595,3.673,1.0,106.97,4.0,5.0
dexamethasone-acefurate,1,528.573,3.924,1.0,120.11,5.0,5.0
diflorasone diacetate,1,494.531,2.985,1.0,106.97,4.0,4.0
deflazacort,1,441.524,2.563,1.0,102.26,5.0,3.0
cutisterol,1,569.066,3.963,1.0,108.36,5.0,7.0
4533-89-5,1,476.541,2.846,1.0,99.13,5.0,3.0
cicortonide,1,566.066,4.287,1.0,115.08,5.0,6.0
fluocinonide,1,494.531,2.938,1.0,99.13,5.0,3.0
amcinonide,1,502.579,3.524,1.0,99.13,6.0,3.0
clocortolone-acetate,1,452.95,3.569,1.0,80.67,4.0,3.0
diacetylthiamine,1,366.443,1.79,1.0,115.48,1.0,8.0
cephalosporin-c,0,415.424,-1.13,4.0,176.33,2.0,9.0
cephapirin (cefapirin),0,423.472,0.475,2.0,125.9,3.0,7.0
cefaloram,0,390.417,0.531,2.0,113.01,3.0,6.0
cephalotin,0,396.446,0.592,2.0,113.01,3.0,6.0
cephaloglycin,0,405.432,-0.012,3.0,139.03,3.0,6.0
cefoxazole,0,491.909,2.219,2.0,139.04,4.0,6.0
cephacetrile,0,339.329,-0.798,2.0,136.8,2.0,5.0
acevaltrate,1,480.51,2.348,0.0,126.96,3.0,9.0
valtrate,1,422.474,2.662,0.0,100.66,3.0,8.0
thiopropazate,1,446.016,4.514,0.0,36.02,4.0,7.0
schembl33896,0,406.46,0.84,1.0,102.01,3.0,6.0
fluperolone acetate,1,434.504,2.609,2.0,100.9,4.0,3.0
docetaxel,0,807.89,3.26,5.0,224.45,6.0,8.0
paclitaxel,0,853.918,3.736,4.0,221.29,7.0,10.0
didrovaltrate,1,424.49,2.742,0.0,100.66,3.0,8.0
fusidic acid,0,516.719,5.666,3.0,104.06,4.0,5.0
fluorometholone acetate,1,418.505,3.494,1.0,80.67,4.0,2.0
diacetylmorphine,1,369.417,1.989,0.0,65.07,5.0,2.0
fluorometholone,1,376.468,2.923,2.0,74.6,4.0,1.0
doxibetasol,1,376.468,2.923,2.0,74.6,4.0,1.0
descinolone(descinolone-acetonide),1,378.44,1.648,3.0,94.83,4.0,1.0
algestone,1,346.467,2.809,2.0,74.6,4.0,1.0
pregnanolone,1,318.501,4.595,1.0,37.3,4.0,1.0
alphaxalone,1,332.484,3.774,1.0,54.37,4.0,1.0
ganaxolone,1,332.528,4.985,1.0,37.3,4.0,1.0
schembl1554894,1,316.485,4.205,1.0,37.3,5.0,1.0
medrysone,1,344.495,3.94,1.0,54.37,4.0,1.0
amrubicin,0,483.473,0.632,5.0,176.61,5.0,3.0
50935-04-1,0,513.499,0.726,6.0,196.84,5.0,3.0
cetophenicol/cetofenicol,1,320.172,1.203,3.0,86.63,1.0,6.0
aceprometazine,1,326.465,4.442,0.0,23.55,3.0,4.0
acepromazine,1,326.465,4.444,0.0,23.55,3.0,5.0
piperacetazine,1,410.583,4.976,1.0,43.78,4.0,7.0
acetophenazine,1,411.571,3.492,1.0,47.02,4.0,7.0
metamfepramone,1,177.247,1.819,0.0,20.31,1.0,3.0
clomipramine,0,499.651,6.282,1.0,66.84,4.0,11.0
pivagabine,1,187.239,1.013,2.0,66.4,0.0,4.0
pivoxazepam,1,370.836,4.045,1.0,67.76,3.0,2.0
amdinocillinpivoxil,0,439.578,2.412,0.0,88.51,3.0,5.0
pivampicillin,0,463.556,1.324,2.0,128.03,3.0,6.0
tixocortol-pivalate,1,462.652,4.095,2.0,91.67,4.0,3.0
stiripentol,1,234.295,2.836,1.0,38.69,2.0,2.0
prednisolone-tebutate,1,458.595,3.545,2.0,100.9,4.0,4.0
triamcinolone-hexacetonide,1,532.649,4.406,1.0,99.13,5.0,4.0
carbuterol,0,267.329,1.304,5.0,107.61,1.0,4.0
flerobuterol,1,211.28,2.247,2.0,32.26,1.0,3.0
butaclamol,1,361.529,4.845,1.0,23.47,5.0,0.0
efavirenz,0,469.669,7.218,0.0,29.54,4.0,9.0
terfenadine,0,471.685,6.446,2.0,43.7,4.0,8.0
buclizine,1,433.039,6.545,0.0,6.48,4.0,5.0
hopantenic acid,1,233.264,-0.653,4.0,106.86,0.0,7.0
phenaglycodol,1,214.692,2.318,2.0,40.46,1.0,2.0
metaglycodol,1,214.692,2.318,2.0,40.46,1.0,2.0
fenpentadiol,1,228.719,2.709,2.0,40.46,1.0,3.0
fibracillin,0,546.045,2.987,3.0,125.04,4.0,8.0
clofibric acid,0,214.648,2.582,1.0,46.53,1.0,3.0
isopropicillin,0,378.45,1.476,2.0,95.94,3.0,5.0
rel-pentazocine,1,285.431,3.883,1.0,23.47,3.0,2.0
nalmexone,1,355.434,2.082,2.0,70.0,5.0,2.0
ciclesonide,1,540.697,4.704,1.0,99.13,6.0,5.0
tobicillin,0,510.612,3.081,1.0,102.01,4.0,8.0
bromisoval,1,223.07,0.601,2.0,72.19,0.0,2.0
zafuleptine,1,295.398,3.975,2.0,49.33,1.0,10.0
cimepanol,1,156.269,2.584,1.0,20.23,1.0,2.0
promoxolane,1,188.267,1.402,1.0,38.69,1.0,3.0
valinomycin,0,1111.338,2.343,6.0,332.4,1.0,9.0
sibutramine,1,279.855,4.738,0.0,3.24,2.0,5.0
furbucillin,0,424.475,1.483,2.0,126.15,3.0,7.0
gramicidin-s,0,1141.47,1.228,10.0,325.46,5.0,16.0
pagoclone,1,407.901,5.38,0.0,63.16,4.0,6.0
pentamoxane,1,235.327,2.462,1.0,30.49,2.0,5.0
amixetrine,1,261.409,3.886,0.0,12.47,2.0,7.0
bepridil,0,366.549,4.83,0.0,15.71,3.0,10.0
pregabalin,1,159.229,1.082,2.0,63.32,0.0,5.0
pramiracetam,1,269.389,0.844,1.0,52.65,1.0,7.0
terconazole,0,532.472,4.463,0.0,64.88,5.0,8.0
oxaflozane,1,273.298,3.487,0.0,12.47,2.0,2.0
clofazimine,0,473.407,7.49,1.0,42.21,5.0,4.0
carperone,1,350.434,3.388,1.0,58.64,2.0,7.0
isoproterenol hydrochloride,0,211.261,1.129,4.0,72.72,1.0,4.0
iproclozide,1,242.706,1.748,2.0,50.36,1.0,5.0
iproniazid,1,179.223,0.724,2.0,54.02,1.0,3.0
taltrimide,1,296.348,0.61,1.0,83.55,2.0,5.0
zinc1150,1,328.283,4.368,2.0,32.26,4.0,3.0
doxorubicin,0,456.572,2.717,3.0,110.43,4.0,6.0
rociclovir,1,323.397,1.601,1.0,97.31,2.0,9.0
mazapertine succinate,1,421.585,4.422,0.0,36.02,4.0,6.0
chembl56653,1,357.325,4.115,0.0,23.55,2.0,6.0
dexclamol,1,347.502,4.455,1.0,23.47,5.0,1.0
valganciclovir,1,354.367,-1.437,4.0,171.37,2.0,8.0
enkephalin,0,554.648,-0.763,7.0,205.74,2.0,14.0
propantheline,0,368.497,4.731,0.0,35.53,3.0,6.0
skb-f,0,332.464,2.854,1.0,46.53,3.0,5.0
fenoxazoline,0,218.3,2.19,1.0,33.62,2.0,4.0
ritonavir,0,720.962,5.905,4.0,145.78,4.0,17.0
fluvastatin,1,411.473,4.628,3.0,82.69,3.0,8.0
panadiplon,1,335.367,3.158,0.0,78.22,5.0,3.0
amesergide,1,393.575,4.631,1.0,37.27,5.0,3.0
alozafone,1,401.869,3.907,0.0,64.41,2.0,7.0
chloralodol,1,265.564,2.241,2.0,49.69,0.0,4.0
butriptyline,1,293.454,4.505,0.0,3.24,3.0,4.0
niaprazine,1,356.445,2.551,1.0,48.47,3.0,6.0
nylidrin,0,299.414,3.425,3.0,52.49,2.0,7.0
oxomemazine,1,330.453,3.169,0.0,40.62,3.0,4.0
cyamemazine,1,323.465,4.359,0.0,30.27,3.0,4.0
trifluomeprazine,1,366.452,5.506,0.0,6.48,3.0,4.0
alimemazine,1,298.455,4.487,0.0,6.48,3.0,4.0
mecloxamine,0,317.86,4.57,0.0,12.47,2.0,6.0
propizepine,1,296.374,2.736,1.0,48.47,3.0,3.0
dixyrazine,1,427.614,3.552,1.0,39.18,4.0,9.0
dextromoramide (levomoramide and racemoramide),1,392.543,3.563,0.0,32.78,4.0,6.0
triamcinolone benetonide,1,623.718,4.036,2.0,128.23,6.0,7.0
phenoxybenzamine,0,303.833,4.195,0.0,12.47,2.0,8.0
phenoxypropazine,1,166.224,0.917,2.0,47.28,1.0,4.0
gr94839_f,0,161.225,0.176,1.0,52.32,0.0,3.0
fenoterol,0,303.358,2.058,5.0,92.95,2.0,6.0
remacemide,1,268.36,2.219,2.0,55.12,2.0,5.0
dimethylamphetamine,1,163.264,2.179,0.0,3.24,1.0,3.0
benzphetamine(benzfetamine),1,239.362,3.75,0.0,3.24,2.0,5.0
furfenorex,1,229.323,3.343,0.0,16.38,2.0,5.0
amfetaminil,1,250.345,3.472,1.0,35.82,2.0,5.0
tixadil,1,359.538,5.894,1.0,12.03,4.0,6.0
fenethylline,1,341.415,0.654,1.0,73.85,3.0,6.0
pheniprazine,1,150.225,1.081,2.0,38.05,1.0,3.0
n-(1-phenylpropan-2-yl)hydroxylamine,0,151.209,1.596,2.0,32.26,1.0,3.0
oxifentorex,1,255.361,3.762,0.0,23.06,2.0,5.0
mesocarb,1,323.376,3.41,2.0,71.04,3.0,5.0
alaproclate,1,255.745,2.552,1.0,52.32,1.0,4.0
cafedrine,1,357.414,0.145,2.0,94.08,3.0,6.0
mebanazine,1,136.198,1.211,2.0,38.05,1.0,2.0
benmoxin,1,240.306,2.682,2.0,41.13,2.0,4.0
proxyphylline,1,238.247,-1.185,1.0,82.05,2.0,2.0
pentabamate,1,204.226,0.59,2.0,104.64,0.0,4.0
schembl11806329,1,230.267,2.353,2.0,67.84,2.0,3.0
"3,3-dimethyl-7-oxo-6-[(2-phenoxypropanoyl)amino]-4-thia-1-azabicyclo[3.2.0]heptane-2-carboxylic acid",0,364.423,1.086,2.0,95.94,3.0,5.0
zoniclezole,1,247.685,3.287,0.0,43.85,3.0,2.0
cefcapene,0,453.502,0.353,4.0,177.94,3.0,7.0
vinbarbital,1,224.26,1.105,2.0,75.27,1.0,3.0
gepirone,1,359.474,1.554,0.0,69.64,3.0,6.0
brl-53087,1,383.363,4.649,0.0,23.55,3.0,4.0
zetidoline,1,307.825,2.924,0.0,26.79,3.0,4.0
methastyridone,1,217.268,1.951,1.0,38.33,2.0,2.0
dimethadione,1,129.115,0.031,1.0,55.4,1.0,0.0
brofoxine,1,256.099,3.246,1.0,38.33,2.0,0.0
schembl25227,1,487.395,3.883,1.0,72.83,5.0,2.0
tralonide,1,489.386,4.86,0.0,52.6,5.0,2.0
77326-96-6,1,434.504,2.275,2.0,93.06,5.0,2.0
desonide,1,416.514,2.327,2.0,93.06,5.0,2.0
drocinonide,1,438.536,2.723,2.0,93.06,5.0,2.0
triclonide,1,505.841,5.129,0.0,52.6,5.0,2.0
ciprocinonida,1,520.569,3.328,1.0,99.13,6.0,4.0
triamcinolone acetonide,1,434.504,2.419,2.0,93.06,5.0,2.0
triamcinolone furetonide,1,578.633,5.03,1.0,112.27,7.0,4.0
halcinonide,1,454.966,3.889,1.0,72.83,5.0,2.0
fluocinolone-acetonide,1,452.494,2.367,2.0,93.06,5.0,2.0
flurandrenolide,1,436.52,2.499,2.0,93.06,5.0,2.0
pirbenicillin,0,510.576,0.567,4.0,169.78,4.0,7.0
thiphencillin,0,366.464,1.41,2.0,86.71,3.0,5.0
penicillin,0,334.397,0.861,2.0,86.71,3.0,4.0
apalcillin,0,521.555,1.026,4.0,161.56,5.0,6.0
oxetacillin,0,405.476,1.117,3.0,110.18,4.0,3.0
hetacillin,0,389.477,1.411,2.0,89.95,4.0,3.0
mecillinam,0,325.434,1.406,1.0,73.21,3.0,3.0
carindacillin,0,494.569,2.496,2.0,113.01,5.0,6.0
carfecillin,0,454.504,2.007,2.0,113.01,4.0,6.0
fenbenicillin,0,426.494,2.438,2.0,95.94,4.0,6.0
sulbenicillin,0,414.461,0.247,3.0,141.08,3.0,5.0
cyclacillin,0,341.433,0.28,3.0,112.73,3.0,3.0
amantocillin,0,393.509,0.916,3.0,112.73,6.0,3.0
penicillin n,0,359.404,-0.8,4.0,150.03,2.0,7.0
phenoxymethylpenicillin,0,350.396,0.697,2.0,95.94,3.0,5.0
benzylpenicillin,0,334.397,0.861,2.0,86.71,3.0,4.0
fumoxicillin,0,443.481,1.777,3.0,132.44,4.0,6.0
epicillin,0,351.428,0.222,3.0,112.73,3.0,4.0
amoxicillin,0,365.411,0.024,4.0,132.96,3.0,4.0
ampicillin,0,349.412,0.318,3.0,112.73,3.0,4.0
sultamicillin,0,582.657,-0.477,4.0,204.48,5.0,5.0
talampicillin,0,481.53,1.646,2.0,128.03,5.0,5.0
rotamicillin,0,549.653,1.458,4.0,140.2,5.0,8.0
mezlocillin,0,539.592,-0.234,3.0,173.5,4.0,6.0
piroxicillin,0,672.702,0.361,8.0,266.01,5.0,9.0
piridicillin sodium,0,729.79,-0.174,7.0,246.74,5.0,13.0
suncillin,0,429.476,-0.248,4.0,153.11,3.0,6.0
quinacillin,0,416.415,0.573,3.0,149.79,4.0,4.0
tigemonam,0,437.412,-1.629,4.0,210.81,2.0,8.0
morsuximide,1,288.347,0.993,0.0,49.85,3.0,3.0
isoflupredone,1,378.44,1.65,3.0,94.83,4.0,2.0
alfadolonum [inn-latin],1,348.483,2.747,2.0,74.6,4.0,2.0
schembl1649910,1,413.341,3.166,2.0,74.6,4.0,2.0
memantine,1,179.307,2.694,1.0,26.02,4.0,0.0
cortexolone(cortodoxonecortifen),1,346.467,2.811,2.0,74.6,4.0,2.0
camphor,1,152.237,2.402,0.0,17.07,2.0,0.0
dezocine,1,245.366,3.114,2.0,46.25,3.0,0.0
amcinafide,1,496.575,3.556,2.0,93.06,6.0,3.0
cefrotil,0,414.487,0.728,3.0,111.1,4.0,5.0
cephradine (cefradine),0,349.412,0.349,3.0,112.73,3.0,4.0
cefedrolor,0,397.84,0.804,4.0,132.96,3.0,4.0
cefadroxil,0,363.395,0.151,4.0,132.96,3.0,4.0
cefsumide,0,440.503,-0.184,4.0,158.9,3.0,6.0
cephalexin,0,347.396,0.445,3.0,112.73,3.0,4.0
virginiamycin-factor-m1,0,525.602,2.659,2.0,139.04,3.0,1.0
ketazolam,1,368.82,3.28,0.0,49.85,4.0,1.0
"morphinan-3-ol, 6,7-didehydro-4,5-epoxy-6,17-dimethyl-, (5.alpha.)-",1,283.371,2.617,1.0,32.7,5.0,0.0
cortisuzol,1,672.8,4.841,3.0,156.02,7.0,6.0
edaravone,1,174.203,1.799,0.0,32.67,2.0,1.0
dazepinil,1,250.345,3.966,0.0,15.6,3.0,1.0
metazocine,1,231.339,2.546,1.0,23.47,3.0,0.0
ribavirin,1,271.404,3.326,1.0,23.47,4.0,2.0
phenazocine,1,321.464,4.159,1.0,23.47,4.0,3.0
crilvastatin,1,253.342,2.023,1.0,55.4,2.0,2.0
cormetasone,1,428.447,2.141,3.0,94.83,4.0,2.0
ft-0778082,1,428.903,3.09,2.0,74.6,4.0,2.0
90566-53-3,1,444.515,3.469,2.0,74.6,4.0,2.0
clobetasol,1,410.913,3.142,2.0,74.6,4.0,2.0
naranol,1,283.371,2.661,1.0,32.7,4.0,0.0
"9-[3-(3,5-dimethyl-1-piperazinyl)propyl]carbazole",1,321.468,3.867,1.0,20.2,4.0,4.0
mexazolam,1,363.244,3.867,1.0,41.57,4.0,1.0
pristinamycin-ic,0,852.946,0.88,4.0,227.96,6.0,6.0
fenmetramide,1,191.23,1.263,1.0,38.33,2.0,1.0
phenmetrazine,1,177.247,1.736,1.0,21.26,2.0,1.0
paraldehyde,1,132.159,1.088,0.0,27.69,1.0,0.0
4-demethoxyadriamycin hcl,0,513.499,-0.007,6.0,196.84,5.0,4.0
proscillaridin a,0,530.658,3.014,4.0,129.59,6.0,3.0
enilospirone,1,295.766,2.893,1.0,47.56,3.0,2.0
trebenzomine,1,191.274,1.94,0.0,12.47,2.0,1.0
ketazocine,1,285.387,2.967,1.0,40.54,4.0,2.0
propanidid,1,44.097,1.416,0.0,0.0,0.0,0.0
normethadone,1,295.426,3.904,0.0,20.31,2.0,7.0
isomethadone,1,309.453,4.15,0.0,20.31,2.0,7.0
propyperone,1,388.527,4.088,0.0,40.62,3.0,8.0
resocortol,1,360.494,3.199,2.0,74.6,4.0,2.0
ketobemidone,1,247.338,2.335,1.0,40.54,2.0,3.0
eclanamine,1,329.271,4.219,0.0,23.55,2.0,4.0
remifentanil,1,376.453,2.0,0.0,76.15,2.0,7.0
carfentanil,1,394.515,3.68,0.0,49.85,3.0,7.0
trimethoprim,1,416.526,1.384,0.0,85.49,3.0,9.0
lofentanil,1,408.542,3.926,0.0,49.85,3.0,7.0
trefentanil,1,466.561,3.033,0.0,76.26,4.0,8.0
suproclone,1,520.036,3.338,0.0,95.94,5.0,3.0
parapropamol,1,165.192,1.741,2.0,49.33,1.0,2.0
alphaprodine (betaprodine),1,261.365,2.807,0.0,29.54,2.0,3.0
midecamycin,0,813.979,2.767,3.0,206.05,3.0,12.0
beclomethasonedipropionate(beclometasone-dipropionate),1,521.05,4.087,1.0,106.97,4.0,6.0
betamethasone-valerate,1,504.595,3.818,1.0,106.97,4.0,6.0
alclometasone-dipropionate,1,521.05,3.943,1.0,106.97,4.0,6.0
akos024419646,1,508.558,3.328,1.0,99.13,5.0,4.0
diproleandomycin,0,799.996,3.83,1.0,178.12,4.0,10.0
dextropropoxyphene,1,339.479,4.276,0.0,29.54,2.0,8.0
clobetasol-propionate,1,466.977,4.103,1.0,80.67,4.0,4.0
hydrocortisone-aceponate,1,460.567,3.313,1.0,106.97,4.0,5.0
methylprednisolone-aceponate,1,472.578,3.335,1.0,106.97,4.0,5.0
amelometasone,1,462.558,3.511,1.0,89.9,4.0,5.0
schembl144284,1,482.589,4.133,1.0,80.67,4.0,3.0
schembl13773292,1,517.034,4.699,1.0,80.67,4.0,4.0
fluticasone propionate,1,500.579,4.43,1.0,80.67,4.0,4.0
alphameprodine/betameprodine,1,275.392,3.197,0.0,29.54,2.0,4.0
propiomazine,1,340.492,4.832,0.0,23.55,3.0,5.0
carphenazine,1,425.598,3.882,1.0,47.02,4.0,8.0
ibrotamide,1,208.099,1.671,1.0,43.09,0.0,3.0
acecarbromal,1,279.134,1.312,2.0,75.27,0.0,3.0
carbromal,1,237.097,1.135,2.0,72.19,0.0,3.0
pheneturide,1,206.245,1.375,2.0,72.19,1.0,3.0
fenbutrazate,1,367.489,4.185,0.0,38.77,3.0,7.0
etiracetam,1,170.212,-0.127,1.0,63.4,1.0,3.0
emylcamate,1,145.202,1.66,1.0,52.32,0.0,3.0
homprenorphine,1,451.607,3.857,1.0,51.16,8.0,6.0
sulfonethylmethane,1,242.362,0.982,0.0,68.28,0.0,5.0
nisobamate,1,274.361,2.269,2.0,90.65,0.0,7.0
mebutamate,1,232.28,1.229,2.0,104.64,0.0,6.0
capuride,1,186.255,1.254,2.0,72.19,0.0,4.0
valnoctamide,1,143.23,1.544,1.0,43.09,0.0,4.0
bacitracin,0,1422.72,-1.678,17.0,530.87,4.0,35.0
butobarbitone,1,212.249,0.795,2.0,75.27,1.0,3.0
eqvalan,0,1736.185,10.813,6.0,340.12,14.0,15.0
embutramide,1,293.407,2.642,2.0,58.56,1.0,9.0
etryptamine,1,188.274,2.448,2.0,41.81,2.0,3.0
hydroxyphenamate (oxyfenamate),1,209.245,1.38,2.0,72.55,1.0,4.0
betamethadol,1,311.469,4.084,1.0,23.47,2.0,7.0
levacetylmethadol,1,353.506,4.655,0.0,29.54,2.0,8.0
procymate,1,185.267,2.441,1.0,52.32,1.0,3.0
mls006011441,0,378.45,1.476,2.0,95.94,3.0,6.0
bemegride,1,155.197,0.839,1.0,46.17,1.0,1.0
paramethadione,1,157.169,0.764,0.0,46.61,1.0,1.0
heptabarb,1,250.298,1.639,2.0,75.27,2.0,2.0
pyrithyldione,1,167.208,1.005,1.0,46.17,1.0,2.0
metharbital,1,198.222,0.501,1.0,66.48,1.0,2.0
phetharbital,1,260.293,2.076,1.0,66.48,2.0,3.0
ethypicone,1,181.235,1.395,1.0,46.17,1.0,2.0
methyprylon,1,183.251,1.128,1.0,46.17,1.0,2.0
amcinafal,1,462.558,3.199,2.0,93.06,5.0,4.0
tolquinzole,1,245.366,2.829,1.0,23.47,3.0,1.0
eterobarb,1,320.345,1.333,0.0,76.15,2.0,6.0
benzobarbital,1,336.347,2.253,1.0,83.55,3.0,3.0
mephobarbital(methylphenobarbital),1,246.266,1.043,1.0,66.48,2.0,2.0
methetoin,1,218.256,1.474,1.0,49.41,2.0,2.0
piperacillin,1,217.268,1.771,1.0,46.17,2.0,2.0
mephenytoin,1,218.256,1.474,1.0,49.41,2.0,2.0
iminophenimide,1,218.256,0.538,2.0,58.2,2.0,2.0
etoxadrol,1,261.365,2.807,1.0,30.49,3.0,3.0
gemazocine,1,299.458,4.107,1.0,23.47,4.0,3.0
cogazocine,1,313.485,4.497,1.0,23.47,4.0,3.0
fenimide,1,217.268,1.627,1.0,46.17,2.0,2.0
pristinamycin-ia,0,866.973,1.27,4.0,227.96,6.0,7.0
saripidem,1,341.842,4.413,0.0,37.61,3.0,5.0
clobetasone butyrate,1,478.988,4.701,0.0,77.51,4.0,5.0
hydrocortisone-butyrate,1,432.557,3.133,2.0,100.9,4.0,5.0
hydrocortisone-buteprate,1,488.621,4.094,1.0,106.97,4.0,7.0
amebucort,1,488.621,3.949,1.0,106.97,4.0,6.0
difluprednate,1,508.558,3.52,1.0,106.97,4.0,6.0
icometasone-enbutate,1,521.05,4.087,1.0,106.97,4.0,6.0
domoprednate,1,428.569,4.326,1.0,80.67,4.0,4.0
pyrovalerone,1,245.366,3.442,0.0,20.31,2.0,5.0
etorphine,1,411.542,3.164,2.0,62.16,7.0,4.0
methitural,1,288.438,1.693,2.0,58.2,1.0,6.0
tetrabarbital,1,240.303,1.575,2.0,75.27,1.0,5.0
thiotetrabarbital,1,256.371,1.74,2.0,58.2,1.0,5.0
valdipromide,1,185.311,2.858,1.0,43.09,0.0,7.0
valproate-pivoxil,1,258.358,3.293,0.0,52.6,0.0,7.0
valpromide,1,143.23,1.688,1.0,43.09,0.0,5.0
prolintane,1,217.356,3.494,0.0,3.24,2.0,5.0
chlorobutanol,1,108.568,1.344,1.0,20.23,0.0,2.0
tolboxane,1,232.132,2.543,0.0,18.46,2.0,3.0
lincomycine,0,406.545,-0.857,5.0,122.49,2.0,7.0
prednival,1,444.568,3.299,2.0,100.9,4.0,6.0
fluprednisolone-valerate,1,462.558,3.247,2.0,100.9,4.0,6.0
hydrocortisone-hemisuccinate,1,446.584,3.523,2.0,100.9,4.0,6.0
betamethasone valerate,1,476.585,3.637,2.0,100.9,4.0,6.0
butoctamide,1,215.337,2.09,2.0,49.33,0.0,8.0
caproxamine,1,263.385,2.837,2.0,73.63,1.0,8.0
carbubarb,1,271.273,0.014,3.0,127.59,1.0,6.0
tonazocine,1,357.538,4.846,1.0,40.54,3.0,7.0
fluocortolone-21-hexanoat,1,474.613,4.768,1.0,80.67,4.0,7.0
nabazenil,1,537.829,9.313,0.0,38.77,4.0,11.0
hexapradol,1,283.415,3.83,2.0,46.25,2.0,7.0
mirincamycin,0,439.018,0.828,5.0,111.05,2.0,9.0
fluphenazine-enanthate,1,549.703,6.829,0.0,36.02,4.0,12.0
nabilone,1,372.549,6.264,1.0,46.53,3.0,6.0
octamoxin,1,144.262,1.809,2.0,38.05,0.0,6.0
teichomycin,0,1879.68,1.164,24.0,662.41,16.0,20.0
bromperidol-decanoate,1,574.575,8.226,0.0,46.61,3.0,15.0
haloperidol decanoate,1,530.124,8.117,0.0,46.61,3.0,15.0
dioxamate,1,287.4,3.354,1.0,70.78,1.0,10.0
myrophine,1,585.829,8.324,0.0,48.0,6.0,16.0
pipotiazine palmitate,1,714.095,10.056,0.0,70.16,4.0,23.0
prednisolone-steaglate,1,684.955,7.913,2.0,127.2,4.0,21.0
decimemide,1,337.46,4.322,1.0,70.78,1.0,13.0
nonapyrimine,1,260.385,4.12,2.0,53.6,2.0,9.0
eptastigmine,1,359.514,4.115,1.0,44.81,3.0,7.0
sameridine,1,330.516,4.079,0.0,23.55,2.0,8.0
xanomeline,1,281.425,3.216,0.0,38.25,2.0,7.0
tazomeline,1,297.493,3.929,0.0,29.02,2.0,7.0
milacemide,1,144.218,0.252,2.0,55.12,0.0,6.0
pentamorphone,1,368.477,2.309,2.0,61.8,5.0,5.0
alprostadil,0,354.487,3.475,3.0,94.83,1.0,13.0
cp29,1,195.262,2.053,1.0,42.23,1.0,4.0
umespirone,1,512.651,2.394,0.0,90.47,4.0,10.0
fengabine,1,322.235,5.337,1.0,32.59,2.0,5.0
tybamate,1,274.361,2.414,2.0,90.65,0.0,9.0
ethomoxane,1,265.353,2.615,1.0,39.72,2.0,7.0
butamoxane,1,221.3,2.216,1.0,30.49,2.0,5.0
tracazolate,1,304.394,3.148,1.0,69.04,2.0,7.0
cartazolate,1,290.367,2.84,1.0,69.04,2.0,7.0
schembl25219,1,446.559,3.988,1.0,80.67,4.0,5.0
fluocortin butyl,1,446.559,3.988,1.0,80.67,4.0,5.0
difebarbamate,1,578.663,2.686,2.0,180.79,2.0,18.0
febarbamate,1,405.451,1.693,2.0,128.03,2.0,10.0
dyclonine hydrochloride,0,289.419,3.924,0.0,29.54,2.0,8.0
captodiame,1,359.604,5.963,0.0,3.24,2.0,10.0
trospectomycin,0,374.434,-1.755,5.0,129.51,3.0,5.0
denbufylline,1,320.393,1.549,0.0,78.89,2.0,8.0
cp24,1,181.235,1.662,1.0,42.23,1.0,3.0
alpidem,1,404.341,5.499,0.0,37.61,3.0,7.0
alentemol,1,283.415,4.135,1.0,23.47,3.0,5.0
alnespirone,1,442.6,4.2,0.0,59.08,4.0,9.0
besipirdine,1,251.333,3.716,0.0,21.06,3.0,4.0
quinagolidum [inn-latin],1,395.569,2.136,2.0,72.88,3.0,7.0
tepirindole,1,274.795,4.32,1.0,19.03,3.0,3.0
prosulpride,1,355.46,0.947,2.0,101.73,2.0,7.0
profexalone,1,248.282,2.3,1.0,58.64,2.0,3.0
rp 60180,1,395.572,4.913,1.0,35.58,4.0,6.0
apadoline,1,395.572,4.913,1.0,35.58,4.0,6.0
propafenone,0,341.451,3.241,2.0,58.56,2.0,11.0
gr89696_pr,1,442.387,3.691,0.0,53.09,3.0,6.0
propoxate,1,258.321,3.059,0.0,44.12,2.0,5.0
tioperidone,1,452.624,3.794,1.0,61.34,4.0,9.0
clindamycin,0,424.991,0.39,4.0,102.26,2.0,7.0
clindamycin-phosphate,0,504.97,0.507,5.0,148.79,2.0,9.0
itrocinonide,1,568.61,4.258,1.0,117.59,5.0,6.0
rofleponide,1,468.537,2.981,2.0,93.06,5.0,4.0
acetorphine,1,453.579,3.383,1.0,68.23,7.0,5.0
picenadol,1,247.382,3.402,1.0,23.47,2.0,3.0
chloroethane,1,64.515,1.245,0.0,0.0,0.0,0.0
zaleplon,1,305.341,2.641,0.0,74.29,3.0,3.0
benzquinamide,1,404.507,2.423,0.0,68.31,3.0,6.0
tricetamide,1,324.377,1.311,1.0,77.1,1.0,8.0
rifamide,0,810.938,5.296,5.0,210.62,5.0,7.0
stacofylline,1,419.53,-0.017,0.0,88.61,3.0,6.0
lisuride,1,338.455,2.841,2.0,51.37,4.0,3.0
terguride,1,340.471,2.932,2.0,51.37,4.0,3.0
endomid,1,292.423,2.162,0.0,40.62,2.0,6.0
milnacipran,1,246.354,1.771,1.0,46.33,2.0,5.0
nikethamide,1,178.235,1.564,0.0,33.2,1.0,3.0
rifametane,0,836.98,5.848,6.0,229.27,5.0,6.0
isothamine(profenamine),1,312.482,5.02,0.0,6.48,3.0,5.0
elanzepine,1,312.844,5.171,1.0,15.27,3.0,4.0
prednisolamate,1,473.61,2.45,2.0,104.14,4.0,7.0
hydrocortamate,1,475.626,2.674,2.0,104.14,4.0,7.0
propacetamol,1,264.325,1.892,1.0,58.64,1.0,6.0
fluacizine,1,394.462,5.567,0.0,23.55,3.0,5.0
methylprednisolone,1,387.886,4.005,0.0,35.91,3.0,6.0
diethazine,1,298.455,4.631,0.0,6.48,3.0,5.0
clofexamide,1,284.787,2.177,1.0,41.57,1.0,8.0
akos026749852,1,280.368,1.532,1.0,50.8,1.0,9.0
bromopride,1,344.253,2.111,2.0,67.59,1.0,7.0
diclometide,1,319.232,3.074,1.0,41.57,1.0,7.0
tiapride,1,328.434,1.17,1.0,75.71,1.0,8.0
benactyzine,1,327.424,2.808,1.0,49.77,2.0,8.0
clofenciclan,1,309.881,4.858,0.0,12.47,2.0,7.0
etamiphyllin,1,279.344,-0.224,0.0,65.06,2.0,5.0
etisulergine,1,376.526,2.056,2.0,68.44,4.0,5.0
atolide,1,297.402,3.676,2.0,58.36,2.0,5.0
rifamexil,0,809.979,6.504,5.0,197.21,5.0,5.0
ethotoin,1,204.229,1.299,1.0,49.41,2.0,2.0
doxapram,1,378.516,3.173,0.0,32.78,4.0,6.0
pridefine,1,263.384,4.214,0.0,3.24,3.0,3.0
etacepride,1,304.39,2.112,1.0,58.64,2.0,6.0
amisulpride,1,369.487,1.285,2.0,101.73,2.0,7.0
sultopride,1,354.472,1.703,1.0,75.71,2.0,7.0
remoxipride,1,371.275,2.68,1.0,50.8,2.0,6.0
blonanserin,1,367.512,4.689,0.0,19.37,4.0,3.0
tiflucarbine,1,288.391,4.208,1.0,19.03,4.0,1.0
fenozolone,1,204.229,1.25,1.0,50.69,2.0,2.0
etasuline,1,302.83,4.964,1.0,24.39,3.0,2.0
cinromide,1,254.127,2.598,1.0,29.1,1.0,3.0
amperozide,1,401.501,4.224,1.0,35.58,3.0,7.0
eticyclidine,1,203.329,3.456,1.0,12.03,2.0,3.0
tiletamine,1,223.341,2.696,1.0,29.1,2.0,3.0
etifoxine,1,300.789,4.231,1.0,33.62,3.0,2.0
etilefrine,0,181.235,1.035,3.0,52.49,1.0,4.0
skb_a,1,226.345,2.068,2.0,45.15,1.0,5.0
netilmicin,0,475.587,-3.201,8.0,199.73,3.0,8.0
zylofuramine,1,219.328,2.386,1.0,21.26,2.0,5.0
ethyl biscoumacetate,0,408.362,3.006,2.0,127.18,4.0,4.0
hydroxypethidine,1,263.337,1.919,1.0,49.77,2.0,3.0
tilidine,1,273.376,2.768,0.0,29.54,2.0,4.0
piminodine,1,366.505,4.086,1.0,41.57,3.0,8.0
anileridine,1,352.478,3.408,1.0,55.56,3.0,6.0
felodipine,0,384.259,3.964,1.0,64.63,2.0,4.0
ethyl-loflazepate,1,360.772,3.2,1.0,67.76,3.0,3.0
bervastatin,1,466.549,4.954,2.0,75.99,4.0,8.0
flubanilate,1,304.312,3.23,0.0,32.78,1.0,5.0
encyprate,1,219.284,2.808,0.0,29.54,2.0,4.0
arfendazam,1,344.798,4.371,0.0,49.85,3.0,2.0
gr89696_et,1,428.36,3.301,0.0,53.09,3.0,5.0
carbocloral,1,236.482,1.421,2.0,58.56,0.0,2.0
carbenzide,1,208.261,1.998,2.0,50.36,1.0,4.0
ezogabine,1,303.337,3.588,3.0,76.38,2.0,5.0
bacmecillinam,0,441.55,2.384,0.0,97.74,3.0,6.0
loteprednol etabonate,1,466.958,3.917,1.0,99.13,4.0,4.0
cetotiamine,1,426.495,3.01,1.0,133.94,1.0,10.0
prednicarbate,1,488.577,3.699,1.0,116.2,4.0,6.0
enalapril,0,376.453,1.605,2.0,95.94,2.0,9.0
alpertine,1,437.54,3.727,1.0,67.03,4.0,8.0
etazolate,1,289.339,2.436,1.0,81.4,2.0,5.0
flutomidate,1,262.284,2.808,0.0,44.12,2.0,4.0
pimozide,1,244.294,2.669,0.0,44.12,2.0,4.0
urethane,1,89.094,0.102,1.0,52.32,0.0,1.0
detorubicin,0,673.668,0.951,5.0,230.6,5.0,11.0
etazepine,1,267.328,3.403,0.0,29.54,3.0,2.0
lirequinil,1,448.95,4.643,0.0,51.54,5.0,4.0
minaxolone,1,405.623,4.15,1.0,49.77,4.0,4.0
nafcillin,0,414.483,2.484,2.0,95.94,4.0,5.0
viloxazine,1,237.299,1.452,1.0,39.72,2.0,5.0
reboxetine,1,313.397,3.194,1.0,39.72,3.0,6.0
sulfonmethane,1,228.335,0.592,0.0,68.28,0.0,4.0
elfazepam,1,408.882,3.098,0.0,66.81,3.0,5.0
fluoresone,1,188.223,1.619,0.0,34.14,1.0,2.0
tipredane,1,410.62,5.17,1.0,37.3,4.0,3.0
thiethylperazine,1,399.629,5.039,0.0,9.72,4.0,6.0
ethambutol,0,204.314,-0.293,4.0,64.52,0.0,9.0
alphamethadol,1,311.469,4.084,1.0,23.47,2.0,7.0
aclucinomycin a,0,811.878,3.158,4.0,217.05,7.0,9.0
rodorubicin,0,941.037,3.107,5.0,241.91,9.0,9.0
mevastatin,1,390.52,3.95,1.0,72.83,3.0,6.0
skb-i,0,446.554,6.028,1.0,59.81,5.0,7.0
talnetant,1,382.463,5.489,2.0,62.22,4.0,5.0
sb 235375,0,440.499,5.246,2.0,88.52,4.0,8.0
skb-e,0,468.553,6.027,2.0,88.52,4.0,10.0
chembl2113676,1,467.613,6.113,1.0,54.46,4.0,10.0
skb-f,0,587.676,6.219,3.0,117.62,5.0,12.0
skb-g,0,544.655,5.916,2.0,93.21,5.0,11.0
skb-h,0,522.649,5.03,3.0,92.35,5.0,10.0
conorphone(conorfone),1,367.489,3.35,0.0,38.77,6.0,4.0
emetine hydrochloride,0,480.649,4.943,1.0,52.19,5.0,7.0
lexithromycin,0,762.979,2.219,5.0,198.43,3.0,8.0
berythromycin,0,717.938,2.671,4.0,173.68,3.0,7.0
azithromycin,0,748.996,1.901,5.0,180.08,3.0,7.0
roxithromycin,0,837.058,2.21,5.0,216.89,3.0,13.0
erythromycin,0,733.937,1.786,5.0,193.91,3.0,7.0
dirithromycin,0,835.086,2.202,5.0,196.33,4.0,12.0
flurithromycin,0,751.927,1.878,5.0,193.91,3.0,7.0
clarithromycin,0,747.964,2.44,4.0,182.91,3.0,8.0
vindesine,0,753.941,2.732,5.0,164.82,9.0,6.0
bremazocine,1,315.457,3.222,2.0,43.7,4.0,3.0
bretylium,0,243.168,3.045,0.0,0.0,1.0,3.0
methantheline,0,340.443,3.954,0.0,35.53,3.0,6.0
tofisoline,1,382.46,4.515,0.0,64.6,3.0,6.0
molindone,1,276.38,1.963,1.0,45.33,3.0,3.0
piquindone,1,246.354,2.192,1.0,36.1,3.0,1.0
cp94,1,167.208,1.136,1.0,42.23,1.0,2.0
cp-107,0,211.261,0.889,2.0,62.46,1.0,5.0
cp102,0,183.207,0.109,2.0,62.46,1.0,3.0
fasiplon,1,273.296,1.967,0.0,78.34,3.0,3.0
divaplon,1,295.342,2.84,0.0,56.49,3.0,4.0
etizolam,1,342.855,4.204,0.0,43.07,4.0,2.0
etymemazine,1,326.509,5.049,0.0,6.48,3.0,5.0
etaqualone,1,264.328,3.257,0.0,34.89,3.0,2.0
etoperidone,1,377.92,2.493,0.0,46.3,3.0,7.0
nefazodone,1,470.017,3.552,0.0,55.53,4.0,10.0
tandamine,1,302.487,4.117,0.0,8.17,3.0,4.0
amfonelic-acid,1,308.337,2.705,1.0,72.19,3.0,4.0
metronidazole,1,153.181,0.882,1.0,42.23,1.0,1.0
ripazepam,1,268.32,2.001,1.0,59.28,3.0,2.0
brifentanil,1,420.489,0.989,0.0,85.49,3.0,8.0
dulozafone,1,425.312,2.474,2.0,81.08,2.0,9.0
lorzafone,1,394.258,2.262,2.0,92.5,2.0,6.0
avizafone,1,430.936,2.106,3.0,118.52,2.0,10.0
ciprazafone,1,377.271,3.939,1.0,49.41,3.0,6.0
u50488,1,369.336,4.401,0.0,23.55,3.0,4.0
chembl106345,1,391.342,4.831,0.0,23.55,3.0,6.0
spiradoline,1,425.4,4.56,0.0,32.78,4.0,4.0
emd60400,0,353.466,2.078,2.0,69.8,3.0,6.0
amiperone,1,430.951,4.564,0.0,40.62,3.0,7.0
bromamid,1,271.158,2.339,1.0,32.34,1.0,4.0
oxitriptyline,1,295.382,2.979,0.0,29.54,3.0,3.0
camazepam,1,371.824,3.178,0.0,62.21,3.0,2.0
rilmazafone,1,475.336,2.082,2.0,123.21,3.0,7.0
cericlamine,1,262.18,2.849,1.0,23.47,1.0,4.0
zimeldine,1,317.23,3.837,0.0,16.13,2.0,4.0
thozalinone,1,204.229,1.202,0.0,41.9,2.0,1.0
guamecycline,0,626.671,-1.957,9.0,262.36,5.0,4.0
pipacycline,0,586.642,-1.173,7.0,194.34,5.0,6.0
flucindol,1,250.292,2.865,1.0,19.03,3.0,1.0
cyclindole,1,214.312,2.587,1.0,19.03,3.0,1.0
intriptyline,1,285.39,4.167,0.0,3.24,3.0,1.0
cotriptyline,1,291.394,3.348,0.0,20.31,3.0,3.0
dacemazine,1,284.384,3.378,0.0,23.55,3.0,2.0
aminopromazine,1,327.497,3.781,0.0,9.72,3.0,5.0
clemeprol,1,289.806,3.394,1.0,23.47,2.0,5.0
medifoxamine,1,257.333,3.032,0.0,21.7,2.0,6.0
sinequan,1,279.383,3.962,0.0,12.47,3.0,3.0
dothiepin,1,295.451,4.676,0.0,3.24,3.0,3.0
chlorprothixene,1,315.869,5.188,0.0,3.24,3.0,3.0
damotepine,1,267.397,4.253,0.0,3.24,3.0,2.0
spiroxepin,1,311.381,2.757,0.0,30.93,4.0,2.0
gamfexine,1,245.41,4.302,0.0,3.24,2.0,5.0
57932-12-4,1,257.377,3.127,0.0,12.47,3.0,3.0
indriline,1,263.384,3.951,0.0,3.24,3.0,4.0
melitracen,1,291.438,4.709,0.0,3.24,3.0,3.0
prothixene,1,281.424,4.535,0.0,3.24,3.0,3.0
clomacran,1,300.833,4.871,1.0,15.27,3.0,4.0
dimetacrine,1,294.442,4.416,0.0,6.48,3.0,4.0
tampramine,1,356.473,4.654,0.0,31.73,4.0,5.0
depramine,1,278.399,4.26,0.0,6.48,3.0,4.0
tienopramine,1,284.428,4.322,0.0,6.48,3.0,4.0
ketipramine(ketimipramine),1,294.398,3.515,0.0,23.55,3.0,4.0
cianopramine,1,305.425,3.747,0.0,30.27,3.0,4.0
prothipendyl,1,285.416,3.636,0.0,19.37,3.0,4.0
fantridone,1,280.371,3.106,0.0,25.24,3.0,4.0
clodazon,1,329.831,3.397,0.0,30.17,3.0,5.0
iprindole,1,284.447,4.252,0.0,8.17,3.0,4.0
fezolamine,1,305.425,4.169,0.0,21.06,3.0,6.0
binedaline,1,293.414,3.438,0.0,11.41,3.0,5.0
methapyrilene,1,261.394,2.711,0.0,19.37,2.0,6.0
thiazesim,1,326.465,3.818,0.0,23.55,3.0,4.0
dibenzepin,1,295.386,2.976,0.0,26.79,3.0,3.0
imidoline,1,267.76,2.144,0.0,26.79,2.0,4.0
deanol,1,89.138,-0.46,1.0,23.47,0.0,2.0
cyprodenate,1,227.348,2.452,0.0,29.54,1.0,6.0
meclofenoxate,1,257.717,1.824,0.0,38.77,1.0,6.0
chlorphenoxamine,1,303.833,4.182,0.0,12.47,2.0,6.0
bromodiphenhydramine,1,334.257,4.117,0.0,12.47,2.0,6.0
bufenadrine,1,311.469,4.652,0.0,12.47,2.0,6.0
ramciclane,1,315.501,4.392,0.0,12.47,3.0,6.0
zotepine,1,331.868,4.881,0.0,12.47,3.0,4.0
noxiptiline,1,294.398,3.116,0.0,24.83,3.0,4.0
dexnafenodone,1,293.41,3.705,0.0,20.31,3.0,4.0
psilocybine,1,284.252,1.744,3.0,85.79,2.0,5.0
6304-27-4,1,150.225,1.186,0.0,16.13,1.0,3.0
dimethazan,1,251.29,-1.005,0.0,65.06,2.0,3.0
cefotiam,0,525.642,-0.653,3.0,172.46,4.0,10.0
adinazolam,1,351.841,3.333,0.0,46.31,4.0,3.0
pipotiazine,1,475.68,4.024,1.0,64.09,4.0,8.0
dapoxetine,1,305.421,4.912,0.0,12.47,3.0,6.0
apicycline,0,630.651,-1.719,8.0,231.64,5.0,7.0
pecocycline,0,585.61,0.014,7.0,208.17,5.0,5.0
penimocyclin,0,805.863,0.18,9.0,266.37,7.0,9.0
clomocycline,0,508.911,-0.137,7.0,187.86,4.0,3.0
demeclocycline,0,464.858,0.108,6.0,181.62,4.0,2.0
auxeomycin,0,478.885,0.282,6.0,181.62,4.0,2.0
nitrocycline,0,459.411,-0.128,5.0,204.53,4.0,3.0
demecycline,0,430.413,-0.545,6.0,181.62,4.0,2.0
tetracycline,0,444.44,-0.371,6.0,181.62,4.0,2.0
oxytetracycline dihydrate,0,460.439,-1.4,7.0,201.85,4.0,2.0
amicycline,0,429.429,-0.454,6.0,187.41,4.0,2.0
ampyzine,1,123.159,0.543,0.0,29.02,1.0,1.0
cinfenine,1,357.497,5.438,0.0,12.47,3.0,9.0
lofepramine,1,418.968,5.782,0.0,23.55,4.0,7.0
etamocycline,0,1001.056,-0.688,12.0,341.74,8.0,11.0
azipramine,1,366.508,5.404,0.0,8.17,5.0,5.0
streptozocin,0,265.222,-2.891,5.0,151.92,1.0,3.0
temazepam,1,300.745,2.472,1.0,52.9,3.0,1.0
lormetazepam,1,335.19,3.126,1.0,52.9,3.0,1.0
flutemazepam,1,318.735,2.611,1.0,52.9,3.0,1.0
triflubazam,1,334.297,3.737,0.0,40.62,3.0,1.0
methsuximide(mesuximide),1,203.241,1.333,0.0,37.38,2.0,1.0
phensuximide,1,189.214,1.159,0.0,37.38,2.0,1.0
roxoperone,1,346.402,2.26,0.0,57.69,3.0,5.0
cotinine,1,176.219,1.375,0.0,33.2,2.0,1.0
dichlormezanone,1,308.186,2.269,0.0,54.45,2.0,1.0
chlormezanone,1,273.741,1.616,0.0,54.45,2.0,1.0
carburazepam,1,329.787,2.787,1.0,66.64,3.0,1.0
clazolam,1,312.8,3.264,0.0,23.55,4.0,0.0
tetrazepam,1,288.778,3.606,0.0,32.67,3.0,1.0
menitrazepam,1,299.33,2.861,0.0,75.81,3.0,2.0
nimetazepam,1,295.298,2.409,0.0,75.81,3.0,2.0
fludiazepam,1,302.736,3.293,0.0,32.67,3.0,1.0
trimethadione,1,143.142,0.374,0.0,46.61,1.0,0.0
sulazepam,1,300.814,3.955,0.0,15.6,3.0,1.0
tenoxicam,0,337.382,1.643,2.0,99.6,3.0,2.0
lobeline,1,337.463,4.236,1.0,40.54,3.0,6.0
methyclothiazide,0,360.244,0.598,2.0,109.57,2.0,2.0
polythiazide,0,439.89,1.655,2.0,109.57,2.0,4.0
atromepine,1,303.402,2.105,1.0,49.77,3.0,4.0
hyoscyamine,1,289.375,1.931,1.0,49.77,3.0,4.0
benztropine (benzatropine),1,307.437,4.418,0.0,12.47,4.0,4.0
fenobam,1,266.688,1.289,2.0,73.8,2.0,1.0
"7-methyl-9-(pyridin-2-ylsulfanylmethyl)-6,6a,8,9-tetrahydro-4h-indolo[4,3-fg]quinoline",1,347.487,4.225,1.0,31.92,5.0,3.0
mptp,1,173.259,2.406,0.0,3.24,2.0,1.0
danitracen,1,291.394,3.609,1.0,23.47,4.0,0.0
pizotifen,1,295.451,4.374,0.0,3.24,4.0,0.0
clopipazan,1,311.812,4.973,0.0,12.47,4.0,0.0
pimethixene,1,293.435,4.679,0.0,3.24,4.0,0.0
dimelazine,1,310.466,4.631,0.0,6.48,4.0,2.0
hepzidine,1,307.437,3.985,0.0,12.47,4.0,2.0
eptazocine,1,231.339,2.548,1.0,23.47,3.0,0.0
paramorfan,1,287.359,1.422,2.0,52.93,5.0,0.0
desomorphine,1,271.36,2.451,1.0,32.7,5.0,0.0
setiptiline,1,261.368,3.837,0.0,3.24,4.0,0.0
citatepine,1,318.445,4.659,0.0,27.03,4.0,0.0
erizepine,1,290.41,4.404,0.0,6.48,4.0,0.0
maroxepin,1,277.367,4.429,0.0,12.47,4.0,0.0
pecazine,1,310.466,4.631,0.0,6.48,4.0,2.0
homochlorcyclizine,1,314.86,4.067,0.0,6.48,3.0,3.0
dabelotine,1,262.353,1.436,1.0,33.73,3.0,3.0
loprazolam,1,464.913,2.933,0.0,94.65,5.0,3.0
sankyo,1,370.324,2.774,0.0,26.79,3.0,4.0
suriclone,1,477.999,3.032,0.0,78.87,5.0,2.0
chlorcyclizine,1,300.833,3.677,0.0,6.48,3.0,3.0
schembl11084330,1,361.876,4.354,0.0,30.27,4.0,1.0
oxacillin,1,326.831,3.723,1.0,30.87,4.0,0.0
fluperlapine,1,309.388,3.056,0.0,18.84,4.0,0.0
perlapine,1,291.398,2.917,0.0,18.84,4.0,0.0
clothiapine (clotiapine),1,343.883,4.13,0.0,18.84,4.0,0.0
pentiapine,1,299.403,2.131,0.0,36.66,4.0,0.0
tenilapine,1,340.477,3.404,0.0,42.63,4.0,0.0
clorotepine,1,344.911,4.336,0.0,6.48,4.0,1.0
mazipredone,1,442.6,1.813,2.0,81.08,5.0,3.0
trans-thiothixene,1,443.638,3.471,0.0,43.86,4.0,5.0
ftormetazine,1,421.488,4.472,0.0,26.79,4.0,3.0
phenobarbital,1,373.953,4.58,0.0,9.72,4.0,4.0
thioproperazine,1,446.642,3.177,0.0,47.1,4.0,6.0
imiclopazine,1,486.085,4.318,0.0,33.27,5.0,7.0
flupentixol,0,363.414,1.696,1.0,65.78,4.0,2.0
sevoflurane,0,399.397,2.719,1.0,65.78,4.0,3.0
pipofezine,1,297.362,2.102,0.0,44.73,4.0,1.0
sifaprazine,1,266.388,3.029,0.0,6.48,3.0,3.0
sipatrigine,1,372.687,3.438,1.0,58.28,3.0,2.0
timelotem,1,315.417,2.859,0.0,18.84,4.0,1.0
aptazapine maleate,1,253.349,2.343,0.0,11.41,4.0,0.0
medazepam,1,270.763,3.627,0.0,15.6,3.0,1.0
nefopam,1,253.345,3.238,0.0,12.47,3.0,1.0
7-k06,1,299.801,4.649,0.0,12.47,4.0,0.0
quilostigmine,1,377.488,3.613,0.0,36.02,5.0,1.0
dextrorphan,1,257.377,3.08,1.0,23.47,4.0,0.0
lortalamine,1,292.766,1.984,1.0,41.57,4.0,0.0
metopon,1,299.37,2.02,1.0,49.77,5.0,0.0
hydromorphone,1,285.343,1.63,1.0,49.77,5.0,0.0
morphine,1,285.343,1.198,2.0,52.93,5.0,0.0
hydromorphinol,1,303.358,0.537,3.0,73.16,5.0,0.0
nicomorphine,1,495.535,3.366,0.0,90.85,7.0,4.0
berupipam,1,408.723,4.363,1.0,32.7,4.0,1.0
odapipam acetate,1,329.827,3.6,1.0,32.7,4.0,1.0
apomorphine,1,267.328,2.85,2.0,43.7,4.0,0.0
delergotrile,1,265.36,3.042,1.0,42.82,4.0,1.0
mesulergine,1,362.499,1.287,1.0,57.58,4.0,3.0
losindole,1,297.829,4.206,0.0,3.24,4.0,1.0
org5222,1,285.774,4.259,0.0,12.47,4.0,0.0
dihydroergotamine,0,583.689,2.081,3.0,118.21,8.0,4.0
romergoline,1,350.422,0.996,2.0,68.44,5.0,2.0
nomifensine,1,238.334,2.846,1.0,29.26,3.0,1.0
granisetron,1,312.417,2.318,1.0,50.16,4.0,2.0
ricasetron,1,313.445,3.119,1.0,35.58,4.0,1.0
mirisetron,1,393.531,3.862,1.0,54.34,5.0,3.0
lufuradom,1,377.419,3.505,1.0,57.84,4.0,4.0
tianeptine,1,436.961,4.193,2.0,86.71,3.0,8.0
tuclazepam,1,335.234,3.555,1.0,35.83,3.0,2.0
tifluadom,1,393.487,3.973,1.0,44.7,4.0,4.0
napactadine hydrochloride,1,212.296,2.63,1.0,24.39,2.0,2.0
sertraline,1,299.761,1.849,1.0,48.19,3.0,1.0
clothixamide,1,442.028,4.38,1.0,35.58,4.0,6.0
aspoxicillin,0,493.542,-1.355,6.0,191.16,3.0,8.0
fluzinamide,1,274.242,2.108,1.0,41.57,2.0,2.0
mecloralurea,1,221.471,0.604,3.0,61.36,0.0,1.0
moxadolen,1,237.255,1.054,1.0,64.63,3.0,1.0
methoxyphedrine,0,193.246,1.486,1.0,38.33,1.0,4.0
hydroxyephedrine,0,181.235,1.033,3.0,52.49,1.0,3.0
gentamicin,0,477.603,-3.327,8.0,199.73,3.0,7.0
nomelidine,1,303.203,3.495,1.0,24.92,2.0,4.0
ketamine,1,237.73,2.898,1.0,29.1,2.0,2.0
isepamicin,0,569.609,-7.524,12.0,297.72,3.0,9.0
schembl1237910,1,237.346,3.873,1.0,12.03,3.0,2.0
ciclopramine,1,264.372,3.588,1.0,15.27,4.0,1.0
etrabamine,1,168.265,1.22,1.0,24.92,2.0,1.0
metapramine,1,238.334,3.271,1.0,15.27,3.0,1.0
dl-adrenaline,0,183.207,0.351,4.0,72.72,1.0,3.0
pivenfrine,0,251.326,1.891,2.0,58.56,1.0,4.0
benzoctamine,1,249.357,3.431,1.0,12.03,5.0,2.0
duloxetine,1,297.423,4.631,1.0,21.26,3.0,6.0
nisoxetine,1,271.36,3.425,1.0,30.49,2.0,7.0
litracen,1,277.411,4.367,1.0,12.03,3.0,3.0
octriptyline,1,275.395,4.312,1.0,12.03,4.0,3.0
amedalin,1,294.398,3.622,1.0,32.34,3.0,5.0
daledalin,1,280.415,4.096,1.0,15.27,3.0,5.0
talopram,1,295.426,4.195,1.0,21.26,3.0,5.0
protriptyline,1,263.384,4.302,1.0,12.03,3.0,4.0
bifemelane,1,269.388,3.656,1.0,21.26,2.0,8.0
mezepine,1,266.388,3.207,1.0,15.27,3.0,4.0
monometacrine,1,280.415,4.074,1.0,15.27,3.0,4.0
tofenacin,1,255.361,3.32,1.0,21.26,2.0,6.0
demexiptiline,1,278.355,3.045,1.0,33.62,3.0,4.0
fluradoline,1,301.386,4.382,1.0,21.26,3.0,4.0
lenapenem,0,399.513,-0.426,5.0,122.13,3.0,8.0
tomoxetine,1,255.361,3.725,1.0,21.26,2.0,6.0
almoxatone,1,346.814,3.464,1.0,50.8,3.0,6.0
levoprotiline,1,293.41,3.182,2.0,32.26,5.0,4.0
epinephrine,0,183.207,0.351,4.0,72.72,1.0,3.0
,1,328.501,2.727,4.0,100.68,1.0,4.0
ephedrine,0,165.236,1.328,2.0,32.26,1.0,3.0
indatraline,1,292.209,4.79,1.0,12.03,3.0,2.0
sisomicin,0,447.533,-3.851,8.0,213.72,3.0,6.0
sr-05000001656,0,539.583,-6.949,11.0,283.64,4.0,6.0
streptomycin,0,581.58,-8.161,12.0,336.43,3.0,9.0
prestwick0_000159,0,583.596,-8.368,13.0,339.59,3.0,9.0
1404-90-6,0,1449.271,0.106,19.0,530.49,12.0,13.0
nemonapride,1,387.911,3.783,2.0,53.6,3.0,6.0
mezilamine,1,287.82,1.645,1.0,44.29,2.0,3.0
oximonam,0,357.348,-1.192,3.0,156.44,2.0,7.0
"(6r)-7-[[(2z)-2-(2-amino-1,3-thiazol-4-yl)-2-methoxyiminoacetyl]amino]-3-[(z)-2-(4-methyl-1,3-thiazol-5-yl)ethenyl]-8-oxo-5-thia-1-azabicyclo[4.2.0]oct-2-ene-2-carboxylic acid",0,506.591,1.293,3.0,160.1,4.0,7.0
gloximonam,0,471.492,-0.392,2.0,171.74,2.0,9.0
ceftiolene,0,594.613,-1.436,4.0,232.03,4.0,10.0
cefetamet,0,397.438,-0.166,3.0,147.21,3.0,5.0
39685-31-9,0,423.403,-0.068,2.0,147.74,3.0,7.0
ceftioxide,0,471.473,-1.607,3.0,196.57,3.0,7.0
cefuroxime,1,424.391,-0.536,3.0,173.76,3.0,7.0
ceftiofur,0,523.574,0.981,3.0,177.42,4.0,8.0
cefuzonam,0,513.608,0.458,3.0,172.99,4.0,8.0
ceftriaxone,1,554.592,-1.611,4.0,214.96,4.0,8.0
cefmenoxime,0,511.571,-0.87,3.0,190.81,4.0,8.0
82547-58-8,0,479.504,-1.19,3.0,190.81,4.0,7.0
ceftizoxime,0,383.411,-0.556,3.0,147.21,3.0,5.0
cefuroxime-axetil,0,510.481,-0.168,2.0,189.06,3.0,9.0
schembl13576356,1,455.474,-0.622,3.0,173.51,3.0,7.0
cefodizime,0,584.683,0.999,4.0,197.4,4.0,10.0
milameline,1,154.213,0.881,0.0,24.83,1.0,2.0
arecoline,1,155.197,0.421,0.0,29.54,1.0,1.0
metoserpate,1,428.529,2.935,1.0,73.02,5.0,4.0
gr89696,1,414.333,2.911,0.0,53.09,3.0,4.0
oxisopred,1,376.449,1.428,2.0,100.9,4.0,1.0
yohimbine,0,354.45,2.647,2.0,65.56,5.0,1.0
rescinnamine,1,634.726,4.571,1.0,117.78,6.0,9.0
reserpine,1,608.688,4.171,1.0,117.78,6.0,8.0
chloroserpidine,1,613.107,4.816,1.0,108.55,6.0,7.0
deserpidine,1,578.662,4.163,1.0,108.55,6.0,7.0
dimethyl terephthalate,1,194.186,1.26,0.0,52.6,1.0,2.0
metomidate,1,230.267,2.279,0.0,44.12,2.0,3.0
clometocillin,0,433.313,2.313,2.0,95.94,3.0,5.0
roflurane,1,192.962,1.916,0.0,9.23,0.0,2.0
flumoxonide,1,496.547,2.993,1.0,91.29,5.0,4.0
aliflurane,1,178.512,1.852,0.0,9.23,1.0,1.0
cyprenorphine,1,423.553,3.164,2.0,62.16,8.0,4.0
cefroxadine,0,365.411,-0.211,3.0,121.96,3.0,5.0
losigamone,1,254.669,1.829,1.0,55.76,2.0,3.0
thebaine,1,311.381,2.425,0.0,30.93,5.0,2.0
spiramycin,0,843.065,2.325,4.0,195.38,4.0,11.0
rifampin (rifampicin),0,822.953,4.335,6.0,220.15,6.0,4.0
oleandomycin,0,687.868,1.909,3.0,165.98,4.0,6.0
sanfetrinem,0,281.308,0.362,2.0,87.07,3.0,3.0
ocfentanil,1,370.468,3.512,0.0,32.78,3.0,7.0
mibefradil,0,495.639,5.271,1.0,67.45,4.0,11.0
schembl417203,0,413.437,-0.711,4.0,167.44,3.0,6.0
cefpodoxime,0,427.464,-0.539,3.0,156.44,3.0,7.0
cimoxatone,1,338.363,3.109,0.0,71.79,3.0,6.0
metaclazepam,1,393.712,4.405,0.0,24.83,3.0,3.0
cefuroxime-pivoxetil,0,568.561,0.238,2.0,198.29,3.0,13.0
clovoxamine,1,284.787,2.836,1.0,56.84,1.0,9.0
semorphone,1,345.395,0.762,2.0,79.23,5.0,3.0
motrazepam,1,325.324,2.383,0.0,85.04,3.0,4.0
sarmoxicillin,0,449.529,1.179,2.0,108.41,4.0,5.0
sarpicillin,0,433.53,1.474,1.0,88.18,4.0,5.0
befloxatone,1,349.305,2.35,1.0,68.23,2.0,7.0
gedocarnil,1,424.884,5.873,1.0,73.44,4.0,6.0
cerivastatin,1,459.558,4.881,3.0,99.88,2.0,11.0
sabcomeline,1,193.25,0.854,0.0,48.62,3.0,2.0
valperinol,1,297.395,1.203,1.0,51.16,5.0,3.0
novobiocin sodium,0,612.632,3.627,5.0,200.01,4.0,8.0
josamycin,0,828.006,3.013,3.0,206.05,3.0,12.0
moxalactam,0,520.48,-1.128,4.0,206.3,4.0,9.0
temocillin,0,414.461,0.522,3.0,133.24,3.0,6.0
flomoxef,0,514.464,-0.993,3.0,169.0,3.0,10.0
cefmetazole,0,471.546,-0.728,2.0,163.33,3.0,9.0
cefminox,0,519.587,-1.84,4.0,202.86,3.0,11.0
mitomycin,0,334.332,-1.651,3.0,146.89,4.0,3.0
plicamycin,1,1085.156,-0.249,11.0,358.2,8.0,15.0
rifapentine,0,877.045,5.648,6.0,220.15,7.0,5.0
rifabutin,0,847.019,4.749,5.0,209.04,6.0,4.0
rifaximin,0,785.891,6.158,5.0,198.38,6.0,2.0
rifamycin,0,697.778,4.754,6.0,201.31,5.0,2.0
dihydroheterocodeine,1,301.386,2.076,1.0,41.93,5.0,1.0
troleandomycin,0,813.979,3.621,0.0,184.19,4.0,9.0
astromicin,0,405.496,-3.585,6.0,192.54,2.0,6.0
diprenorphine,1,425.569,3.388,2.0,62.16,8.0,4.0
buprenorphine,1,467.65,4.414,2.0,62.16,8.0,4.0
cinoctramide,1,333.428,3.518,0.0,48.0,2.0,5.0
cintriamide,1,237.255,1.211,1.0,70.78,1.0,5.0
brofaromine,1,310.191,3.671,1.0,34.4,3.0,2.0
roletamide,1,289.331,2.281,0.0,48.0,2.0,6.0
trocimine,1,307.39,3.119,0.0,48.0,2.0,4.0
trimetozine,1,281.308,1.185,0.0,57.23,2.0,4.0
metofenazate,1,598.165,5.833,0.0,63.71,5.0,11.0
iloperidone,1,426.488,4.827,0.0,64.8,4.0,8.0
mescaline,1,211.261,1.214,1.0,53.71,1.0,5.0
teniposide,1,656.662,2.753,3.0,160.83,8.0,6.0
"4'-demethylepipodophyllotoxin 9-(4,6-o-ethylidene-beta-d-glucopyranoside)",0,588.562,1.339,3.0,160.83,7.0,5.0
oxypertine,1,379.504,3.858,1.0,40.73,4.0,6.0
milipertine,1,409.53,3.867,1.0,49.96,4.0,7.0
9-c15,1,338.451,3.213,2.0,42.52,4.0,5.0
colchicine,0,399.443,2.872,1.0,83.09,3.0,5.0
nerisopam,1,309.369,3.055,1.0,69.2,3.0,3.0
girisopam,1,328.799,4.127,0.0,43.18,3.0,3.0
tetrabenazine (tetrabenzine),1,317.429,3.238,0.0,38.77,3.0,4.0
tisocromide,1,414.524,1.569,1.0,94.17,2.0,7.0
trepipam (trimopam),1,297.398,3.324,0.0,21.7,3.0,3.0
glaziovine,1,297.354,2.266,1.0,49.77,4.0,1.0
ensaculin,1,452.551,4.018,0.0,64.38,4.0,8.0
diosmin,0,608.549,-1.09,8.0,238.2,5.0,7.0
prideperone,1,409.461,3.031,1.0,82.43,3.0,7.0
aniracetam,1,219.24,1.458,0.0,46.61,2.0,2.0
tamolarizine,1,432.564,4.144,1.0,45.17,4.0,8.0
gr94839_f,0,375.469,0.364,1.0,73.32,3.0,5.0
brn 0626697,1,360.885,3.722,0.0,24.94,3.0,6.0
schembl20815730,0,471.518,-0.794,4.0,160.88,4.0,8.0
lometraline,1,239.746,3.288,0.0,12.47,2.0,2.0
hydroxindasol,1,310.397,3.213,2.0,60.41,3.0,5.0
panamesine,1,426.469,2.733,1.0,80.7,5.0,5.0
femoxetine [inn],1,311.425,3.81,0.0,21.7,3.0,5.0
sulmepride,1,327.406,0.167,2.0,101.73,2.0,5.0
flubepride,1,421.494,1.876,2.0,101.73,3.0,7.0
ciladopa,1,370.449,1.92,1.0,62.24,3.0,6.0
mindoperone,1,408.517,5.467,1.0,45.33,4.0,7.0
dimeprozan,1,295.382,4.184,0.0,21.7,3.0,4.0
metoxepin,1,322.408,3.546,0.0,24.94,4.0,2.0
meprotixol,1,329.465,3.738,1.0,32.7,3.0,5.0
diclofensine,1,322.235,4.579,0.0,12.47,3.0,2.0
perimetazine,1,384.545,4.391,1.0,35.94,4.0,5.0
oxyridazine,1,354.519,5.172,0.0,15.71,4.0,4.0
methopromazine,1,314.454,4.25,0.0,15.71,3.0,5.0
methotrimeprazine,1,328.481,4.496,0.0,15.71,3.0,5.0
metralindole,1,255.321,1.898,0.0,29.76,4.0,1.0
noscapine,1,413.426,2.882,0.0,75.69,5.0,4.0
drotebanol,1,333.428,1.478,2.0,62.16,4.0,2.0
n-norcodeine,1,285.343,1.159,2.0,50.72,5.0,1.0
"morphinan-6-ol, 4,5-epoxy-3-methoxy-17-methyl-, 3-pyridinecarboxylate (ester), (5.alpha.,6.alpha.)-",1,406.482,2.985,0.0,60.89,6.0,3.0
thebacon,1,341.407,2.421,0.0,48.0,5.0,2.0
tropapride,1,380.488,3.629,1.0,50.8,4.0,6.0
chembl71421,0,375.469,0.364,1.0,73.32,3.0,5.0
methicillin,0,380.422,0.949,2.0,105.17,3.0,5.0
adriamycinol-aglycone,0,414.366,0.154,5.0,161.59,4.0,3.0
zorubicin,0,645.665,2.246,6.0,210.23,6.0,6.0
pirarubicin,0,627.643,1.552,5.0,204.3,6.0,7.0
leurubicin,0,656.685,0.532,7.0,235.17,5.0,9.0
daunorubicin,0,527.526,1.029,5.0,185.84,5.0,4.0
4'-deoxyadriamycin,0,527.526,1.03,5.0,185.84,5.0,5.0
enciprazine,1,432.517,2.283,1.0,72.86,3.0,10.0
fluanisone,1,356.441,3.619,0.0,32.78,3.0,7.0
anisopirol,1,358.457,3.47,1.0,35.94,3.0,7.0
zoloperone,1,397.45,3.147,1.0,61.71,4.0,6.0
methocarbamol,1,241.243,0.53,2.0,91.01,1.0,6.0
mephenoxalone,1,223.228,1.182,1.0,56.79,2.0,4.0
taniplon,1,285.307,1.975,0.0,78.34,4.0,2.0
fosazepam,1,360.781,4.104,0.0,49.74,3.0,3.0
florfenicol,1,358.218,1.381,2.0,83.47,1.0,6.0
thiamphenicol,1,356.227,0.404,3.0,103.7,1.0,6.0
metopimazine,1,445.61,3.28,1.0,83.71,4.0,6.0
timobesone,1,408.535,3.224,2.0,74.6,4.0,1.0
dtxsid201000603,1,450.572,3.795,1.0,80.67,4.0,2.0
69217-67-0,1,324.402,1.808,2.0,84.5,1.0,7.0
iprozilamine,1,315.874,2.424,1.0,44.29,2.0,4.0
gr94839_b,0,391.537,1.077,1.0,64.09,3.0,5.0
metitepine(methiothepin),1,356.56,4.404,0.0,6.48,4.0,2.0
methiomeprazine(levometiomeprazine),1,344.549,5.209,0.0,6.48,3.0,5.0
dexrazoxane,0,268.273,-2.708,2.0,98.82,2.0,3.0
ritipenem sodium,0,288.281,-0.71,3.0,130.16,2.0,4.0
sulopenem,0,349.455,0.406,2.0,100.9,3.0,4.0
faropenem,0,285.321,0.374,2.0,87.07,3.0,3.0
meclorisone(meclorisone-dibutyrate),1,427.368,3.412,2.0,74.6,4.0,2.0
chembl63427,1,410.913,2.998,2.0,74.6,4.0,2.0
clocortolone-pivalate,1,495.031,4.595,1.0,80.67,4.0,3.0
diflucortolonum [inn-latin],1,394.458,2.729,2.0,74.6,4.0,2.0
halometasone,1,444.902,2.41,3.0,94.83,4.0,2.0
oxazolam,1,328.799,3.214,1.0,41.57,4.0,1.0
locacorten,1,494.575,3.441,2.0,100.9,4.0,3.0
mometasone,1,427.368,3.412,2.0,74.6,4.0,2.0
dimesone,1,390.495,3.171,2.0,74.6,4.0,2.0
desoximetasone,1,376.468,2.781,2.0,74.6,4.0,2.0
halocortolone,1,412.904,3.975,1.0,54.37,4.0,2.0
flumethasone(flumetasoneanddiflorasone),1,410.457,1.844,3.0,94.83,4.0,2.0
diflucortolone pivalate,1,478.576,4.326,1.0,80.67,4.0,3.0
paramethasone,1,392.467,1.752,3.0,94.83,4.0,2.0
fluocortolone,1,376.468,2.637,2.0,74.6,4.0,2.0
meclonazepam,1,329.743,3.426,1.0,84.6,3.0,2.0
amphotericinb,0,924.091,0.712,12.0,319.61,3.0,3.0
carbidopa,0,226.232,-0.053,5.0,115.81,1.0,4.0
dehydrocholic acid,0,402.531,4.073,1.0,88.51,4.0,4.0
cathinone,1,149.193,1.217,1.0,43.09,1.0,2.0
"dextroamphetamine, dexedrine",1,135.21,1.576,1.0,26.02,1.0,2.0
metaraminol,0,167.208,0.773,3.0,66.48,1.0,2.0
meropenem,0,383.47,-0.308,3.0,110.18,3.0,5.0
imipenem-1-wasser,0,299.352,-0.386,3.0,116.22,2.0,6.0
gacyclidine,1,263.45,4.639,0.0,3.24,3.0,2.0
clobetasone,1,408.897,3.35,1.0,71.44,4.0,2.0
betamethasone-benzoate,1,496.575,3.76,2.0,100.9,5.0,4.0
meprednisone,1,372.461,2.012,2.0,91.67,4.0,2.0
methylprednisolone hemisuccinate,1,474.55,2.219,3.0,138.2,4.0,6.0
digitoxin,0,764.95,3.247,5.0,182.83,8.0,7.0
digoxin,0,780.949,2.218,6.0,203.06,8.0,7.0
aztreonam,0,435.44,-1.172,4.0,201.58,2.0,7.0
phendimetrazine,1,191.274,2.078,0.0,12.47,2.0,1.0
fluotracen,1,347.424,5.644,0.0,3.24,3.0,4.0
tazobactam,0,300.296,-1.523,1.0,122.46,3.0,3.0
methyltestosterone,0,302.458,4.269,1.0,37.3,4.0,0.0
halopredone(halopredone-acetate),1,475.326,2.32,3.0,94.83,4.0,2.0
aldosterone,0,360.45,1.846,2.0,91.67,4.0,3.0
nandrolone,0,274.404,3.489,1.0,37.3,4.0,0.0
estrone,0,270.372,3.817,1.0,37.3,4.0,0.0
testolactone,0,300.398,3.59,0.0,43.37,4.0,0.0
oxandrolone,0,306.446,3.543,1.0,46.53,4.0,0.0
naflocort hydrate,1,464.577,3.93,2.0,74.6,6.0,2.0
fluocinolone,1,412.429,0.568,4.0,115.06,4.0,2.0
cloprednol,1,392.879,1.9,3.0,94.83,4.0,2.0
prednisolone hemisuccinate,1,460.523,1.973,3.0,138.2,4.0,6.0
corticosterone,0,346.467,2.667,2.0,74.6,4.0,2.0
hydrocortisone-hemisuccinate,1,462.539,2.197,3.0,138.2,4.0,6.0
tixocortol,1,378.534,2.719,3.0,74.6,4.0,2.0
fluprednisolone,1,378.44,1.506,3.0,94.83,4.0,2.0
stanozolol,0,328.5,4.118,2.0,48.91,5.0,0.0
choline,1,104.173,-0.315,1.0,20.23,0.0,2.0
schembl2734225,1,325.839,5.22,0.0,23.06,3.0,3.0
amitriptylinoxide,1,293.41,4.181,0.0,23.06,3.0,3.0
imipraminoxide,1,296.414,3.888,0.0,26.3,3.0,4.0
glycopyrrolate,0,318.437,2.456,1.0,46.53,3.0,4.0
mepenzolatebromide,0,340.443,2.705,1.0,46.53,3.0,4.0
atropine oxide,1,305.374,1.943,1.0,69.59,3.0,4.0
clidinium,0,352.454,2.705,1.0,46.53,5.0,4.0
s-adenosyl-l-methionine,1,399.453,-1.922,5.0,182.63,3.0,7.0
harmalol,1,198.225,2.318,2.0,48.65,3.0,0.0
razobazam,1,270.292,1.749,1.0,69.3,3.0,1.0
vitamine(alpha-tocopherol),1,430.717,8.84,1.0,29.46,2.0,12.0
atibeprone,1,330.409,3.964,0.0,65.22,3.0,4.0
grepafloxacin,0,359.401,2.28,2.0,74.57,4.0,3.0
pyridostigminebromide,0,183.207,0.245,2.0,62.46,1.0,3.0
nelfinavir,0,567.796,4.748,4.0,101.9,4.0,9.0
premazepam,1,253.305,2.123,1.0,46.39,3.0,1.0
dactinomycin,0,1255.438,0.726,5.0,359.98,7.0,8.0
moxiraprine,1,314.389,1.902,2.0,70.51,3.0,5.0
cefpiramide,0,612.65,-0.086,5.0,212.5,5.0,9.0
hymecromone,0,176.171,1.807,1.0,50.44,2.0,0.0
brosotamide,1,230.061,1.562,2.0,63.32,1.0,1.0
isocarboxazid,1,231.255,1.418,2.0,67.16,2.0,4.0
omeprazole,1,376.526,5.102,2.0,83.85,2.0,7.0
cetohexazine,1,124.143,0.387,1.0,45.75,1.0,0.0
metaxalone,1,221.256,1.791,1.0,47.56,2.0,3.0
mepiprazole,1,304.825,2.736,1.0,35.16,3.0,4.0
amiflamine,1,192.306,1.951,1.0,29.26,1.0,3.0
brl52580,0,335.341,1.482,2.0,112.74,3.0,2.0
soretolide,1,230.267,2.852,1.0,55.13,2.0,2.0
flumezapine,1,330.432,3.578,1.0,30.87,4.0,0.0
tymazoline,0,232.327,2.499,1.0,33.62,2.0,4.0
moperone,1,355.453,4.081,1.0,40.54,3.0,6.0
trimetrexate,0,399.564,2.953,2.0,65.69,3.0,9.0
delfaprazine,1,266.388,2.995,1.0,15.27,3.0,3.0
tolufazepam,1,487.408,4.96,0.0,66.81,4.0,5.0
tolazamide,0,311.407,1.774,2.0,78.51,2.0,3.0
metiapine,1,323.465,3.785,0.0,18.84,4.0,0.0
dicarbine,1,202.301,2.208,1.0,15.27,3.0,0.0
dimemorfan,1,255.405,3.683,0.0,3.24,4.0,0.0
pirlindole,1,226.323,2.93,1.0,16.96,4.0,0.0
ropizine,1,370.5,4.131,0.0,31.73,4.0,5.0
nefiracetam,1,246.31,1.864,1.0,49.41,2.0,3.0
ameltolide,1,240.306,3.138,2.0,55.12,2.0,2.0
xylazine,1,220.341,3.208,1.0,24.39,2.0,1.0
detomidine,1,186.258,2.617,1.0,28.68,2.0,2.0
ralitoline,1,296.779,2.634,1.0,49.41,2.0,2.0
toloxatone,1,207.229,1.313,1.0,49.77,2.0,2.0
tolpiprazole,1,284.407,2.391,1.0,35.16,3.0,4.0
ifoxetine,1,221.3,1.405,2.0,41.49,2.0,2.0
org4428,1,295.382,3.408,1.0,32.7,4.0,0.0
org32104,1,281.355,3.065,2.0,41.49,4.0,0.0
piriqualone,1,339.398,4.26,0.0,47.78,4.0,3.0
morphine,1,250.301,3.003,0.0,34.89,3.0,1.0
toprilidine,1,311.429,2.981,0.0,28.6,3.0,6.0
toloxychlorinol,1,476.995,4.153,2.0,68.15,1.0,8.0
tigabine,1,375.559,5.045,1.0,40.54,3.0,6.0
stavudine,1,224.216,-0.709,2.0,84.32,2.0,2.0
,1,353.511,2.79,3.0,123.5,1.0,6.0
prazocillin,0,469.35,2.733,2.0,104.53,4.0,4.0
tienocarbine,1,256.374,3.679,1.0,19.03,4.0,0.0
ocaperidone,1,420.488,4.014,0.0,63.64,5.0,4.0
mecloqualone,1,270.719,3.348,0.0,34.89,3.0,1.0
setoperone,1,401.507,2.934,0.0,55.2,4.0,5.0
9-oh-risperidone,1,426.492,3.081,1.0,84.39,5.0,4.0
batelapine,1,296.378,1.274,0.0,49.55,4.0,0.0
pyritinol,1,368.48,2.571,4.0,106.7,2.0,7.0
ornidazole,1,219.628,0.699,1.0,81.19,1.0,4.0
harman,1,182.226,3.025,1.0,28.68,3.0,0.0
efetozole,1,186.258,2.801,0.0,17.82,2.0,2.0
modaline,1,177.251,1.775,0.0,29.02,2.0,1.0
clomethiazole,1,161.657,2.233,0.0,12.89,1.0,2.0
zometapine,1,274.755,2.645,1.0,42.21,3.0,1.0
zolazepam,1,286.31,1.681,0.0,50.49,3.0,1.0
zomebazam,1,284.319,1.76,0.0,58.44,3.0,1.0
cefaparole,0,493.592,1.083,4.0,158.74,4.0,7.0
cefazedone,0,548.455,1.846,2.0,134.49,4.0,7.0
cefazolin,0,454.519,-0.636,2.0,156.09,4.0,7.0
cefcanel,0,478.577,1.411,3.0,132.72,4.0,7.0
cefcanel-daloxate,0,661.74,1.822,2.0,197.16,5.0,11.0
brotizolam,1,393.697,4.404,0.0,43.07,4.0,1.0
lenampicillin,0,461.496,0.832,2.0,145.08,4.0,6.0
dicloxacillin,0,470.334,3.202,2.0,112.74,4.0,4.0
flucloxacillin,0,453.879,2.688,2.0,112.74,4.0,4.0
oxacillin,0,401.444,1.895,2.0,112.74,4.0,4.0
difencloxazine,1,331.843,3.778,0.0,21.7,3.0,6.0
econazole,0,381.69,5.801,0.0,27.05,3.0,6.0
lorcinadol,1,314.82,2.965,0.0,32.26,3.0,4.0
fenmetozole,1,245.109,2.374,1.0,33.62,2.0,3.0
spiclamine,1,344.886,4.117,0.0,24.83,5.0,1.0
nuclotixene,1,353.918,5.578,0.0,3.24,6.0,1.0
estazolam,1,294.745,3.272,0.0,43.07,4.0,1.0
7-k10,1,285.774,4.306,1.0,21.26,4.0,0.0
org30526,1,271.747,3.916,1.0,21.26,4.0,0.0
clidafidine,1,231.082,2.792,1.0,33.62,2.0,1.0
clotrimazole,0,344.845,5.377,0.0,17.82,4.0,4.0
ciclotizolam,1,461.816,6.143,0.0,43.07,5.0,2.0
lesopitron,1,320.828,1.929,0.0,50.08,3.0,6.0
tameridone,1,406.49,1.795,1.0,80.85,5.0,4.0
theodrenaline,0,375.385,-0.832,4.0,134.54,3.0,6.0
enpiprazole,1,304.825,2.438,0.0,24.3,3.0,4.0
suritozole,1,223.276,2.294,0.0,22.75,2.0,1.0
fepitrizol,1,266.304,2.036,1.0,63.83,3.0,3.0
cefivitril,0,453.531,-0.189,2.0,154.1,3.0,8.0
cefazaflur,0,470.48,0.294,2.0,130.31,3.0,7.0
cryofluorane,1,170.92,2.65,0.0,0.0,0.0,1.0
"1,1,1-trifluro-2-chloroethane",1,118.485,1.787,0.0,0.0,0.0,0.0
cyclophenazine,1,433.543,5.478,0.0,9.72,5.0,5.0
oxaflumazine,1,507.622,5.469,0.0,28.18,5.0,7.0
xaliproden,1,381.441,6.19,0.0,3.24,4.0,4.0
lorpiprazole,1,405.468,3.559,0.0,37.19,5.0,4.0
norflurane,1,102.03,1.518,0.0,0.0,0.0,0.0
elopiprazole,1,375.447,4.889,1.0,35.41,5.0,4.0
difluanine(difluanazine),1,449.589,5.607,1.0,18.51,4.0,10.0
paroxetine,1,329.371,3.327,1.0,39.72,4.0,4.0
gevotroline,1,309.388,3.693,1.0,31.92,4.0,4.0
carvotroline,1,295.361,3.303,1.0,31.92,4.0,3.0
romifidine,1,258.094,1.959,2.0,36.42,2.0,1.0
quazepam,1,386.801,5.026,0.0,15.6,3.0,2.0
fletazepam,1,356.75,4.699,0.0,15.6,3.0,2.0
piritramide,1,430.596,3.692,1.0,73.36,4.0,7.0
cinolazepam,1,357.772,2.895,1.0,76.69,3.0,3.0
bazinaprine,1,309.373,1.759,1.0,74.07,3.0,5.0
savoxepin,1,370.496,5.861,0.0,36.26,5.0,2.0
pericyazine,1,365.502,4.008,1.0,50.5,4.0,4.0
nitrafudam,1,231.211,2.139,2.0,106.15,2.0,3.0
trizoxime,1,309.329,3.268,4.0,110.02,3.0,3.0
timirdine,1,227.72,2.41,2.0,53.11,2.0,1.0
pipamperone,1,375.488,2.594,1.0,66.64,3.0,7.0
clocapramine,1,481.084,4.773,1.0,52.81,5.0,6.0
carpipramine,1,446.639,4.119,1.0,52.81,5.0,6.0
oxanamide,1,129.159,0.041,1.0,52.32,1.0,1.0
cyheptamide,1,237.302,2.402,1.0,43.09,3.0,1.0
doliracetam,1,266.3,1.65,1.0,63.4,3.0,3.0
paraxazone,1,206.201,-0.103,1.0,72.63,2.0,2.0
oxiracetam,1,158.157,-1.935,2.0,83.63,1.0,2.0
piracetam,1,142.158,-0.906,1.0,63.4,1.0,2.0
caroxazone,1,206.201,0.486,1.0,72.63,2.0,2.0
modafinil,1,273.357,2.01,1.0,66.15,2.0,5.0
dezinamide,1,260.215,1.847,1.0,55.56,2.0,2.0
oxcarbazepine,1,252.273,2.642,1.0,63.4,3.0,0.0
phenacemide,1,178.191,0.424,2.0,72.19,1.0,2.0
fluprazine,1,316.327,1.496,2.0,61.6,2.0,4.0
chlorphenesin carbamate,1,245.662,1.175,2.0,81.78,1.0,5.0
carumonam,0,466.41,-2.876,5.0,253.9,2.0,9.0
phenprobamate,1,179.219,1.715,1.0,52.32,1.0,4.0
robalzotan,1,318.392,2.635,1.0,55.56,4.0,4.0
nicotinamide,1,122.127,0.181,1.0,55.98,1.0,1.0
rufinamide,1,238.197,0.704,1.0,73.8,2.0,3.0
m-xylene,1,123.115,-0.425,1.0,68.87,1.0,1.0
ribavirin,0,244.207,-3.011,4.0,143.72,2.0,3.0
cephatriazine,0,462.513,0.041,5.0,174.53,4.0,7.0
trometamol,0,121.136,-2.339,4.0,86.71,0.0,3.0
benserazide,0,257.246,-1.756,7.0,148.07,1.0,5.0
5-hydroxytryptophan,1,220.228,0.828,4.0,99.34,2.0,3.0
disulfiram,0,213.281,0.336,2.0,82.86,2.0,2.0
guanoxyfen,1,193.25,0.729,2.0,73.63,1.0,5.0
guanethidinesulfate,0,198.314,0.526,2.0,67.64,1.0,3.0
oxacillin,1,218.285,1.715,2.0,77.29,2.0,2.0
mofegiline,1,197.228,2.57,1.0,26.02,1.0,4.0
ornidazole,1,151.253,1.914,1.0,26.02,4.0,0.0
pemoline,1,176.175,0.809,2.0,62.18,2.0,1.0
midaflur,1,357.098,2.631,2.0,50.41,1.0,0.0
2-phenylcyclopentanamine,1,161.248,2.281,1.0,26.02,2.0,1.0
dl-cycloserine,1,102.093,-1.625,2.0,64.35,1.0,0.0
trovafloxacin,1,416.359,1.894,2.0,101.45,5.0,3.0
dl-arterenol,0,169.18,0.09,4.0,86.71,1.0,2.0
norfenefrine,0,153.181,0.384,3.0,66.48,1.0,2.0
nebracetam,1,204.273,0.994,1.0,46.33,2.0,3.0
dibekacin,0,451.521,-5.267,9.0,247.94,3.0,6.0
kanamycin b,0,483.519,-7.325,11.0,288.4,3.0,6.0
"(2r,3s,4s,5r,6r)-2-(aminomethyl)-6-[(1r,2r,3s,4r,6s)-4,6-diamino-3-[(2s,3r,4s,5s,6r)-4-amino-3,5-dihydroxy-6-(hydroxymethyl)oxan-2-yl]oxy-2-hydroxycyclohexyl]oxyoxane-3,4,5-triol",0,484.503,-7.291,11.0,282.61,3.0,6.0
propikacin,0,557.598,-8.341,13.0,314.87,3.0,10.0
butikacin,0,571.625,-7.951,13.0,314.87,3.0,11.0
seproxetine,1,295.304,4.174,1.0,35.25,2.0,5.0
amifostine,0,214.227,-0.249,4.0,95.58,0.0,7.0
arbekacin,0,552.626,-6.399,11.0,297.27,3.0,10.0
1-47,0,161.208,0.835,1.0,43.32,2.0,2.0
y-g16,1,128.2,0.644,1.0,38.91,1.0,2.0
neomycin,0,322.362,-5.116,8.0,203.46,2.0,3.0
tobramycin,0,467.52,-6.296,10.0,268.17,3.0,6.0
ceforanide,0,519.565,-0.71,4.0,193.63,4.0,10.0
fosenazide,1,274.26,0.99,2.0,72.19,2.0,4.0
cimemoxin,1,128.219,1.03,2.0,38.05,1.0,2.0
zonisamide,1,212.23,0.616,1.0,86.19,2.0,2.0
furosemide,0,330.749,1.891,3.0,122.63,2.0,5.0
trichlormethiazide,0,380.662,0.821,3.0,118.36,2.0,2.0
chlorothiazide sodium,0,295.729,0.13,2.0,118.69,2.0,1.0
4-sulfamoylbenzoic acid,1,201.203,0.032,2.0,97.46,1.0,2.0
suclofenide,1,364.81,2.035,1.0,97.54,3.0,3.0
sulthiame(sultiame),1,290.366,0.264,1.0,97.54,2.0,2.0
loracarbef,0,349.774,0.711,3.0,112.73,3.0,4.0
cefaclor,0,367.814,0.621,3.0,112.73,3.0,4.0
l-tryptophan,1,204.229,1.122,3.0,79.11,2.0,3.0
48264-ep2275420a1,1,133.194,1.501,1.0,26.02,2.0,1.0
"tacrine, cognex",1,198.269,2.696,1.0,38.91,3.0,0.0
velnacrine,1,214.268,2.187,2.0,59.14,3.0,0.0
pancopride,1,349.862,2.535,2.0,67.59,5.0,5.0
clofazimine,0,153.137,0.673,3.0,83.55,1.0,1.0
azabon,1,280.393,2.08,1.0,63.4,4.0,2.0
amphenidone,1,186.214,1.42,1.0,48.02,2.0,1.0
ceftibuten,0,410.433,-0.048,4.0,162.92,3.0,6.0
thioguanine,0,167.197,0.598,3.0,83.38,2.0,0.0
triamterene,0,253.269,0.833,3.0,129.62,3.0,1.0
buciclovir,1,239.235,-1.555,4.0,130.05,2.0,4.0
folic acid,1,441.404,-0.045,6.0,213.28,3.0,9.0
desciclovir,1,209.209,-0.625,2.0,99.08,2.0,4.0
centazolone,1,211.224,1.263,1.0,60.91,3.0,0.0
ilepcimide,1,259.305,2.441,0.0,38.77,3.0,2.0
pazinaclone,1,478.936,3.74,0.0,84.86,6.0,3.0
nonaperone,1,289.394,3.911,0.0,20.31,4.0,5.0
droperidol,1,379.435,3.678,1.0,58.1,4.0,6.0
cloroperone,1,387.882,5.037,0.0,37.38,3.0,7.0
lenperone,1,371.427,4.523,0.0,37.38,3.0,7.0
clofluperol,1,443.868,5.444,1.0,40.54,3.0,6.0
trifluperidol,1,409.423,4.791,1.0,40.54,3.0,6.0
benperidol,1,381.451,3.769,1.0,58.1,4.0,6.0
timiperone,1,397.519,5.138,1.0,41.03,4.0,6.0
fluspiperone,1,413.468,3.356,1.0,52.65,4.0,6.0
fenaperone,1,376.472,3.876,0.0,49.85,3.0,6.0
cinuperone,1,377.463,4.159,0.0,36.44,4.0,6.0
azaperone,1,327.403,3.006,0.0,36.44,3.0,6.0
azabuperone,1,290.382,2.569,0.0,23.55,3.0,5.0
biriperone,1,391.49,4.012,1.0,39.34,5.0,5.0
fenaclon,1,211.692,1.974,1.0,29.1,1.0,5.0
beclamide,1,197.665,1.932,1.0,29.1,1.0,4.0
ftorpropazine,1,451.514,3.835,1.0,47.02,4.0,5.0
nialamide,1,298.346,1.022,3.0,83.12,2.0,7.0
"morphinan-3-ol, 17-(2-oxo-2-phenylethyl)-",1,361.485,4.334,1.0,40.54,5.0,3.0
dupracetam,1,282.3,-1.621,2.0,98.82,2.0,4.0
omiloxetine,1,465.496,5.061,0.0,48.0,5.0,7.0
fipexide,1,388.851,2.792,0.0,51.24,4.0,5.0
adafenoxate,1,363.885,3.82,1.0,47.56,5.0,7.0
brl52656,1,354.416,3.725,0.0,23.55,3.0,4.0
brl-52537,1,355.309,4.013,0.0,23.55,3.0,4.0
sb205563,0,416.349,1.108,2.0,67.25,3.0,6.0
brl52974,0,393.318,3.481,1.0,52.23,4.0,4.0
sb205605,0,409.317,2.452,2.0,72.46,4.0,4.0
chembl68441,1,403.353,4.758,0.0,23.55,4.0,4.0
chembl70762,1,393.314,4.351,0.0,36.69,4.0,4.0
gr91272,1,409.313,3.322,1.0,56.92,4.0,4.0
chembl411088,1,409.382,4.819,0.0,23.55,4.0,4.0
sb201708,1,393.318,3.412,0.0,41.37,4.0,4.0
chembl304504,0,409.317,2.382,1.0,61.6,4.0,4.0
sb204484,1,394.306,2.807,0.0,54.26,4.0,4.0
cefetrizole,0,437.528,0.94,3.0,128.28,4.0,7.0
nafimidone,1,236.274,2.919,0.0,34.89,3.0,3.0
ceftezole,0,440.492,-0.944,2.0,156.09,4.0,7.0
panuramine,1,387.483,3.944,2.0,61.44,4.0,4.0
eprobemide,1,282.771,1.792,1.0,41.57,2.0,5.0
halopemide,1,416.884,3.189,2.0,70.13,4.0,5.0
adatanserin,1,369.513,1.931,1.0,61.36,6.0,5.0
teflurane,1,268.744,1.402,1.0,41.57,2.0,4.0
dopamantine,1,315.413,2.973,3.0,69.56,5.0,4.0
buramate,1,195.218,0.905,2.0,58.56,1.0,4.0
triclacetamol,1,254.5,2.701,2.0,49.33,1.0,1.0
cyclarbamate,1,368.433,5.044,2.0,76.66,3.0,6.0
cefonicid [inn:ban],0,542.577,-0.917,4.0,204.91,4.0,9.0
carmantadine,1,235.327,2.114,1.0,40.54,5.0,2.0
bioepiderm,1,244.316,0.797,3.0,78.43,2.0,5.0
gr94839_c,0,188.223,1.886,2.0,74.6,0.0,8.0
survector,1,337.463,4.499,2.0,49.33,3.0,8.0
alrestatin,1,255.229,1.52,1.0,74.68,3.0,2.0
levocetirizine,0,388.895,3.148,1.0,53.01,3.0,8.0
mesna,1,126.004,-0.158,3.0,94.83,0.0,1.0
cromoglicicacid,0,468.37,2.115,3.0,173.71,4.0,8.0
kynurenic acid,1,189.17,1.226,2.0,70.16,2.0,1.0
chromocarb,1,190.154,1.491,1.0,67.51,2.0,1.0
phenyl-salicylate,1,214.22,3.177,1.0,46.53,2.0,3.0
ciprofloxacin,0,331.347,1.583,2.0,74.57,4.0,3.0
benzoclidine,1,231.295,1.938,0.0,29.54,4.0,2.0
clorethate,1,324.802,3.88,0.0,35.53,0.0,2.0
piperilate,1,339.435,2.952,1.0,49.77,3.0,6.0
befuraline,1,320.392,3.391,0.0,36.69,4.0,3.0
duoperone,1,514.588,7.432,0.0,23.55,5.0,6.0
milenperone,1,415.896,4.107,1.0,58.1,4.0,6.0
declenperone,1,381.451,3.454,1.0,58.1,4.0,6.0
piberaline,1,281.359,2.04,0.0,36.44,3.0,3.0
ocinaplon,1,301.309,2.417,0.0,73.04,4.0,3.0
nicopholine,1,192.218,0.554,0.0,42.43,2.0,1.0
mirfentanil,1,376.46,3.424,0.0,62.47,4.0,6.0
doxefazepam,1,348.761,1.974,2.0,73.13,3.0,3.0
brosuximide,1,254.083,1.579,1.0,46.17,2.0,1.0
tiospirone,1,440.613,3.908,0.0,56.75,5.0,6.0
binospirone,1,358.438,2.125,1.0,67.87,4.0,5.0
sunepitron,1,329.404,0.526,0.0,69.64,4.0,3.0
rolicyprine,1,244.294,0.937,2.0,58.2,3.0,3.0
taglutimide(biglumide),1,276.292,-0.177,1.0,83.55,4.0,1.0
cinperene,1,388.511,3.786,1.0,49.41,4.0,5.0
alonimid,1,243.262,1.337,1.0,63.24,3.0,0.0
rolziracetam,1,139.154,0.298,0.0,37.38,2.0,0.0
rofelodine,1,214.268,1.805,0.0,32.67,3.0,1.0
lofendazam,1,272.735,3.82,1.0,32.34,3.0,1.0
naltrexone,1,341.407,1.525,2.0,70.0,6.0,2.0
fasoracetam,1,196.25,0.277,1.0,49.41,2.0,1.0
ketorfanol,1,311.425,3.04,1.0,40.54,5.0,2.0
"aripiprazole, abilify",1,448.394,4.859,1.0,44.81,4.0,7.0
cebaracetam,1,335.791,0.614,1.0,69.72,3.0,3.0
demoxepam,1,286.718,1.348,1.0,52.9,3.0,1.0
dimiracetam,1,140.142,-0.935,1.0,49.41,2.0,0.0
cloxazolam,1,349.217,3.479,1.0,41.57,4.0,1.0
haloxazolam,1,377.213,3.074,1.0,41.57,4.0,1.0
flutazolam,1,376.815,2.351,1.0,53.01,4.0,3.0
nortetrazepam,1,274.751,3.582,1.0,41.46,3.0,1.0
bentazepam,1,296.395,3.416,1.0,41.46,4.0,1.0
halazepam,1,352.743,4.086,0.0,32.67,3.0,2.0
prazepam,1,324.811,3.934,0.0,32.67,4.0,3.0
iclazepam,1,368.864,3.951,0.0,41.9,4.0,6.0
delorazepam,1,305.164,3.783,1.0,41.46,3.0,1.0
clonazepam,1,315.716,3.038,1.0,84.6,3.0,2.0
proflazepam,1,362.788,2.016,2.0,73.13,3.0,4.0
flutoprazepam,1,342.801,4.073,0.0,32.67,4.0,3.0
bromazepam,1,316.158,2.634,1.0,54.35,3.0,1.0
reclazepam,1,374.227,3.564,0.0,54.26,4.0,1.0
spiclomazine,1,446.041,4.988,1.0,35.58,5.0,4.0
schembl499258,1,272.351,-0.346,1.0,60.85,4.0,1.0
ziprasidone,1,412.946,3.809,1.0,48.47,5.0,4.0
triclodazol,1,385.678,3.008,2.0,52.57,3.0,3.0
linopirdine,1,391.474,4.878,0.0,46.09,5.0,5.0
cyclazodone,1,216.24,1.392,1.0,50.69,3.0,2.0
prazitone,1,301.346,0.823,3.0,87.3,3.0,3.0
tetrantoin,1,216.24,0.754,2.0,58.2,3.0,0.0
cyproximide(ciproximide),1,221.643,1.254,1.0,46.17,3.0,1.0
sb204454,0,439.343,2.201,2.0,81.75,4.0,4.0
chlorthenoxazine,1,211.648,1.764,1.0,38.33,2.0,2.0
fosphenytoin,1,362.278,1.549,3.0,116.17,3.0,5.0
mosapramine,1,479.068,4.743,1.0,38.82,6.0,4.0
supidimide,1,280.305,0.11,1.0,83.55,3.0,1.0
schembl11222377,1,331.416,1.706,1.0,54.04,4.0,4.0
sertindole,1,440.95,4.628,1.0,40.51,5.0,5.0
tenilsetam,1,182.248,0.509,2.0,41.13,2.0,1.0
spiroxatrine,1,379.46,2.255,1.0,54.04,5.0,3.0
fluspirilene,1,475.583,5.305,1.0,35.58,5.0,7.0
spiramide,1,383.467,3.023,1.0,44.81,4.0,6.0
doxenitoin,1,238.29,1.607,2.0,41.13,3.0,2.0
efavirenz,0,315.678,4.073,1.0,38.33,3.0,0.0
lopirazepam,1,322.151,2.496,2.0,74.58,3.0,1.0
phenolphthalein,0,318.328,3.56,2.0,66.76,4.0,2.0
furomazine,1,459.011,4.723,1.0,53.01,5.0,5.0
perospirone,1,426.586,3.374,0.0,56.75,5.0,6.0
tandospirone,1,383.496,1.41,0.0,69.64,5.0,6.0
zalospirone,1,419.529,1.598,0.0,69.64,7.0,6.0
ipsapirone,1,401.492,1.223,0.0,86.71,4.0,6.0
revospirone,1,387.465,0.833,0.0,86.71,4.0,5.0
lomustine,1,233.699,2.251,1.0,61.77,1.0,4.0
floxuridine,0,246.194,-1.684,3.0,104.55,2.0,2.0
licostinel,1,276.035,1.431,2.0,108.86,2.0,1.0
axamozide,1,399.878,3.46,1.0,59.49,5.0,3.0
clopimozide,1,496.001,6.51,1.0,41.03,5.0,7.0
chlorzoxazone,1,169.567,1.774,1.0,46.0,2.0,0.0
cloperidone,1,398.894,2.556,1.0,61.34,4.0,5.0
balaperidone,1,379.435,2.564,1.0,58.1,5.0,4.0
maprotiline,1,461.556,5.857,1.0,41.03,5.0,7.0
neflumozide,1,394.45,3.88,1.0,67.06,5.0,5.0
oxiperomide,1,337.423,3.046,1.0,50.26,4.0,5.0
5-fluorouracil,0,130.078,-0.798,2.0,65.72,1.0,0.0
gaboxadol,1,140.142,-0.386,2.0,58.03,2.0,0.0
isoquercitrin,0,464.379,-0.539,8.0,210.51,4.0,4.0
pyridazinone,1,96.089,-0.23,1.0,45.75,1.0,0.0
58-96-8,1,244.203,-2.852,4.0,124.78,2.0,2.0
dicumarol,0,336.299,2.901,2.0,100.88,4.0,2.0
"1,1,2-tribromoethanol",1,282.757,1.817,1.0,20.23,0.0,1.0
dazadrol,1,287.75,1.973,2.0,57.51,3.0,3.0
flutroline,1,450.504,5.92,1.0,28.4,5.0,6.0
procyclidine hydrochloride,1,287.447,3.94,1.0,23.47,3.0,5.0
perisoxal,1,272.348,2.861,1.0,49.5,3.0,4.0
denzimol,1,292.382,3.402,1.0,38.05,3.0,6.0
chloralhydrate,1,165.403,0.667,2.0,40.46,0.0,0.0
petrichloral,1,725.699,4.794,4.0,117.84,0.0,12.0
cyprolidol,1,301.389,4.121,1.0,33.12,4.0,4.0
pipradrol,1,267.372,3.065,2.0,32.26,3.0,3.0
azacyclonol,1,267.372,2.922,2.0,32.26,3.0,3.0
penfluridol,1,523.973,7.533,1.0,23.47,4.0,7.0
mazindol,1,284.746,2.609,1.0,35.83,4.0,1.0
ciclazindol,1,298.773,3.198,1.0,35.83,4.0,1.0
endixaprine,1,324.211,3.412,1.0,49.25,3.0,2.0
lodaxaprine,1,289.766,2.758,1.0,49.25,3.0,2.0
celucloral,1,1136.115,2.567,7.0,252.37,2.0,27.0
penthrichloral,1,265.52,0.7,2.0,58.92,1.0,2.0
piflutixol,1,451.529,6.225,1.0,23.47,4.0,5.0
xanthiol,1,417.018,4.717,1.0,26.71,4.0,7.0
homopipramol,1,373.5,4.293,1.0,29.95,4.0,6.0
homophenazine,1,451.558,4.698,1.0,29.95,4.0,6.0
homofenazine,1,451.558,4.698,1.0,29.95,4.0,6.0
pinoxepin,1,398.934,3.664,1.0,35.94,4.0,5.0
flupentixol,1,434.527,4.602,1.0,26.71,4.0,5.0
clopenthixol/zuclopenthixol,1,400.975,4.236,1.0,26.71,4.0,5.0
teflutixol,1,454.533,4.831,1.0,26.71,4.0,6.0
flutizenol,1,443.56,4.37,1.0,29.95,4.0,6.0
opipramol,1,363.505,3.309,1.0,29.95,4.0,6.0
cloxypendyl,1,404.967,3.338,1.0,42.84,4.0,6.0
tefludazine,1,408.439,4.031,1.0,26.71,4.0,4.0
flupimazine,1,452.542,5.172,1.0,35.94,4.0,7.0
etodroxizine,1,418.965,3.073,1.0,45.17,3.0,11.0
chloralose,1,309.529,-0.463,3.0,88.38,2.0,2.0
pentostatin,1,268.273,-0.989,4.0,112.13,3.0,2.0
benzyl alcohol,1,108.14,1.179,1.0,20.23,1.0,1.0
salicin,1,286.28,-1.642,5.0,119.61,2.0,4.0
nicotinyl alcohol,0,109.128,0.574,1.0,33.12,1.0,1.0
cyprazepam,1,339.826,2.629,1.0,48.19,4.0,3.0
roxindole mesylate,1,346.474,4.986,2.0,39.26,4.0,6.0
"morphinan-3-ol, 17-(2-phenylethyl)-",1,347.502,4.693,1.0,23.47,5.0,3.0
norlevorphanol,1,243.35,2.738,2.0,32.26,4.0,0.0
proxorphan,1,299.414,2.707,1.0,32.7,5.0,2.0
oxilorphan,1,313.441,2.976,2.0,43.7,5.0,2.0
butorphanol,1,327.468,3.366,2.0,43.7,5.0,2.0
normorphine,1,271.316,0.856,3.0,61.72,5.0,0.0
nalbuphine,1,357.45,1.707,3.0,73.16,6.0,2.0
fenadiazole,1,162.148,1.442,1.0,59.15,2.0,1.0
tifemoxone,1,223.297,1.729,1.0,30.49,2.0,3.0
xantocillin,0,288.306,4.318,2.0,49.18,2.0,3.0
azidamfenicol,1,295.255,0.416,3.0,161.46,1.0,7.0
eltoprazine,1,220.272,0.867,1.0,33.73,3.0,1.0
pipequaline,1,316.448,4.834,1.0,24.92,4.0,4.0
perafensine,1,289.382,3.311,1.0,28.16,4.0,2.0
dexoxadrol,1,309.409,3.445,1.0,30.49,4.0,3.0
napitane,1,335.447,4.325,0.0,21.7,5.0,3.0
deximafen (imafen),1,187.246,1.002,1.0,27.63,3.0,1.0
fenharmane,1,262.356,3.597,2.0,27.82,4.0,2.0
benzindopyrine hydrochloride,1,312.416,4.87,0.0,17.82,4.0,5.0
dexamisole,1,204.298,2.146,0.0,15.6,3.0,1.0
indalpine,1,228.339,3.1,2.0,27.82,3.0,3.0
5234-86-6,1,188.274,1.189,1.0,15.27,3.0,0.0
taclamine,1,289.422,4.458,0.0,3.24,5.0,0.0
quinupramine,1,304.437,4.018,0.0,6.48,6.0,1.0
azepindole,1,186.258,2.135,1.0,16.96,3.0,0.0
litoxetine,1,241.334,3.108,1.0,21.26,3.0,3.0
pyridarone,1,195.221,3.495,0.0,26.03,3.0,1.0
piribedil,1,298.346,1.527,0.0,50.72,4.0,3.0
schembl120952,1,350.425,4.019,0.0,51.56,5.0,4.0
teniloxazine,1,289.4,2.706,1.0,30.49,3.0,5.0
alclofenac,0,226.659,2.532,1.0,46.53,1.0,5.0
(s)-warfarin,0,308.333,3.61,1.0,67.51,3.0,4.0
practolol,0,266.341,1.383,3.0,70.59,1.0,7.0
ifenprodil,1,325.452,3.769,2.0,43.7,3.0,5.0
terbutaline sulfate,0,225.288,1.519,4.0,72.72,1.0,3.0
remikiren,0,630.852,3.096,5.0,161.48,4.0,15.0
1-(2-methyl-3-sulfanylpropanoyl)pyrrolidine-2-carboxylic acid,0,217.29,0.628,2.0,57.61,1.0,3.0
gyki-52466,1,293.326,2.767,1.0,69.2,4.0,1.0
temafloxacin,0,417.387,2.904,2.0,74.57,4.0,3.0
estradiol valerate,0,356.506,5.35,1.0,46.53,4.0,4.0
cgs-19755,1,300.782,3.387,0.0,44.76,1.0,9.0
quinpirole,1,219.332,1.999,1.0,31.92,3.0,2.0
raclopride,1,347.242,2.922,2.0,61.8,2.0,5.0
cgp-39551,1,237.192,0.001,3.0,109.85,0.0,5.0
bufuralol,0,261.365,3.417,2.0,45.4,2.0,4.0
ici-204448,0,465.377,4.295,1.0,70.08,3.0,9.0
u-50488,1,369.336,4.401,0.0,23.55,3.0,4.0
pd 117302,1,356.535,4.309,0.0,23.55,4.0,4.0
sch-23390,1,287.79,3.665,1.0,23.47,3.0,1.0
ceftriaxone,0,554.592,-1.611,4.0,214.96,4.0,8.0
cefetametpivoxil,0,511.582,0.84,2.0,162.51,3.0,7.0
abecarnil,1,404.466,5.007,1.0,73.44,4.0,7.0
elacridar,0,563.654,5.56,2.0,92.89,6.0,8.0
proscillaridin,0,530.658,3.014,4.0,129.59,6.0,3.0
acarbose,0,645.608,-8.565,14.0,321.17,4.0,9.0
mefenidil,1,197.241,2.451,1.0,52.47,2.0,2.0
mecoprop,1,214.648,2.5,1.0,46.53,1.0,3.0
tocainide,0,192.262,1.589,2.0,55.12,1.0,2.0
tolamolol,0,344.411,1.502,3.0,93.81,2.0,10.0
napsagatran,0,558.661,0.674,5.0,185.99,4.0,11.0
minoxidil,0,209.253,0.172,3.0,91.16,2.0,1.0
guanabenz,0,231.086,1.601,2.0,76.76,1.0,2.0
phaclofen,1,249.634,1.56,3.0,83.55,1.0,4.0
saclofen,1,249.719,1.27,2.0,80.39,1.0,4.0
olsalazine sodium,0,302.242,2.91,4.0,139.78,2.0,4.0
carmoxirol,0,374.484,4.978,2.0,56.33,4.0,7.0
miglitol,0,207.226,-3.262,5.0,104.39,1.0,3.0
quipazine,1,213.284,1.644,1.0,28.16,3.0,1.0
,0,298.426,3.493,1.0,37.3,4.0,0.0
,1,430.567,5.558,1.0,38.05,6.0,1.0
,0,296.41,3.613,2.0,40.46,4.0,0.0
,0,310.437,3.916,1.0,29.46,4.0,1.0
,1,312.453,3.883,1.0,37.3,4.0,0.0
unii-bsk5epo7d3,1,360.473,2.661,1.0,35.94,3.0,6.0
selegiline,1,187.286,2.183,0.0,3.24,1.0,4.0
185517-74-2,1,171.243,1.897,1.0,12.03,2.0,2.0
carfimate,1,175.187,1.456,1.0,52.32,1.0,2.0
ncgc00183101-01,1,398.554,2.5,2.0,101.57,2.0,10.0
dibenzoyl thiamine,1,490.585,4.378,1.0,115.48,3.0,10.0
benfotiamine,1,466.456,2.63,3.0,155.94,2.0,10.0
,0,411.41,1.265,5.0,158.15,4.0,0.0
,0,411.41,1.265,5.0,158.15,4.0,0.0
ectylurea,1,156.185,0.538,2.0,72.19,0.0,2.0
(s)-crotetamide,1,226.32,1.278,0.0,40.62,0.0,5.0
unii-8z6r6e061v,1,240.347,1.668,0.0,40.62,0.0,6.0
,0,389.433,0.707,4.0,132.96,3.0,5.0
,1,535.637,4.121,1.0,112.02,6.0,5.0
,1,535.637,4.121,1.0,112.02,6.0,5.0
"2-(3,4-dihydronaphthalen-2-ylmethylidene)imidazolidine",1,212.296,2.05,2.0,24.06,3.0,1.0
fenharmane,1,262.356,3.186,1.0,24.39,4.0,2.0
(2s)-2-(1h-inden-4-yloxymethyl)morpholine,1,231.295,1.623,1.0,30.49,3.0,3.0
schembl6958891,1,212.296,2.406,1.0,24.39,3.0,2.0
(+)-cannabidiol,1,314.469,5.847,2.0,40.46,2.0,6.0
nalmefene,1,339.435,2.513,2.0,52.93,6.0,2.0
,1,337.507,4.663,1.0,23.47,5.0,2.0
,1,372.461,1.724,3.0,94.83,4.0,2.0
,1,390.451,1.816,3.0,94.83,4.0,2.0
,1,372.461,1.724,3.0,94.83,4.0,2.0
,0,476.869,0.216,6.0,181.62,4.0,2.0
,0,476.869,0.059,6.0,181.62,4.0,2.0
,0,442.424,-0.438,6.0,181.62,4.0,2.0
,0,442.424,-0.594,6.0,181.62,4.0,2.0
vinylbital,1,224.26,0.961,2.0,75.27,1.0,4.0
schembl3299566,0,395.422,-0.172,4.0,158.21,3.0,5.0
schembl4812946,0,453.458,-0.545,4.0,184.51,3.0,8.0
quinidine,0,324.424,3.173,1.0,45.59,5.0,4.0
quinidine,1,324.424,3.173,1.0,45.59,5.0,4.0
,1,432.488,2.195,2.0,93.06,5.0,3.0
zinc2006536,1,226.232,-0.314,3.0,95.5,1.0,4.0
"5-[(2s)-hex-3-yn-2-yl]-1-methyl-5-prop-2-enyl-1,3-diazinane-2,4,6-trione",1,262.309,1.307,1.0,66.48,1.0,3.0
secobarbital,1,238.287,1.351,2.0,75.27,1.0,5.0
thiamylal,1,254.355,1.516,2.0,58.2,1.0,5.0
thialbarbital,1,264.35,1.436,2.0,58.2,2.0,3.0
(s)-allomethadione,1,155.153,0.54,0.0,46.61,1.0,2.0
"albutoin, (s)-",1,212.318,1.304,1.0,32.34,1.0,4.0
,1,283.415,3.637,1.0,23.47,4.0,2.0
"(7as)-4a,9-dihydroxy-3-prop-2-enyl-2,4,5,6,7a,13-hexahydro-1h-4,12-methanobenzofuro[3,2-e]isoquinolin-7-one",1,327.38,1.301,2.0,70.0,5.0,2.0
,1,437.58,3.72,2.0,62.16,7.0,6.0
,1,437.58,3.72,2.0,62.16,7.0,6.0
,1,311.381,1.754,2.0,52.93,5.0,2.0
,1,395.455,2.545,0.0,65.07,5.0,4.0
"alpiropride, (s)-",1,382.486,0.566,3.0,113.76,2.0,8.0
unii-3ggr48an0z,1,383.47,0.731,2.0,110.96,2.0,8.0
zinc1531027,1,451.615,3.194,2.0,71.68,4.0,8.0
,0,330.431,0.537,2.0,86.71,2.0,6.0
(s)-alfetamine,1,161.248,2.133,1.0,26.02,1.0,4.0
,0,804.031,4.639,3.0,178.36,4.0,7.0
(s)-alprenolol,1,249.354,2.153,2.0,41.49,1.0,8.0
74046-07-4,1,129.159,0.365,2.0,63.32,0.0,4.0
"4-[3-[(3s,4s)-3-ethenylpiperidin-4-yl]propyl]-6-methoxyquinoline",1,310.441,3.978,1.0,34.15,3.0,6.0
,0,361.423,1.06,2.0,99.07,3.0,5.0
,0,429.604,5.407,1.0,40.54,5.0,2.0
,0,483.473,0.632,5.0,176.61,5.0,3.0
,1,378.44,1.648,3.0,94.83,4.0,1.0
,1,344.451,2.585,2.0,74.6,4.0,1.0
,1,376.468,2.923,2.0,74.6,4.0,1.0
,0,513.499,0.726,6.0,196.84,5.0,3.0
,0,497.5,1.02,5.0,176.61,5.0,3.0
,1,376.468,2.923,2.0,74.6,4.0,1.0
,1,346.467,2.809,2.0,74.6,4.0,1.0
,1,418.505,3.446,1.0,72.83,5.0,1.0
,1,386.532,4.608,0.0,52.6,5.0,1.0
,1,416.558,4.931,1.0,80.67,4.0,5.0
,1,314.469,4.724,0.0,34.14,4.0,1.0
,1,342.479,3.716,1.0,54.37,4.0,1.0
,1,344.495,3.94,1.0,54.37,4.0,1.0
,1,316.485,4.205,1.0,37.3,5.0,1.0
,1,439.379,4.152,1.0,71.44,4.0,3.0
,1,550.067,4.703,1.0,105.85,5.0,6.0
chembl71895,0,381.423,0.633,1.0,64.09,3.0,4.0
chembl306665,0,413.44,1.374,1.0,64.09,3.0,4.0
chembl69032,0,414.333,1.662,1.0,64.09,3.0,4.0
chembl74292,0,407.536,0.092,1.0,87.15,3.0,5.0
chembl71313,0,345.443,0.355,1.0,64.09,3.0,4.0
ketoconazole,0,531.44,4.206,0.0,69.06,5.0,7.0
aceglutamide,1,188.183,-1.159,3.0,109.49,0.0,5.0
,1,418.505,3.494,1.0,80.67,4.0,2.0
,0,807.89,3.26,5.0,224.45,6.0,8.0
,0,516.719,5.666,3.0,104.06,4.0,5.0
,1,455.378,3.736,1.0,80.67,4.0,3.0
,1,420.477,2.221,2.0,100.9,4.0,3.0
,1,402.487,2.128,2.0,100.9,4.0,3.0
,1,422.493,2.445,2.0,100.9,4.0,3.0
,1,402.487,2.561,1.0,97.74,4.0,3.0
,1,404.503,2.352,2.0,100.9,4.0,3.0
,1,416.514,2.374,2.0,100.9,4.0,3.0
,1,434.916,2.554,1.0,97.74,4.0,3.0
,1,530.665,4.301,2.0,101.65,6.0,4.0
,1,470.484,2.712,2.0,100.9,4.0,3.0
,1,434.504,2.467,2.0,100.9,4.0,3.0
,1,434.504,2.322,2.0,100.9,4.0,3.0
,1,434.504,2.322,2.0,100.9,4.0,3.0
,1,478.513,1.762,2.0,127.2,4.0,4.0
,1,504.595,3.673,1.0,106.97,4.0,5.0
,1,528.573,3.924,1.0,120.11,5.0,5.0
,1,559.4,3.462,1.0,106.97,4.0,4.0
,1,494.531,2.985,1.0,106.97,4.0,4.0
,1,459.514,2.655,1.0,102.26,5.0,3.0
,1,441.524,2.563,1.0,102.26,5.0,3.0
,1,566.066,4.287,1.0,115.08,5.0,6.0
,1,569.066,3.963,1.0,108.36,5.0,7.0
,1,494.531,2.938,1.0,99.13,5.0,3.0
,1,476.541,2.846,1.0,99.13,5.0,3.0
,1,502.579,3.524,1.0,99.13,6.0,3.0
,1,502.579,3.524,1.0,99.13,6.0,3.0
,1,452.95,3.569,1.0,80.67,4.0,3.0
schembl11851060,0,339.329,-0.798,2.0,136.8,2.0,5.0
,0,415.424,-1.13,4.0,176.33,2.0,9.0
chembl1617862,0,423.472,0.475,2.0,125.9,3.0,7.0
(6s)-3-(acetyloxymethyl)-8-oxo-7-[(2-phenylacetyl)amino]-5-thia-1-azabicyclo[4.2.0]oct-2-ene-2-carboxylic acid,0,390.417,0.531,2.0,113.01,3.0,6.0
schembl10974577,0,396.446,0.592,2.0,113.01,3.0,6.0
schembl8480395,0,405.432,-0.012,3.0,139.03,3.0,6.0
,0,491.909,2.219,2.0,139.04,4.0,6.0
,1,480.51,2.348,0.0,126.96,3.0,9.0
"[(1s,6s,7as)-4-(acetyloxymethyl)-1-(3-methylbutanoyloxy)spiro[6,7a-dihydro-1h-cyclopenta[c]pyran-7,2'-oxirane]-6-yl] 3-acetyloxy-3-methylbutanoate",1,480.51,2.348,0.0,126.96,3.0,9.0
valepotriate,1,422.474,2.662,0.0,100.66,3.0,8.0
,0,406.46,0.84,1.0,102.01,3.0,6.0
,1,434.504,2.609,2.0,100.9,4.0,3.0
levophacetoperane,1,233.311,2.433,1.0,38.33,2.0,3.0
,0,501.576,2.288,2.0,136.07,3.0,3.0
,0,853.918,3.736,4.0,221.29,7.0,10.0
,0,516.719,5.666,3.0,104.06,4.0,5.0
,1,588.509,8.93,0.0,26.3,4.0,6.0
,1,588.509,8.786,0.0,26.3,4.0,6.0
,1,424.49,2.742,0.0,100.66,3.0,8.0
,1,369.417,1.989,0.0,65.07,5.0,2.0
acetorphan (racecadotril and ecadotril),1,385.485,2.985,1.0,72.47,2.0,9.0
,0,416.583,4.852,0.0,60.44,5.0,1.0
,1,332.484,3.774,1.0,54.37,4.0,1.0
,1,332.528,4.985,1.0,37.3,4.0,1.0
,1,318.501,4.595,1.0,37.3,4.0,1.0
w 3746,1,320.172,1.203,3.0,86.63,1.0,6.0
aceprometazine,1,326.465,4.442,0.0,23.55,3.0,4.0
(s)-fexofenadine,0,501.667,5.511,3.0,81.0,4.0,10.0
,0,439.578,2.412,0.0,88.51,3.0,5.0
,0,463.556,1.324,2.0,128.03,3.0,6.0
schembl1005144,1,370.836,4.045,1.0,67.76,3.0,2.0
,1,462.652,4.095,2.0,91.67,4.0,3.0
"(1s,8s)-6-tert-butyl-3-azapentacyclo[11.8.1.03,8.09,22.016,21]docosa-9,11,13(22),16,18,20-hexaen-6-ol",1,361.529,4.845,1.0,23.47,5.0,0.0
,1,458.595,3.545,2.0,100.9,4.0,4.0
,1,458.595,3.545,2.0,100.9,4.0,4.0
,1,518.622,4.016,1.0,99.13,5.0,4.0
,1,532.649,4.406,1.0,99.13,5.0,4.0
,1,613.803,2.867,4.0,118.03,5.0,11.0
chembl405969,1,670.855,3.092,5.0,166.75,5.0,12.0
(s)-albuterol,0,239.315,1.306,4.0,72.72,1.0,4.0
(+)-s-carbuterol,0,267.329,1.304,5.0,107.61,1.0,4.0
zinc311,1,211.28,2.247,2.0,32.26,1.0,3.0
(-)-carteolol,1,292.379,1.699,3.0,70.59,2.0,5.0
zinc11592715,1,309.406,0.635,4.0,81.95,2.0,5.0
(s)-bunitrolol,1,248.326,1.686,2.0,65.28,1.0,5.0
schembl4820,0,240.303,0.701,4.0,85.61,1.0,4.0
chembl2261922,1,418.291,3.881,0.0,64.43,4.0,1.0
(-)-stiripentol,1,234.295,2.836,1.0,38.69,2.0,2.0
schembl19274001,1,234.295,2.836,1.0,38.69,2.0,2.0
zinc5354935,1,195.242,0.939,1.0,50.18,1.0,1.0
buclizine,1,433.039,6.545,0.0,6.48,4.0,5.0
schembl4916174,1,406.492,5.466,2.0,33.29,3.0,5.0
chembl432527,1,471.685,6.446,2.0,43.7,4.0,8.0
hopantenic-acid,1,233.264,-0.653,4.0,106.86,0.0,7.0
chlorobutanol,1,177.458,2.128,1.0,20.23,0.0,0.0
2-methylpropanol,1,128.093,1.32,1.0,20.23,0.0,0.0
,0,546.045,2.987,3.0,125.04,4.0,8.0
,0,378.45,1.476,2.0,95.94,3.0,5.0
,1,285.431,3.883,1.0,23.47,3.0,2.0
nalmexone,1,355.434,2.082,2.0,70.0,5.0,2.0
,1,355.434,2.082,2.0,70.0,5.0,2.0
,1,540.697,4.704,1.0,99.13,6.0,5.0
,0,510.612,3.081,1.0,102.01,4.0,8.0
zinc665,1,188.267,1.402,1.0,38.69,1.0,3.0
,1,347.502,4.455,1.0,23.47,5.0,1.0
ci-1043,1,407.901,5.38,0.0,63.16,4.0,6.0
zinc20137760,1,235.327,2.462,1.0,30.49,2.0,5.0
(s)-amixetrine,1,261.409,3.886,0.0,12.47,2.0,7.0
,1,505.637,2.403,3.0,131.19,3.0,11.0
unii-u73hjz98fz,0,366.549,4.83,0.0,15.71,3.0,10.0
(s)-sibutramine,1,279.855,4.738,0.0,3.24,2.0,5.0
,0,686.899,-0.135,7.0,231.84,2.0,21.0
,0,424.475,1.483,2.0,126.15,3.0,7.0
,0,654.606,3.193,3.0,118.21,7.0,5.0
(s)-(+)-ibuprofen,1,206.285,3.073,1.0,37.3,1.0,4.0
"1-[4-[[(4s)-2-(2,4-dichlorophenyl)-2-(1,2,4-triazol-1-ylmethyl)-1,3-dioxolan-4-yl]methoxy]phenyl]-4-propan-2-ylpiperazine",0,532.472,4.463,0.0,64.88,5.0,8.0
,1,273.298,3.487,0.0,12.47,2.0,2.0
(s)-oxaflozane,1,273.298,3.487,0.0,12.47,2.0,2.0
schembl6707709,1,328.283,4.368,2.0,32.26,4.0,3.0
sotalol,1,272.37,1.09,3.0,78.43,1.0,6.0
(+)-isoproterenol,0,211.261,1.129,4.0,72.72,1.0,4.0
levobetaxolol,1,307.434,2.393,2.0,50.72,2.0,11.0
(s)-(-)-pindolol,1,248.326,1.906,3.0,57.28,2.0,6.0
propranolol,0,259.349,2.578,2.0,41.49,2.0,6.0
chembl319301,1,408.464,4.955,2.0,42.52,3.0,7.0
(s)-bromisoval,1,223.07,0.601,2.0,72.19,0.0,2.0
(s)-7-(4-fluorobenzylamino)-8-methylnonanoic acid,1,295.398,3.975,2.0,49.33,1.0,10.0
"valganciclovir, (s)-",1,354.367,-1.437,4.0,171.37,2.0,8.0
(2s)-2-[[(2s)-2-[[2-[[(2s)-2-[[(2s)-2-amino-3-(4-hydroxyphenyl)propanoyl]amino]propanoyl]amino]acetyl]amino]-3-phenylpropanoyl]amino]-3-methylbutanamide,0,554.648,-0.763,7.0,205.74,2.0,14.0
unii-m40on86qx2,1,156.269,2.584,1.0,20.23,1.0,2.0
,1,393.575,4.631,1.0,37.27,5.0,3.0
,0,402.531,4.073,1.0,88.51,4.0,4.0
,1,326.4,2.517,3.0,67.7,3.0,5.0
3-hydroxy-alpha-methyl-dl-tyrosine,0,211.217,0.442,4.0,103.78,1.0,3.0
zinc4214112,1,204.226,0.59,2.0,104.64,0.0,4.0
,0,453.502,0.353,4.0,177.94,3.0,7.0
zinc5447609,1,224.26,1.105,2.0,75.27,1.0,3.0
,0,453.502,0.353,4.0,177.94,3.0,7.0
,0,470.694,6.413,2.0,74.6,5.0,1.0
102507-71-1,0,437.412,-1.629,4.0,210.81,2.0,8.0
,0,423.429,-1.156,4.0,193.74,2.0,9.0
brl-53087,1,383.363,4.649,0.0,23.55,3.0,4.0
zinc1678603,1,217.268,1.951,1.0,38.33,2.0,2.0
,1,217.268,1.951,1.0,38.33,2.0,2.0
"[(1s,2s,9s)-4,4,11,11-tetramethyl-3,5,7,10,12-pentaoxatricyclo[7.3.0.02,6]dodecan-6-yl]methyl sulfamate",1,339.366,-0.395,1.0,115.54,3.0,3.0
,1,564.606,4.64,1.0,112.27,7.0,4.0
,1,434.504,2.419,2.0,93.06,5.0,2.0
,1,578.633,5.03,1.0,112.27,7.0,4.0
,1,416.514,2.327,2.0,93.06,5.0,2.0
,1,416.514,2.327,2.0,93.06,5.0,2.0
,1,454.966,3.889,1.0,72.83,5.0,2.0
,1,438.536,2.723,2.0,93.06,5.0,2.0
,1,438.536,2.723,2.0,93.06,5.0,2.0
,1,505.841,5.129,0.0,52.6,5.0,2.0
,1,489.386,4.86,0.0,52.6,5.0,2.0
,1,487.395,3.883,1.0,72.83,5.0,2.0
,1,452.494,2.367,2.0,93.06,5.0,2.0
,1,520.569,3.328,1.0,99.13,6.0,4.0
,1,434.504,2.275,2.0,93.06,5.0,2.0
,1,436.52,2.499,2.0,93.06,5.0,2.0
,0,425.506,3.085,2.0,92.7,4.0,6.0
,0,325.434,1.406,1.0,73.21,3.0,3.0
,0,510.576,0.567,4.0,169.78,4.0,7.0
,0,405.476,1.117,3.0,110.18,4.0,3.0
,0,389.477,1.411,2.0,89.95,4.0,3.0
,0,405.476,1.117,3.0,110.18,4.0,3.0
,0,341.433,0.28,3.0,112.73,3.0,3.0
,0,393.509,0.916,3.0,112.73,6.0,3.0
,0,359.404,-0.8,4.0,150.03,2.0,7.0
,0,350.396,0.697,2.0,95.94,3.0,5.0
,0,366.464,1.41,2.0,86.71,3.0,5.0
,0,334.397,0.861,2.0,86.71,3.0,4.0
,0,443.481,1.777,3.0,132.44,4.0,6.0
,0,443.481,1.777,3.0,132.44,4.0,6.0
,0,378.406,0.486,3.0,124.01,3.0,5.0
,0,384.435,0.548,3.0,124.01,3.0,5.0
,0,494.569,2.496,2.0,113.01,5.0,6.0
,0,454.504,2.007,2.0,113.01,4.0,6.0
,0,351.428,0.222,3.0,112.73,3.0,4.0
,0,365.411,0.024,4.0,132.96,3.0,4.0
,0,349.412,0.318,3.0,112.73,3.0,4.0
,0,594.668,-0.589,2.0,182.48,5.0,7.0
,0,481.53,1.646,2.0,128.03,5.0,5.0
,0,510.576,0.276,4.0,167.08,4.0,8.0
,0,549.653,1.458,4.0,140.2,5.0,8.0
,0,539.592,-0.234,3.0,173.5,4.0,6.0
,0,672.702,0.361,8.0,266.01,5.0,9.0
,0,521.555,1.026,4.0,161.56,5.0,6.0
,0,729.79,-0.174,7.0,246.74,5.0,13.0
,0,429.476,-0.248,4.0,153.11,3.0,6.0
,0,426.494,2.438,2.0,95.94,4.0,6.0
,0,414.461,0.247,3.0,141.08,3.0,5.0
,0,416.415,0.573,3.0,149.79,4.0,4.0
,0,300.296,-1.523,1.0,122.46,3.0,3.0
,1,496.575,3.556,2.0,93.06,6.0,3.0
,1,475.326,2.32,3.0,94.83,4.0,2.0
,1,392.879,1.9,3.0,94.83,4.0,2.0
,1,358.434,1.766,2.0,91.67,4.0,2.0
,1,360.45,1.558,3.0,94.83,4.0,2.0
,1,460.523,1.973,3.0,138.2,4.0,6.0
,1,413.341,3.166,2.0,74.6,4.0,2.0
,1,378.44,1.65,3.0,94.83,4.0,2.0
,1,394.439,0.62,4.0,115.06,4.0,2.0
,1,464.577,3.93,2.0,74.6,6.0,2.0
,1,392.879,1.983,2.0,91.67,4.0,2.0
,1,378.44,1.506,3.0,94.83,4.0,2.0
,1,412.429,0.569,4.0,115.06,4.0,2.0
,1,376.449,0.816,3.0,111.9,4.0,2.0
,1,348.483,2.747,2.0,74.6,4.0,2.0
,0,372.4,1.742,2.0,101.45,5.0,3.0
,1,360.45,1.99,2.0,91.67,4.0,2.0
,0,360.45,1.846,2.0,91.67,4.0,3.0
"(8s,9s,11s,14s,17s)-11-hydroxy-17-(2-hydroxyacetyl)-10,13-dimethyl-1,2,6,7,8,9,11,12,14,15,16,17-dodecahydrocyclopenta[a]phenanthren-3-one",0,346.467,2.667,2.0,74.6,4.0,2.0
,0,362.466,1.782,3.0,94.83,4.0,2.0
,1,462.539,2.197,3.0,138.2,4.0,6.0
,1,486.649,4.303,2.0,100.9,5.0,6.0
,1,378.534,2.719,3.0,74.6,4.0,2.0
,0,360.45,2.003,2.0,83.83,5.0,2.0
,1,288.431,3.879,1.0,37.3,4.0,0.0
,0,302.458,4.269,1.0,37.3,4.0,0.0
,1,346.467,2.811,2.0,74.6,4.0,2.0
,1,380.456,1.874,3.0,94.83,4.0,2.0
"(9s,15s)-15-amino-1-methyltricyclo[7.5.1.02,7]pentadeca-2(7),3,5-trien-4-ol",1,245.366,3.114,2.0,46.25,3.0,0.0
,0,274.404,3.489,1.0,37.3,4.0,0.0
,0,270.372,3.817,1.0,37.3,4.0,0.0
,0,272.388,3.609,2.0,40.46,4.0,0.0
,1,290.378,3.557,2.0,40.46,4.0,0.0
,0,300.398,3.59,0.0,43.37,4.0,0.0
,0,306.446,3.543,1.0,46.53,4.0,0.0
,0,328.5,4.118,2.0,48.91,5.0,0.0
"(9s)-1-methyl-16-azatetracyclo[7.6.1.02,7.010,15]hexadeca-2,4,6,10,12,14-hexaene",1,221.303,3.151,1.0,12.03,4.0,0.0
,0,414.487,0.728,3.0,111.1,4.0,5.0
,0,349.412,0.349,3.0,112.73,3.0,4.0
,0,397.84,0.804,4.0,132.96,3.0,4.0
schembl9650920,0,363.395,0.151,4.0,132.96,3.0,4.0
,0,440.503,-0.184,4.0,158.9,3.0,6.0
schembl8481524,0,347.396,0.445,3.0,112.73,3.0,4.0
,0,461.54,1.245,2.0,128.03,3.0,6.0
,0,525.602,2.659,2.0,139.04,3.0,1.0
,1,283.371,2.617,1.0,32.7,5.0,0.0
,1,269.344,2.227,1.0,32.7,5.0,0.0
,1,672.8,4.841,3.0,156.02,7.0,6.0
,0,525.602,2.659,2.0,139.04,3.0,1.0
unii-8xqb4do2w9,1,250.345,3.966,0.0,15.6,3.0,1.0
aztreonam,0,435.44,-1.172,4.0,201.58,2.0,7.0
schembl9424925,0,435.44,-1.172,4.0,201.58,2.0,7.0
"2-cyclopropyl-7-methyl-2,4,9,15-tetrazatricyclo[9.4.0.03,8]pentadecan-10-one",1,278.4,0.23,3.0,56.4,4.0,1.0
dextromethadone,1,309.453,4.292,0.0,20.31,2.0,7.0
,1,370.533,4.497,1.0,54.37,4.0,2.0
,1,360.494,3.199,2.0,74.6,4.0,2.0
"n-(3,4-dichlorophenyl)-n-[(1s,2s)-2-(dimethylamino)cyclopentyl]propanamide",1,329.271,4.219,0.0,23.55,2.0,4.0
,1,408.542,3.926,0.0,49.85,3.0,7.0
dextropropoxyphene,1,339.479,4.276,0.0,29.54,2.0,8.0
,1,466.977,4.103,1.0,80.67,4.0,4.0
,1,460.567,3.313,1.0,106.97,4.0,5.0
,1,472.578,3.335,1.0,106.97,4.0,5.0
,1,472.578,3.335,1.0,106.97,4.0,5.0
,1,462.558,3.511,1.0,89.9,4.0,5.0
,1,482.589,4.133,1.0,80.67,4.0,3.0
,1,482.589,4.133,1.0,80.67,4.0,3.0
,1,517.034,4.699,1.0,80.67,4.0,4.0
,1,517.034,4.699,1.0,80.67,4.0,4.0
,1,500.579,4.43,1.0,80.67,4.0,4.0
,1,500.579,4.43,1.0,80.67,4.0,4.0
,1,261.365,2.807,0.0,29.54,2.0,3.0
,1,275.392,3.197,0.0,29.54,2.0,4.0
,1,521.05,4.087,1.0,106.97,4.0,6.0
,1,504.595,3.818,1.0,106.97,4.0,6.0
,1,521.05,3.943,1.0,106.97,4.0,6.0
,1,508.558,3.328,1.0,99.13,5.0,4.0
,0,790.001,2.747,4.0,199.98,3.0,9.0
,0,813.979,2.767,3.0,206.05,3.0,12.0
,0,813.979,2.767,3.0,206.05,3.0,12.0
,0,799.996,3.83,1.0,178.12,4.0,10.0
zinc669,1,340.492,4.832,0.0,23.55,3.0,5.0
,1,418.574,4.586,1.0,72.83,3.0,6.0
,1,451.607,3.857,1.0,51.16,8.0,6.0
,1,186.255,1.254,2.0,72.19,0.0,4.0
,1,143.23,1.544,1.0,43.09,0.0,4.0
schembl155839,1,183.251,1.128,1.0,46.17,1.0,2.0
,1,462.558,3.199,2.0,93.06,5.0,4.0
,1,245.366,2.829,1.0,23.47,3.0,1.0
,0,941.037,3.107,5.0,241.91,9.0,9.0
,0,811.878,3.158,4.0,217.05,7.0,9.0
,1,810.989,3.991,3.0,154.1,9.0,7.0
,0,753.941,2.732,5.0,164.82,9.0,6.0
,0,824.972,3.518,3.0,171.17,9.0,8.0
,1,261.365,2.807,1.0,30.49,3.0,3.0
(+)-bremazocine,1,315.457,3.222,2.0,43.7,4.0,3.0
,1,299.458,4.107,1.0,23.47,4.0,3.0
,1,313.485,4.497,1.0,23.47,4.0,3.0
,1,367.489,3.35,0.0,38.77,6.0,4.0
,1,478.988,4.701,0.0,77.51,4.0,5.0
,1,432.557,3.133,2.0,100.9,4.0,5.0
,1,488.621,4.094,1.0,106.97,4.0,7.0
,1,488.621,3.949,1.0,106.97,4.0,6.0
,1,508.558,3.52,1.0,106.97,4.0,6.0
,1,508.558,3.52,1.0,106.97,4.0,6.0
,1,521.05,4.087,1.0,106.97,4.0,6.0
,1,428.569,4.326,1.0,80.67,4.0,4.0
,1,567.55,6.114,0.0,86.74,4.0,8.0
,1,453.579,3.383,1.0,68.23,7.0,5.0
,1,411.542,3.164,2.0,62.16,7.0,4.0
,1,453.579,3.383,1.0,68.23,7.0,5.0
,1,247.382,3.402,1.0,23.47,2.0,3.0
,1,444.568,3.299,2.0,100.9,4.0,6.0
,1,446.584,3.523,2.0,100.9,4.0,6.0
,1,462.558,3.247,2.0,100.9,4.0,6.0
,1,476.585,3.637,2.0,100.9,4.0,6.0
,1,357.538,4.846,1.0,40.54,3.0,7.0
,1,474.613,4.768,1.0,80.67,4.0,7.0
schembl2762240,1,372.549,6.264,1.0,46.53,3.0,6.0
,1,287.4,3.354,1.0,70.78,1.0,10.0
,1,585.829,8.324,0.0,48.0,6.0,16.0
,1,684.955,7.913,2.0,127.2,4.0,21.0
,1,359.514,4.115,1.0,44.81,3.0,7.0
octamoxin,1,144.262,1.809,2.0,38.05,0.0,6.0
cp25,1,209.289,2.443,1.0,42.23,1.0,5.0
pentamorphone,1,368.477,2.309,2.0,61.8,5.0,5.0
,0,439.018,0.828,5.0,111.05,2.0,9.0
zinc40163161,1,537.829,9.313,0.0,38.77,4.0,11.0
hexapradol,1,283.415,3.83,2.0,46.25,2.0,7.0
,0,354.487,3.475,3.0,94.83,1.0,13.0
17766-02-8,1,314.469,5.736,1.0,29.46,3.0,4.0
,1,512.651,2.394,0.0,90.47,4.0,10.0
,1,275.392,3.075,0.0,21.7,3.0,5.0
ethomoxane,1,265.353,2.615,1.0,39.72,2.0,7.0
butamoxane,1,221.3,2.216,1.0,30.49,2.0,5.0
,1,446.559,3.988,1.0,80.67,4.0,5.0
zinc4212927,1,578.663,2.686,2.0,180.79,2.0,18.0
,1,405.451,1.693,2.0,128.03,2.0,10.0
unii-a6vhz79d4o,1,359.604,5.963,0.0,3.24,2.0,10.0
unii-6mdc25lqsr component wtbqlhrvrkxspx-qwrguyrksa-n,1,215.337,2.09,2.0,49.33,0.0,8.0
,0,374.434,-1.755,5.0,129.51,3.0,5.0
,1,274.408,3.705,1.0,35.83,2.0,7.0
"2-(dipropylamino)-2,3-dihydro-1h-phenalen-5-ol",1,283.415,4.135,1.0,23.47,3.0,5.0
alnespirone,1,442.6,4.2,0.0,59.08,4.0,9.0
prosulpride,1,355.46,0.947,2.0,101.73,2.0,7.0
chembl1624111,1,314.498,4.271,1.0,19.03,4.0,4.0
"(3s,4as,10as)-3-(diethylsulfamoylamino)-6-hydroxy-1-propyl-3,4,4a,5,10,10a-hexahydro-2h-benzo[g]quinoline",1,395.569,2.136,2.0,72.88,3.0,7.0
profexalone,1,248.282,2.3,1.0,58.64,2.0,3.0
apadoline,1,381.545,4.525,1.0,35.58,4.0,6.0
propanidid,1,337.416,2.438,0.0,65.07,1.0,10.0
unii-v8qoe2rz8v,1,258.321,3.059,0.0,44.12,2.0,5.0
chembl372312,1,245.366,3.442,0.0,20.31,2.0,5.0
(+)-3-methylhexane,1,100.205,2.833,0.0,0.0,0.0,3.0
s-(?)-prolintane,1,217.356,3.494,0.0,3.24,2.0,5.0
schembl13198079,1,108.568,1.344,1.0,20.23,0.0,2.0
,1,157.213,0.819,1.0,55.62,1.0,4.0
pentobarbital,1,226.276,1.185,2.0,75.27,1.0,4.0
(?)-thiopental,1,242.344,1.35,2.0,58.2,1.0,4.0
methitural,1,288.438,1.693,2.0,58.2,1.0,6.0
schembl1643537,1,240.303,1.575,2.0,75.27,1.0,5.0
unii-1p93to196z component sswatjqizbuqqz-qmmmgpobsa-n,1,256.371,1.74,2.0,58.2,1.0,5.0
,0,406.545,-0.857,5.0,122.49,2.0,7.0
,0,406.545,-0.857,5.0,122.49,2.0,7.0
,0,424.991,0.39,4.0,102.26,2.0,7.0
,0,504.97,0.507,5.0,148.79,2.0,9.0
,1,430.541,2.717,2.0,93.06,5.0,4.0
,1,430.541,2.717,2.0,93.06,5.0,4.0
,1,568.61,4.258,1.0,117.59,5.0,6.0
,1,468.537,2.981,2.0,93.06,5.0,4.0
,0,836.98,5.848,6.0,229.27,5.0,6.0
,0,836.98,5.848,6.0,229.27,5.0,6.0
"(2s)-2-(aminomethyl)-n,n-diethyl-1-phenylcyclopropane-1-carboxamide",1,246.354,1.771,1.0,46.33,2.0,5.0
endomid,1,292.423,2.162,0.0,40.62,2.0,6.0
,0,810.938,5.296,5.0,210.62,5.0,7.0
"lisuride, r",1,338.455,2.841,2.0,51.37,4.0,3.0
lopac-t-165,1,340.471,2.932,2.0,51.37,4.0,3.0
(s)-celiprolol,0,379.501,2.891,3.0,90.9,1.0,9.0
"(2s,3s,11bs)-benzquinamide",1,404.507,2.423,0.0,68.31,3.0,6.0
,1,394.462,6.049,1.0,26.71,3.0,5.0
,1,473.61,2.45,2.0,104.14,4.0,7.0
,1,473.61,2.45,2.0,104.14,4.0,7.0
,1,475.626,2.674,2.0,104.14,4.0,7.0
,0,479.599,1.75,1.0,97.41,3.0,10.0
,1,376.526,2.056,2.0,68.44,4.0,5.0
(s)-profenamine,1,312.482,5.02,0.0,6.48,3.0,5.0
,0,809.979,6.504,5.0,197.21,5.0,5.0
(s)-ethotoin,1,204.229,1.299,1.0,49.41,2.0,2.0
unii-2t374e8s8v,1,304.39,2.112,1.0,58.64,2.0,6.0
amisulpride,1,369.487,1.285,2.0,101.73,2.0,7.0
chembl278044,1,354.472,1.703,1.0,75.71,2.0,7.0
sulpiride,1,341.433,0.557,2.0,101.73,2.0,6.0
,1,645.68,-1.112,4.0,220.26,5.0,9.0
,0,517.564,-0.24,3.0,156.43,4.0,6.0
(s)-doxapram,1,378.516,3.173,0.0,32.78,4.0,6.0
unii-ji5fv0wa1n,1,204.229,1.25,1.0,50.69,2.0,2.0
etasuline,1,302.83,4.964,1.0,24.39,3.0,2.0
zinc17128047,1,254.127,2.598,1.0,29.1,1.0,3.0
,1,219.328,2.386,1.0,21.26,2.0,5.0
unii-75go5pp6ns,0,181.235,1.035,3.0,52.49,1.0,4.0
,1,215.34,3.178,1.0,12.03,3.0,3.0
,0,475.587,-3.201,8.0,199.73,3.0,8.0
ethyl (2s)-2-(dimethylamino)-1-phenylcyclohex-3-ene-1-carboxylate,1,273.376,2.768,0.0,29.54,2.0,4.0
,0,862.064,2.68,4.0,226.28,3.0,12.0
schembl2301780,1,466.549,4.954,2.0,75.99,4.0,8.0
,1,466.549,4.954,2.0,75.99,4.0,8.0
(s)-carbenzide,1,208.261,1.998,2.0,50.36,1.0,4.0
(s)-carbocloral,1,236.482,1.421,2.0,58.56,0.0,2.0
,1,488.577,3.699,1.0,116.2,4.0,6.0
,1,466.958,3.917,1.0,99.13,4.0,4.0
dicethiamine,1,426.495,3.01,1.0,133.94,1.0,10.0
,0,441.55,2.384,0.0,97.74,3.0,6.0
,0,806.0,2.966,4.0,209.21,3.0,9.0
unii-u60ldz69bn,1,360.772,3.2,1.0,67.76,3.0,3.0
unii-gpp439sj5q,1,262.284,2.808,0.0,44.12,2.0,4.0
etomidate,1,244.294,2.669,0.0,44.12,2.0,4.0
,0,673.668,0.951,5.0,230.6,5.0,11.0
,1,405.623,4.15,1.0,49.77,4.0,4.0
(s)-etazepine,1,267.328,3.403,0.0,29.54,3.0,2.0
unii-w133552kfe,1,402.495,3.126,2.0,110.73,3.0,7.0
,0,414.483,2.484,2.0,95.94,4.0,5.0
(s)-viloxazine,1,237.299,1.452,1.0,39.72,2.0,5.0
,1,410.62,5.17,1.0,37.3,4.0,3.0
,1,217.268,1.627,1.0,46.17,2.0,2.0
levotofisopam,1,382.46,4.442,0.0,61.64,3.0,6.0
zinc11679768,0,480.649,4.943,1.0,52.19,5.0,7.0
,0,866.973,1.27,4.0,227.96,6.0,7.0
,0,823.904,1.204,4.0,224.72,6.0,6.0
,0,751.927,1.878,5.0,193.91,3.0,7.0
,0,717.938,2.671,4.0,173.68,3.0,7.0
,0,733.937,1.786,5.0,193.91,3.0,7.0
,0,748.996,1.901,5.0,180.08,3.0,7.0
,0,835.086,2.202,5.0,196.33,4.0,12.0
,0,837.058,2.21,5.0,216.89,3.0,13.0
,0,762.979,2.219,5.0,198.43,3.0,8.0
,0,837.058,2.21,5.0,216.89,3.0,13.0
,0,747.964,2.44,4.0,182.91,3.0,8.0
zinc274,1,206.245,1.375,2.0,72.19,1.0,3.0
zinc31623378,1,367.489,4.185,0.0,38.77,3.0,7.0
,1,390.52,3.95,1.0,72.83,3.0,6.0
,0,424.534,2.44,4.0,124.29,2.0,10.0
,1,274.361,2.269,2.0,90.65,0.0,7.0
mebutamate,1,232.28,1.229,2.0,104.64,0.0,6.0
chembl251953,1,352.865,5.426,0.0,33.2,3.0,4.0
,1,344.24,3.212,0.0,6.48,2.0,3.0
,1,346.256,4.712,2.0,24.06,1.0,6.0
"2-[(2s)-butan-2-yl]-4-[4-[4-[4-[[(4s)-2-(2,4-dichlorophenyl)-2-(1,2,4-triazol-1-ylmethyl)-1,3-dioxolan-4-yl]methoxy]phenyl]piperazin-1-yl]phenyl]-1,2,4-triazol-3-one",0,705.647,5.577,0.0,104.7,7.0,11.0
etryptamine,1,188.274,2.448,2.0,41.81,2.0,3.0
unii-qzh7wr4vkj,1,311.469,4.084,1.0,23.47,2.0,7.0
levomethadyl acetate,1,353.506,4.655,0.0,29.54,2.0,8.0
zinc660,1,185.267,2.441,1.0,52.32,1.0,3.0
,0,378.45,1.476,2.0,95.94,3.0,6.0
,1,367.489,3.35,0.0,38.77,6.0,4.0
molindone,1,276.38,1.963,1.0,45.33,3.0,3.0
unii-z141n352wy,1,326.509,5.049,0.0,6.48,3.0,5.0
,1,420.489,0.989,0.0,85.49,3.0,8.0
schembl7721982,1,414.549,4.085,1.0,43.78,4.0,7.0
ici-199441,1,391.342,4.831,0.0,23.55,3.0,6.0
schembl13121805,1,425.4,4.56,0.0,32.78,4.0,4.0
67198-19-0,1,369.336,4.401,0.0,23.55,3.0,4.0
emd 60400,0,353.466,2.078,2.0,69.8,3.0,6.0
unii-52o0w2o5se,1,371.824,3.178,0.0,62.21,3.0,2.0
thozalinone (tozalinone),1,204.229,1.202,0.0,41.9,2.0,1.0
elanzepine,1,312.844,4.649,1.0,15.27,3.0,3.0
meclofenoxate,1,241.718,2.24,0.0,29.54,1.0,6.0
pirandamine,1,257.377,3.127,0.0,12.47,3.0,3.0
nafenodone,1,293.41,3.705,0.0,20.31,3.0,4.0
propazepine,1,280.415,3.549,0.0,6.48,3.0,4.0
clomacran,1,300.833,4.871,1.0,15.27,3.0,4.0
zinc2015879,1,326.465,3.818,0.0,23.55,3.0,4.0
bromodiphenhydramine (bromazine),1,334.257,4.117,0.0,12.47,2.0,6.0
zinc5439905,1,311.469,4.652,0.0,12.47,2.0,6.0
(+)-pheniramine,0,240.35,3.165,0.0,16.13,2.0,5.0
unii-3d1adw989q,1,245.41,4.302,0.0,3.24,2.0,5.0
schembl9754126,0,525.642,-0.653,3.0,172.46,4.0,10.0
(s)-aminopromazine,1,327.497,3.781,0.0,9.72,3.0,5.0
unii-r3tc4sew5a component yxoxppzxgqceeg-sjorkvtesa-n,1,289.806,3.394,1.0,23.47,2.0,5.0
zinc34220987,1,289.806,3.394,1.0,23.47,2.0,5.0
,1,311.381,2.757,0.0,30.93,4.0,2.0
,1,326.356,2.991,1.0,83.91,3.0,6.0
,0,324.406,1.735,1.0,83.91,2.0,9.0
,1,337.383,2.793,1.0,83.66,3.0,6.0
,1,527.574,0.313,6.0,170.87,5.0,4.0
,0,585.61,0.014,7.0,208.17,5.0,5.0
,0,626.671,-1.957,9.0,262.36,5.0,4.0
,0,586.642,-1.173,7.0,194.34,5.0,6.0
,0,805.863,0.18,9.0,266.37,7.0,9.0
,0,508.911,-0.137,7.0,187.86,4.0,3.0
,0,630.651,-1.719,8.0,231.64,5.0,7.0
schembl4092521,0,478.885,0.282,6.0,181.62,4.0,2.0
,0,464.858,0.108,6.0,181.62,4.0,2.0
,0,459.411,-0.128,5.0,204.53,4.0,3.0
,0,460.439,-1.4,7.0,201.85,4.0,2.0
,0,444.44,-0.371,6.0,181.62,4.0,2.0
demecycline,0,430.413,-0.545,6.0,181.62,4.0,2.0
,0,429.429,-0.454,6.0,187.41,4.0,2.0
,0,527.574,0.47,6.0,170.87,5.0,4.0
,0,585.61,0.171,7.0,208.17,5.0,5.0
,0,626.671,-1.8,9.0,262.36,5.0,4.0
,0,586.642,-1.016,7.0,194.34,5.0,6.0
,0,602.641,-0.454,9.0,242.98,4.0,10.0
,0,805.863,0.337,9.0,266.37,7.0,9.0
,0,508.911,0.02,7.0,187.86,4.0,3.0
,0,630.651,-1.563,8.0,231.64,5.0,7.0
,0,464.858,0.265,6.0,181.62,4.0,2.0
,0,460.439,-1.244,7.0,201.85,4.0,2.0
,0,444.44,-0.214,6.0,181.62,4.0,2.0
,0,429.429,-0.297,6.0,187.41,4.0,2.0
zinc312,1,250.292,2.865,1.0,19.03,3.0,1.0
cyclindole (ciclindole),1,214.312,2.587,1.0,19.03,3.0,1.0
,1,457.483,0.187,5.0,164.63,4.0,3.0
(s)-sabeluzole,1,415.534,3.776,1.0,48.83,4.0,7.0
zinc212,1,308.186,2.269,0.0,54.45,2.0,1.0
(s)-chlormezanone,1,273.741,1.616,0.0,54.45,2.0,1.0
unii-xa2019ytu4,1,329.787,2.787,1.0,66.64,3.0,1.0
schembl635420,1,312.8,3.264,0.0,23.55,4.0,0.0
"2,5-pyrrolidinedione, 1-methyl-3-phenyl-, (3s)-",1,189.214,1.159,0.0,37.38,2.0,1.0
temazepam,1,300.745,2.472,1.0,52.9,3.0,1.0
schembl43268,1,335.19,3.126,1.0,52.9,3.0,1.0
flutemazepam,1,318.735,2.611,1.0,52.9,3.0,1.0
,1,231.339,2.548,1.0,23.47,3.0,0.0
,1,377.488,3.613,0.0,36.02,5.0,1.0
"[(3as)-3,4,8b-trimethyl-2,3a-dihydro-1h-pyrrolo[2,3-b]indol-7-yl] n-phenylcarbamate",1,337.423,3.667,1.0,44.81,4.0,2.0
,1,257.377,3.08,1.0,23.47,4.0,0.0
,1,292.766,1.984,1.0,41.57,4.0,0.0
,1,299.37,2.02,1.0,49.77,5.0,0.0
oxymorphone,1,301.342,0.745,2.0,70.0,5.0,0.0
,1,285.343,1.63,1.0,49.77,5.0,0.0
,1,301.386,1.812,2.0,52.93,5.0,0.0
,1,285.343,1.198,2.0,52.93,5.0,0.0
,1,303.358,0.537,3.0,73.16,5.0,0.0
,1,287.359,1.422,2.0,52.93,5.0,0.0
,1,271.36,2.451,1.0,32.7,5.0,0.0
,1,495.535,3.366,0.0,90.85,7.0,4.0
sulforidazine,1,402.585,4.567,0.0,40.62,4.0,4.0
mesoridazine,1,386.586,4.901,0.0,29.54,4.0,4.0
mmv004168,1,314.86,4.067,0.0,6.48,3.0,3.0
pecazine,1,310.466,4.631,0.0,6.48,4.0,2.0
"dabelotine, (s)-",1,262.353,1.436,1.0,33.73,3.0,3.0
chembl68852,1,370.324,2.774,0.0,26.79,3.0,4.0
"eszopiclone, lunesta",1,388.815,1.568,0.0,91.76,4.0,2.0
rilapine,1,361.876,4.354,0.0,30.27,4.0,1.0
,1,442.6,1.813,2.0,81.08,5.0,3.0
thiothixene (tiotixene),1,443.638,3.471,0.0,43.86,4.0,5.0
chlorcyclizine,1,300.833,3.677,0.0,6.48,3.0,3.0
clorotepine,1,344.911,4.336,0.0,6.48,4.0,1.0
unii-090de9crp1 component ichhtomwwamjqp-cybmujfwsa-n,1,315.417,2.859,0.0,18.84,4.0,1.0
(s)-mianserin,1,264.372,3.084,0.0,6.48,4.0,0.0
(s)-aptazapine,1,253.349,2.343,0.0,11.41,4.0,0.0
esmirtazapine,1,265.36,2.479,0.0,19.37,4.0,0.0
nefopam,1,253.345,3.238,0.0,12.47,3.0,1.0
apomorphine_r,1,267.328,2.85,2.0,43.7,4.0,0.0
,0,583.689,2.081,3.0,118.21,8.0,4.0
,1,347.487,4.225,1.0,31.92,5.0,3.0
,1,362.499,1.287,1.0,57.58,4.0,3.0
asenapine,1,285.774,4.259,0.0,12.47,4.0,0.0
,1,265.36,3.042,1.0,42.82,4.0,1.0
,1,350.422,0.996,2.0,68.44,5.0,2.0
,1,297.829,4.206,0.0,3.24,4.0,1.0
(-)-nomifensine,1,238.334,2.846,1.0,29.26,3.0,1.0
schembl27178,0,360.244,0.598,2.0,109.57,2.0,2.0
schembl27910,0,439.89,1.655,2.0,109.57,2.0,4.0
lobeline,1,337.463,4.236,1.0,40.54,3.0,6.0
scopolamine,1,303.358,0.918,1.0,62.3,4.0,4.0
granisetron,1,312.417,2.318,1.0,50.16,4.0,2.0
ricasetron,1,313.445,3.119,1.0,35.58,4.0,1.0
mirisetron,1,393.531,3.862,1.0,54.34,5.0,3.0
,1,303.402,2.105,1.0,49.77,3.0,4.0
zinc100025275,0,275.348,1.888,1.0,49.77,3.0,3.0
l-hyoscyamine,1,289.375,1.931,1.0,49.77,3.0,4.0
zinc100042150,1,307.437,4.418,0.0,12.47,4.0,4.0
zinc607947,1,377.419,3.505,1.0,57.84,4.0,4.0
tuclazepam,1,335.234,3.642,1.0,35.83,3.0,2.0
(2s)-tifluadom,1,393.487,3.973,1.0,44.7,4.0,4.0
zinc1542594,1,436.961,4.193,2.0,86.71,3.0,8.0
clotixamide,1,442.028,4.38,1.0,35.58,4.0,6.0
clothixamide,1,442.028,4.38,1.0,35.58,4.0,6.0
,0,493.542,-1.355,6.0,191.16,3.0,8.0
(s)-mecloralurea,1,221.471,0.604,3.0,61.36,0.0,1.0
,1,237.255,1.054,1.0,64.63,3.0,1.0
,1,223.228,0.664,1.0,64.63,3.0,1.0
"[(3as)-3,4,8b-trimethyl-2,3a-dihydro-1h-pyrrolo[2,3-b]indol-7-yl] n-methylcarbamate",1,275.352,1.774,1.0,44.81,3.0,1.0
chembl1372985,1,299.761,1.839,2.0,47.86,3.0,2.0
zinc1704297,1,255.361,3.32,1.0,21.26,2.0,6.0
fluradoline,1,301.386,4.382,1.0,21.26,3.0,4.0
,0,399.513,-0.426,5.0,122.13,3.0,8.0
fluoxetine,1,309.331,4.435,1.0,21.26,2.0,6.0
duloxetine,1,297.423,4.631,1.0,21.26,3.0,6.0
(s)-tomoxetine,1,255.361,3.725,1.0,21.26,2.0,6.0
unii-d6w2avh65e,1,271.36,3.425,1.0,30.49,2.0,7.0
(+)-oxaprotiline,1,293.41,3.182,2.0,32.26,5.0,4.0
(s)-adrenaline,0,183.207,0.351,4.0,72.72,1.0,3.0
unii-62o79nuo5m,0,351.443,2.842,2.0,84.86,1.0,5.0
unii-rb4xq0t71u component dqcawjlmfjkicg-gfccvegcsa-n,0,251.326,1.891,2.0,58.56,1.0,4.0
almoxatone,1,346.814,3.464,1.0,50.8,3.0,6.0
zinc486,0,193.246,1.486,1.0,38.33,1.0,4.0
"4-[(1s,2s)-1-hydroxy-2-(methylamino)propyl]phenol",0,181.235,1.033,3.0,52.49,1.0,3.0
,0,477.603,-3.327,8.0,199.73,3.0,7.0
,0,583.596,-7.948,15.0,334.59,3.0,9.0
,0,539.583,-6.949,11.0,283.64,4.0,6.0
,0,581.58,-7.742,14.0,331.43,3.0,9.0
,0,581.58,-7.742,14.0,331.43,3.0,9.0
,0,583.596,-7.948,15.0,334.59,3.0,9.0
ciclopramine,1,264.372,3.588,1.0,15.27,4.0,1.0
tametraline,1,237.346,3.873,1.0,12.03,3.0,2.0
etrabamine,1,168.265,1.22,1.0,24.92,2.0,1.0
chembl146332,1,292.209,4.79,1.0,12.03,3.0,2.0
zinc4626658,1,238.334,3.271,1.0,15.27,3.0,1.0
,0,449.549,-3.977,8.0,213.72,3.0,6.0
,0,447.533,-3.851,8.0,213.72,3.0,6.0
,0,569.609,-7.524,12.0,297.72,3.0,9.0
nemonapride,1,387.911,3.783,2.0,53.6,3.0,6.0
"(r,z)-n-methoxyquinuclidine-3-carbimidoyl cyanide",1,193.25,0.854,0.0,48.62,3.0,2.0
schembl9781915,0,357.348,-1.192,3.0,156.44,2.0,7.0
,0,471.492,-0.392,2.0,171.74,2.0,9.0
,0,594.613,-1.436,4.0,232.03,4.0,10.0
,0,506.591,1.293,3.0,160.1,4.0,7.0
,0,423.403,-0.068,2.0,147.74,3.0,7.0
,0,471.473,-1.607,3.0,196.57,3.0,7.0
(6s)-3-(carbamoyloxymethyl)-7-[[(2e)-2-(furan-2-yl)-2-methoxyiminoacetyl]amino]-8-oxo-5-thia-1-azabicyclo[4.2.0]oct-2-ene-2-carboxylic acid,1,424.391,-0.536,3.0,173.76,3.0,7.0
"(6s)-7-[[(2e)-2-(2-amino-1,3-thiazol-4-yl)-2-methoxyiminoacetyl]amino]-3-(furan-2-carbonylsulfanylmethyl)-8-oxo-5-thia-1-azabicyclo[4.2.0]oct-2-ene-2-carboxylic acid",0,523.574,0.981,3.0,177.42,4.0,8.0
"(6s)-7-[[(2e)-2-(2-amino-1,3-thiazol-4-yl)-2-methoxyiminoacetyl]amino]-3-[(2-methyl-5,6-dioxo-1h-1,2,4-triazin-3-yl)sulfanylmethyl]-8-oxo-5-thia-1-azabicyclo[4.2.0]oct-2-ene-2-carboxylic acid",1,554.592,-1.611,4.0,214.96,4.0,8.0
,0,584.683,0.999,4.0,197.4,4.0,10.0
"(6s)-7-[[(2e)-2-(2-amino-1,3-thiazol-4-yl)-2-methoxyiminoacetyl]amino]-3-[(1-methyltetrazol-5-yl)sulfanylmethyl]-8-oxo-5-thia-1-azabicyclo[4.2.0]oct-2-ene-2-carboxylic acid",0,511.571,-0.87,3.0,190.81,4.0,8.0
,0,479.504,-1.19,3.0,190.81,4.0,7.0
"(6s)-7-[[(2e)-2-(2-amino-1,3-thiazol-4-yl)-2-methoxyiminoacetyl]amino]-8-oxo-5-thia-1-azabicyclo[4.2.0]oct-2-ene-2-carboxylic acid",0,383.411,-0.556,3.0,147.21,3.0,5.0
,0,568.634,0.153,3.0,191.61,3.0,9.0
,0,510.481,-0.168,2.0,189.06,3.0,9.0
,0,568.561,0.237,2.0,198.29,3.0,11.0
"2-[3-[[(2z)-2-(2-amino-1,3-thiazol-4-yl)-2-methoxyiminoacetyl]amino]-2-methyl-4-oxoazetidin-1-yl]oxyacetic acid",0,357.348,-1.192,3.0,156.44,2.0,7.0
,0,471.492,-0.392,2.0,171.74,2.0,9.0
,0,594.613,-1.436,4.0,232.03,4.0,10.0
,0,506.591,1.293,3.0,160.1,4.0,7.0
schembl6567051,0,397.438,-0.166,3.0,147.21,3.0,5.0
schembl6245268,0,455.474,-0.622,3.0,173.51,3.0,7.0
,0,471.473,-1.607,3.0,196.57,3.0,7.0
schembl5330212,0,424.391,-0.536,3.0,173.76,3.0,7.0
schembl4729007,0,523.574,0.981,3.0,177.42,4.0,8.0
schembl4811952,0,513.608,0.458,3.0,172.99,4.0,8.0
schembl2006478,0,554.592,-1.611,4.0,214.96,4.0,8.0
schembl8768620,0,511.571,-0.87,3.0,190.81,4.0,8.0
,0,479.504,-1.19,3.0,190.81,4.0,7.0
schembl3731467,0,383.411,-0.556,3.0,147.21,3.0,5.0
,0,510.481,-0.168,2.0,189.06,3.0,9.0
cefetamet,0,397.438,-0.166,3.0,147.21,3.0,5.0
,0,423.403,-0.068,2.0,147.74,3.0,7.0
,1,376.449,1.428,2.0,100.9,4.0,1.0
(r)-nicardipine,0,479.533,3.678,1.0,111.01,3.0,9.0
l-methylphenidate,1,233.311,2.085,1.0,38.33,2.0,3.0
,1,293.75,3.517,2.0,58.56,2.0,3.0
,1,343.301,3.762,2.0,67.79,2.0,4.0
,1,304.302,2.771,2.0,101.7,2.0,4.0
rauwolscine,0,354.45,2.647,2.0,65.56,5.0,1.0
"methyl (1s,2s,3s,5s)-3-benzoyloxy-8-methyl-8-azabicyclo[3.2.1]octane-2-carboxylate",1,303.358,1.868,0.0,55.84,3.0,3.0
,1,634.726,4.571,1.0,117.78,6.0,9.0
"methyl (1s,15s,17s,18s,19s,20s)-6,18-dimethoxy-17-(3,4,5-trimethoxybenzoyl)oxy-1,3,11,12,14,15,16,17,18,19,20,21-dodecahydroyohimban-19-carboxylate",1,608.688,4.171,1.0,117.78,6.0,8.0
,1,428.529,2.935,1.0,73.02,5.0,4.0
,1,613.107,4.816,1.0,108.55,6.0,7.0
zinc3830661,1,578.662,4.163,1.0,108.55,6.0,7.0
(s)-metomidate,1,230.267,2.279,0.0,44.12,2.0,3.0
zinc1481917,1,192.962,1.916,0.0,9.23,0.0,2.0
,1,496.547,2.993,1.0,91.29,5.0,4.0
,0,557.617,-0.359,3.0,200.63,4.0,8.0
,0,575.632,-1.397,4.0,219.93,4.0,9.0
,0,514.464,-0.993,3.0,169.0,3.0,10.0
,0,496.474,-1.291,3.0,169.0,3.0,11.0
(6s)-7-[[2-(cyanomethylsulfanyl)acetyl]amino]-7-methoxy-3-[(1-methyltetrazol-5-yl)sulfanylmethyl]-8-oxo-5-thia-1-azabicyclo[4.2.0]oct-2-ene-2-carboxylic acid,0,471.546,-0.728,2.0,163.33,3.0,9.0
,0,519.587,-1.84,4.0,202.86,3.0,11.0
schembl11223104,0,427.46,0.099,3.0,148.26,3.0,7.0
,0,520.48,-1.128,4.0,206.3,4.0,9.0
,0,414.461,0.522,3.0,133.24,3.0,6.0
,0,334.332,-1.651,3.0,146.89,4.0,3.0
,1,423.553,3.164,2.0,62.16,8.0,4.0
,1,425.569,3.388,2.0,62.16,8.0,4.0
,1,467.65,4.414,2.0,62.16,8.0,4.0
,1,425.569,3.388,2.0,62.16,8.0,4.0
a-o33,1,254.669,1.829,1.0,55.76,2.0,3.0
,1,311.381,2.425,0.0,30.93,5.0,2.0
"[(1s)-2-[2-[3-(1h-benzimidazol-2-yl)propyl-methylamino]ethyl]-6-fluoro-1-propan-2-yl-3,4-dihydro-1h-naphthalen-2-yl] 2-methoxyacetate",0,495.639,5.271,1.0,67.45,4.0,11.0
,0,413.437,-0.711,4.0,167.44,3.0,6.0
schembl2015784,0,427.464,-0.539,3.0,156.44,3.0,7.0
"(6s,7s)-7-[[(2z)-2-(2-amino-1,3-thiazol-4-yl)-2-hydroxyiminoacetyl]amino]-3-(methoxymethyl)-8-oxo-5-thia-1-azabicyclo[4.2.0]oct-2-ene-2-carboxylic acid",0,413.437,-0.711,4.0,167.44,3.0,6.0
,0,568.561,0.238,2.0,198.29,3.0,13.0
clovoxamine,1,284.787,2.836,1.0,56.84,1.0,9.0
l005144,1,345.395,0.762,2.0,79.23,5.0,3.0
(s)-metoprolol,1,267.369,1.613,2.0,50.72,1.0,9.0
,0,433.53,1.474,1.0,88.18,4.0,5.0
,0,449.529,1.179,2.0,108.41,4.0,5.0
chembl18101,1,349.305,2.35,1.0,68.23,2.0,7.0
unii-fz5449hjww,1,338.363,3.109,0.0,71.79,3.0,6.0
schembl547392,1,393.712,4.405,0.0,24.83,3.0,3.0
zinc3830519,1,459.558,4.881,3.0,99.88,2.0,11.0
,0,405.496,-3.585,6.0,192.54,2.0,6.0
,0,433.313,2.313,2.0,95.94,3.0,5.0
,0,822.953,4.335,6.0,220.15,6.0,4.0
,0,822.953,4.335,6.0,220.15,6.0,4.0
,0,877.045,5.648,6.0,220.15,7.0,5.0
,0,785.891,6.158,5.0,198.38,6.0,2.0
,0,697.778,4.754,6.0,201.31,5.0,2.0
,0,697.778,4.754,6.0,201.31,5.0,2.0
,0,822.953,3.426,6.0,216.66,6.0,4.0
,0,847.019,4.616,5.0,205.55,6.0,4.0
,0,281.308,0.362,2.0,87.07,3.0,3.0
,0,265.309,0.476,1.0,66.84,3.0,3.0
,1,301.386,2.076,1.0,41.93,5.0,1.0
,0,687.868,1.909,3.0,165.98,4.0,6.0
,0,813.979,3.621,0.0,184.19,4.0,9.0
,0,861.079,5.211,3.0,170.06,7.0,7.0
,1,297.395,1.203,1.0,51.16,5.0,3.0
,1,297.395,1.203,1.0,51.16,5.0,3.0
,0,701.851,0.846,5.0,193.91,3.0,8.0
,0,843.065,2.325,4.0,195.38,4.0,11.0
,0,828.006,3.013,3.0,206.05,3.0,12.0
novobiocin,0,612.632,3.627,5.0,200.01,4.0,8.0
cisapride,1,465.953,3.358,2.0,86.05,3.0,9.0
,0,588.562,1.339,3.0,160.83,7.0,5.0
,1,656.662,2.753,3.0,160.83,8.0,6.0
,0,670.689,3.056,2.0,149.83,8.0,7.0
"(2s,3s)-n-[(5-methoxy-2,3-dihydro-1-benzofuran-7-yl)methyl]-2-phenylpiperidin-3-amine",1,338.451,3.213,2.0,42.52,4.0,5.0
,1,517.695,4.012,1.0,61.88,6.0,8.0
,1,429.586,2.989,2.0,70.67,4.0,6.0
(s)-donepezil,1,379.5,4.361,0.0,38.77,4.0,6.0
zinc2019918,1,414.524,1.569,1.0,94.17,2.0,7.0
"(3s,11bs)-tetrabenazine",1,317.429,3.238,0.0,38.77,3.0,4.0
lopac-s-159,1,297.398,3.324,0.0,21.7,3.0,3.0
glaziovine,1,297.354,2.266,1.0,49.77,4.0,1.0
schembl6230078,1,351.45,3.728,2.0,59.32,4.0,5.0
schembl6230996,1,429.589,5.555,2.0,46.18,5.0,6.0
schembl6253205,1,409.599,5.185,2.0,46.18,4.0,5.0
schembl6227878,1,367.518,4.196,2.0,46.18,4.0,5.0
schembl6228490,1,393.556,4.765,2.0,46.18,5.0,6.0
,0,608.549,-1.09,8.0,238.2,5.0,7.0
chembl147619,1,379.529,4.402,2.0,46.18,4.0,6.0
schembl6227762,1,390.531,4.081,2.0,51.11,4.0,6.0
schembl13875663,1,468.685,6.377,1.0,24.5,6.0,7.0
bqc3mqi0hr,1,470.657,5.307,2.0,44.73,6.0,8.0
ezlopitant,1,454.658,6.203,1.0,24.5,6.0,8.0
schembl6556766,1,338.495,4.402,2.0,33.29,3.0,6.0
chembl304606,0,375.469,0.364,1.0,73.32,3.0,5.0
mefeclorazine,1,360.885,3.722,0.0,24.94,3.0,6.0
,0,471.518,-0.794,4.0,160.88,4.0,8.0
zinc426,1,239.746,3.288,0.0,12.47,2.0,2.0
schembl6554914,1,500.69,4.449,2.0,83.56,4.0,8.0
schembl6228099,1,379.504,3.405,2.0,53.6,4.0,6.0
"piperidine, 3-[(4-methoxyphenoxy)methyl]-1-methyl-4-phenyl-, cis-",1,311.425,3.81,0.0,21.7,3.0,5.0
chembl343404,1,374.506,2.682,2.0,67.43,3.0,6.0
schembl7256803,1,327.406,0.167,2.0,101.73,2.0,5.0
unii-zl5471j6g6,1,421.494,1.876,2.0,101.73,3.0,7.0
venlafaxine,1,277.408,3.036,1.0,32.7,2.0,5.0
zinc22942024,1,432.564,4.144,1.0,45.17,4.0,8.0
(s)-(+)-rolipram,1,275.348,2.62,1.0,47.56,3.0,4.0
dimeprozan,1,295.382,4.184,0.0,21.7,3.0,4.0
schembl20808854,1,271.404,3.383,0.0,12.47,4.0,1.0
unii-x7yc41b666,1,322.235,4.579,0.0,12.47,3.0,2.0
zinc2020011,1,354.519,5.172,0.0,15.71,4.0,4.0
dextromepromazine,1,328.481,4.496,0.0,15.71,3.0,5.0
zinc1849669,1,384.545,4.391,1.0,35.94,4.0,5.0
zinc27643987,0,359.809,3.956,1.0,66.84,3.0,4.0
"(s,r)-noscapine",1,413.426,2.882,0.0,75.69,5.0,4.0
,1,333.428,1.478,2.0,62.16,4.0,2.0
,1,608.688,4.314,1.0,117.78,6.0,8.0
oxycodone,1,315.369,1.048,1.0,59.0,5.0,1.0
schembl14685045,1,299.37,1.933,0.0,38.77,5.0,1.0
,1,315.369,1.048,1.0,59.0,5.0,1.0
,1,406.482,2.985,0.0,60.89,6.0,3.0
,1,341.407,2.421,0.0,48.0,5.0,2.0
,1,299.37,1.501,1.0,41.93,5.0,1.0
,1,285.343,1.159,2.0,50.72,5.0,1.0
,1,301.386,1.725,1.0,41.93,5.0,1.0
akos015955743,1,287.359,1.85,1.0,41.93,4.0,1.0
"n-[(1s,5s)-8-benzyl-8-azabicyclo[3.2.1]octan-3-yl]-2,3-dimethoxybenzamide",1,380.488,3.629,1.0,50.8,4.0,6.0
schembl12831358,1,263.381,2.635,1.0,32.7,2.0,4.0
chembl304168,0,375.469,0.364,1.0,73.32,3.0,5.0
,0,380.422,0.949,2.0,105.17,3.0,5.0
,0,645.665,2.246,6.0,210.23,6.0,6.0
schembl12000782,0,414.366,0.154,5.0,161.59,4.0,3.0
,1,543.525,0.001,6.0,206.07,5.0,5.0
,0,627.643,1.552,5.0,204.3,6.0,7.0
,0,656.685,0.532,7.0,235.17,5.0,9.0
,0,527.526,1.03,5.0,185.84,5.0,5.0
,0,527.526,1.029,5.0,185.84,5.0,4.0
,0,416.382,-0.054,6.0,164.75,4.0,3.0
alnespirone,1,442.6,4.106,1.0,67.87,4.0,10.0
cp 99994,1,296.414,3.278,2.0,33.29,3.0,5.0
,1,512.651,2.392,0.0,90.47,4.0,7.0
(s)-anisopirol,1,358.457,3.47,1.0,35.94,3.0,7.0
enciprazine,1,432.517,2.283,1.0,72.86,3.0,10.0
zinc452,1,223.228,1.182,1.0,56.79,2.0,4.0
(s)-methocarbamol,1,241.243,0.53,2.0,91.01,1.0,6.0
schembl3030994,1,358.218,1.381,2.0,83.47,1.0,6.0
l-thiamphenicol,1,356.227,0.404,3.0,103.7,1.0,6.0
,1,408.535,3.224,2.0,74.6,4.0,1.0
,1,450.572,3.795,1.0,80.67,4.0,2.0
chembl266153,0,391.537,1.077,1.0,64.09,3.0,5.0
thioridazine,1,370.587,5.886,0.0,6.48,4.0,4.0
2-methylsulfanyl-10-[2-[(3s)-piperidin-3-yl]ethyl]phenothiazine,1,356.56,5.401,1.0,15.27,4.0,4.0
unii-x2r9qtf0ol component aqmnnxsldligii-aweznqclsa-n,1,344.549,5.209,0.0,6.48,3.0,5.0
metitepine (methiothepin),1,356.56,4.404,0.0,6.48,4.0,2.0
"n,n-dimethylcathinone",1,177.247,1.819,0.0,20.31,1.0,3.0
alozafone,1,401.869,3.907,0.0,64.41,2.0,7.0
chlorhexadol (chloralodol),1,265.564,2.241,2.0,49.69,0.0,4.0
niaprazine,1,356.445,2.551,1.0,48.47,3.0,6.0
zinc11616368,0,299.414,3.425,3.0,52.49,2.0,7.0
trimipramine,1,294.442,4.121,0.0,6.48,3.0,4.0
zinc2038507,1,330.453,3.169,0.0,40.62,3.0,4.0
zinc5320256,1,323.465,4.359,0.0,30.27,3.0,4.0
trifluomeprazine,1,366.452,5.506,0.0,6.48,3.0,4.0
alimemazine,1,298.455,4.487,0.0,6.48,3.0,4.0
,0,317.86,4.57,0.0,12.47,2.0,6.0
zinc671,1,296.374,2.736,1.0,48.47,3.0,3.0
chembl255025,1,427.614,3.552,1.0,39.18,4.0,9.0
promethazine,1,284.428,4.239,0.0,6.48,3.0,3.0
,1,623.718,4.036,2.0,128.23,6.0,7.0
lopac-b-019,0,303.833,4.195,0.0,12.47,2.0,8.0
unii-zd90k4jipz,1,166.224,0.917,2.0,47.28,1.0,4.0
"(s,s)-(+)-fenoterol",0,303.358,2.058,5.0,92.95,2.0,6.0
dimethamphetamine,1,163.264,2.179,0.0,3.24,1.0,3.0
benzphetamine (benzfetamine),1,239.362,3.75,0.0,3.24,2.0,5.0
zinc31544969,1,229.323,3.343,0.0,16.38,2.0,5.0
zinc6021047,1,359.538,5.894,1.0,12.03,4.0,6.0
7amphetaminoethyltheophylline (fenetylline),1,341.415,0.654,1.0,73.85,3.0,6.0
pheniprazine,1,150.225,1.081,2.0,38.05,1.0,3.0
zinc2020042,0,151.209,1.596,2.0,32.26,1.0,3.0
zinc26892706,1,250.345,3.472,1.0,35.82,2.0,5.0
,1,255.361,3.762,0.0,23.06,2.0,5.0
unii-h1c5f0k79e component qmkrartvxmqobw-qmmmgpobsa-n,1,247.685,3.287,0.0,43.85,3.0,2.0
"1s-cis-3,3,5-trimethylcyclohexyl ester5-oxo-l-proline",1,253.342,2.023,1.0,55.4,2.0,2.0
unii-mp04l9t248,1,191.23,1.263,1.0,38.33,2.0,1.0
,0,852.946,0.88,4.0,227.96,6.0,6.0
schembl15159761,1,177.247,1.736,1.0,21.26,2.0,1.0
,1,295.766,2.893,1.0,47.56,3.0,2.0
,0,764.95,3.247,5.0,182.83,8.0,7.0
,0,780.949,2.218,6.0,203.06,8.0,7.0
,0,530.658,3.014,4.0,129.59,6.0,3.0
,0,513.499,-0.007,6.0,196.84,5.0,4.0
chembl1616512,1,138.059,-0.091,2.0,70.06,1.0,1.0
schembl11400364,1,191.274,1.94,0.0,12.47,2.0,1.0
"(9s,13s)-1,10,13-trimethyl-10-azatricyclo[7.3.1.02,7]trideca-2(7),3,5-trien-4-ol",1,231.339,2.546,1.0,23.47,3.0,0.0
,1,271.404,3.326,1.0,23.47,4.0,2.0
"(9s,13s)-1,13-dimethyl-10-(2-phenylethyl)-10-azatricyclo[7.3.1.02,7]trideca-2(7),3,5-trien-4-ol",1,321.464,4.159,1.0,23.47,4.0,3.0
,1,285.387,2.967,1.0,40.54,4.0,2.0
,0,444.44,-0.348,6.0,181.62,4.0,2.0
,0,444.44,-0.504,6.0,181.62,4.0,2.0
,1,266.344,4.124,1.0,46.33,3.0,0.0
ketoprofen,1,254.285,3.106,1.0,54.37,2.0,4.0
dextromoramide,1,392.543,3.563,0.0,32.78,4.0,6.0
,1,321.283,2.069,0.0,64.43,3.0,2.0
"alaproclate, (s)-",1,255.745,2.552,1.0,52.32,1.0,4.0
4-hydroxy-dextroamphetamine,0,151.209,1.282,2.0,46.25,1.0,2.0
"(1s,2r)-metaraminol",0,167.208,0.773,3.0,66.48,1.0,2.0
bupropion,1,239.746,3.299,1.0,29.1,1.0,3.0
zinc1843140,1,357.414,0.145,2.0,94.08,3.0,6.0
unii-38m8s7hxew,1,136.198,1.211,2.0,38.05,1.0,2.0
(s)-benmoxin,1,240.306,2.682,2.0,41.13,2.0,4.0
,0,288.281,-0.71,3.0,130.16,2.0,4.0
,0,233.22,0.122,2.0,77.84,2.0,2.0
,0,299.352,-0.386,3.0,116.22,2.0,6.0
,0,349.455,0.406,2.0,100.9,3.0,4.0
,0,285.321,0.374,2.0,87.07,3.0,3.0
unii-yv88341qw3,1,238.247,-1.185,1.0,82.05,2.0,2.0
schembl13575747,0,383.47,-0.308,3.0,110.18,3.0,5.0
zinc6019931,1,230.267,2.353,2.0,67.84,2.0,3.0
,0,364.423,1.086,2.0,95.94,3.0,5.0
,0,924.091,0.712,12.0,319.61,3.0,3.0
,0,924.091,0.712,12.0,319.61,3.0,3.0
,1,263.45,4.639,0.0,3.24,3.0,2.0
6876-23-9,1,112.216,2.833,0.0,0.0,1.0,0.0
"cis,trans,trans-1,2,4-trimethylcyclohexane",1,126.243,3.079,0.0,0.0,1.0,0.0
,1,283.371,2.661,1.0,32.7,4.0,0.0
zinc19362656,1,321.468,3.867,1.0,20.2,4.0,4.0
(2s)-oxazolam,1,328.799,3.214,1.0,41.57,4.0,1.0
,1,363.244,3.867,1.0,41.57,4.0,1.0
,1,346.467,3.436,2.0,74.6,4.0,1.0
,1,374.477,1.804,3.0,94.83,4.0,2.0
,1,474.55,2.219,3.0,138.2,4.0,6.0
,1,428.447,2.141,3.0,94.83,4.0,2.0
,1,427.368,3.412,2.0,74.6,4.0,2.0
,1,427.368,3.412,2.0,74.6,4.0,2.0
,1,408.922,2.165,3.0,94.83,4.0,2.0
,1,521.437,4.869,1.0,93.81,5.0,4.0
,1,408.897,3.35,1.0,71.44,4.0,2.0
,1,390.495,3.171,2.0,74.6,4.0,2.0
,1,410.913,3.142,2.0,74.6,4.0,2.0
,0,392.467,1.896,3.0,94.83,4.0,2.0
,1,496.575,3.76,2.0,100.9,5.0,4.0
,1,376.468,2.781,2.0,74.6,4.0,2.0
,1,372.461,2.012,2.0,91.67,4.0,2.0
,1,444.902,2.41,3.0,94.83,4.0,2.0
,1,495.031,4.595,1.0,80.67,4.0,3.0
,1,412.904,3.975,1.0,54.37,4.0,2.0
,1,412.904,3.975,1.0,54.37,4.0,2.0
,1,410.913,2.998,2.0,74.6,4.0,2.0
,1,478.576,4.326,1.0,80.67,4.0,3.0
,1,428.903,3.09,2.0,74.6,4.0,2.0
,1,410.457,1.844,3.0,94.83,4.0,2.0
,1,494.575,3.441,2.0,100.9,4.0,3.0
,1,444.515,3.469,2.0,74.6,4.0,2.0
,1,394.458,2.729,2.0,74.6,4.0,2.0
,1,392.467,1.752,3.0,94.83,4.0,2.0
,1,376.468,2.637,2.0,74.6,4.0,2.0
,1,408.922,2.021,3.0,94.83,4.0,2.0
zinc320,1,347.424,5.644,0.0,3.24,3.0,4.0
zinc469839159,1,305.374,1.943,1.0,69.59,3.0,4.0
,0,294.354,2.948,2.0,68.66,2.0,5.0
"grepafloxacin, (s)-",0,359.401,2.28,2.0,74.57,4.0,3.0
"(3s,4as,8as)-n-tert-butyl-2-[(2s,3s)-2-hydroxy-3-[(3-hydroxy-2-methylbenzoyl)amino]-4-phenylsulfanylbutyl]-3,4,4a,5,6,7,8,8a-octahydro-1h-isoquinoline-3-carboxamide",0,567.796,4.748,4.0,101.9,4.0,9.0
,0,612.65,-0.086,5.0,212.5,5.0,9.0
zinc11616623,0,612.65,-0.086,5.0,212.5,5.0,9.0
19735-89-8,1,174.203,1.474,1.0,37.79,2.0,1.0
schembl519404,1,221.256,1.791,1.0,47.56,2.0,3.0
,1,255.405,3.683,0.0,3.24,4.0,0.0
schembl4942866,1,202.301,2.208,1.0,15.27,3.0,0.0
pirlindole,1,226.323,2.93,1.0,16.96,4.0,0.0
94991-72-7,1,179.263,2.029,1.0,35.25,1.0,3.0
ralitoline,1,296.779,2.634,1.0,49.41,2.0,2.0
toloxatone,1,207.229,1.313,1.0,49.77,2.0,2.0
chembl252319,1,223.316,1.733,2.0,41.49,1.0,6.0
schembl3961263,1,221.3,1.405,2.0,41.49,2.0,2.0
,1,295.382,3.408,1.0,32.7,4.0,0.0
,1,281.355,3.065,2.0,41.49,4.0,0.0
toloxychlorinol,1,476.995,4.153,2.0,68.15,1.0,8.0
115103-55-4,1,375.559,5.045,1.0,40.54,3.0,6.0
84414-90-4,1,224.216,-0.709,2.0,84.32,2.0,2.0
zinc4537463,1,244.222,-0.537,2.0,84.32,2.0,2.0
chembl1253612,1,267.245,-0.196,2.0,133.08,2.0,3.0
,1,354.519,2.466,4.0,125.72,1.0,6.0
,0,469.35,2.733,2.0,104.53,4.0,4.0
199463-33-7,1,362.452,5.1,1.0,41.05,4.0,3.0
"(2s,3s)-n-[(2-methyl-6-propan-2-yloxy-1,3-benzothiazol-5-yl)methyl]-2-phenylpiperidin-3-amine",1,395.572,4.975,2.0,46.18,4.0,6.0
(s)-paliperidone,1,426.492,3.081,1.0,84.39,5.0,4.0
zinc21981359,1,426.492,2.561,1.0,84.39,5.0,4.0
ornidazole,1,219.628,0.699,1.0,81.19,1.0,4.0
zinc5116499,1,341.773,3.815,1.0,50.41,4.0,1.0
"ondansetron, (3s)-",1,293.37,3.129,0.0,39.82,4.0,2.0
efetozole,1,186.258,2.801,0.0,17.82,2.0,2.0
ak01050732,0,548.455,1.846,2.0,134.49,4.0,7.0
schembl3894722,0,454.519,-0.636,2.0,156.09,4.0,7.0
,0,493.592,1.083,4.0,158.74,4.0,7.0
,0,478.577,1.411,3.0,132.72,4.0,7.0
,0,661.74,1.822,2.0,197.16,5.0,11.0
zinc5161502,0,324.771,3.071,1.0,63.3,4.0,1.0
,0,461.496,0.832,2.0,145.08,4.0,6.0
probenecid,1,281.444,3.132,2.0,68.42,1.0,4.0
,0,470.334,3.202,2.0,112.74,4.0,4.0
,0,453.879,2.688,2.0,112.74,4.0,4.0
"(2s,5s)-3,3-dimethyl-6-[(5-methyl-3-phenyl-1,2-oxazole-4-carbonyl)amino]-7-oxo-4-thia-1-azabicyclo[3.2.0]heptane-2-carboxylic acid",0,401.444,1.895,2.0,112.74,4.0,4.0
,0,435.889,2.549,2.0,112.74,4.0,4.0
loreclezole,1,274.538,3.779,0.0,30.71,2.0,2.0
schembl11350598,1,344.886,4.117,0.0,24.83,5.0,1.0
(s)-miconazole,1,416.135,6.455,0.0,27.05,3.0,6.0
(s)-econazole,0,381.69,5.801,0.0,27.05,3.0,6.0
difencloxazine,1,331.843,3.778,0.0,21.7,3.0,6.0
zinc31477144,1,353.918,5.578,0.0,3.24,6.0,1.0
nuclotixene,1,353.918,5.578,0.0,3.24,6.0,1.0
"(2s)-n-(2,6-dichlorophenyl)-2,5-dihydro-1h-imidazol-2-amine",1,230.098,2.363,2.0,36.42,2.0,2.0
zinc1566349,0,375.385,-0.832,4.0,134.54,3.0,6.0
,0,453.531,-0.189,2.0,154.1,3.0,8.0
,0,453.531,-0.189,2.0,154.1,3.0,8.0
schembl11521900,0,470.48,0.294,2.0,130.31,3.0,7.0
,0,462.513,-0.226,3.0,150.54,4.0,7.0
zinc100036716,1,211.408,2.899,0.0,0.0,0.0,1.0
(s)-halothane,1,197.381,2.508,0.0,0.0,0.0,0.0
,1,405.468,3.559,0.0,37.19,5.0,4.0
(s)-enflurane,1,184.491,2.353,0.0,9.23,0.0,3.0
icf,1,184.491,2.353,0.0,9.23,0.0,2.0
(s)-desflurane,1,168.036,2.083,0.0,9.23,0.0,2.0
schembl4918415,1,416.39,4.77,2.0,42.52,3.0,7.0
teflurane,1,180.926,2.239,0.0,0.0,0.0,0.0
teflurane,1,194.953,2.629,0.0,0.0,0.0,1.0
tocris-2141,1,329.371,3.327,1.0,39.72,4.0,4.0
"(2e,3e)-2,3-bis[(4-hydroxyphenyl)methylidene]butanedinitrile",0,288.306,3.612,2.0,88.04,2.0,3.0
unii-4rh62fxm4m,1,357.772,2.895,1.0,76.69,3.0,3.0
rasagiline,1,172.231,1.787,1.0,35.82,2.0,2.0
pemoline,1,176.175,0.599,1.0,64.68,2.0,1.0
unii-5359i0ru7w,1,266.3,1.65,1.0,63.4,3.0,3.0
(s)-oxiracetam,1,158.157,-1.935,2.0,83.63,1.0,2.0
carumonam,0,466.41,-2.876,5.0,253.9,2.0,9.0
87638-04-8,0,466.41,-2.876,5.0,253.9,2.0,9.0
zinc136,1,245.662,1.175,2.0,81.78,1.0,5.0
schembl4492294,1,129.159,0.041,1.0,52.32,1.0,1.0
"(3s)-3-[di(cyclobutyl)amino]-8-fluoro-3,4-dihydro-2h-chromene-5-carboxamide",1,318.392,2.635,1.0,55.56,4.0,4.0
cas-36791-04-5,1,244.207,-3.011,4.0,143.72,2.0,3.0
bidd:gt0539,0,213.281,0.336,2.0,82.86,2.0,2.0
zinc100232307,1,416.359,1.894,2.0,101.45,5.0,3.0
,0,585.608,-8.424,13.0,331.94,3.0,10.0
,0,552.626,-6.399,11.0,297.27,3.0,10.0
,0,571.625,-7.951,13.0,314.87,3.0,11.0
seproxetine,1,295.304,4.174,1.0,35.25,2.0,5.0
(s)-noradrenaline,0,169.18,0.09,4.0,86.71,1.0,2.0
(s)-norfenefrine,0,153.181,0.384,3.0,66.48,1.0,2.0
(s)-nebracetam,1,204.273,0.994,1.0,46.33,2.0,3.0
,0,451.521,-5.267,9.0,247.94,3.0,6.0
,0,614.65,-8.895,13.0,353.11,4.0,9.0
,0,322.362,-5.116,8.0,203.46,2.0,3.0
,0,484.503,-7.291,11.0,282.61,3.0,6.0
,0,467.52,-6.296,10.0,268.17,3.0,6.0
,0,483.519,-7.325,11.0,288.4,3.0,6.0
,0,557.598,-8.341,13.0,314.87,3.0,10.0
schembl10760133,0,519.565,-0.71,4.0,193.63,4.0,10.0
bipenamol,1,245.347,2.789,2.0,46.25,2.0,4.0
schembl25493,0,380.662,0.821,3.0,118.36,2.0,2.0
zinc1842729,1,364.81,2.035,1.0,97.54,3.0,3.0
benserazide,0,257.246,-1.756,7.0,148.07,1.0,5.0
oxitriptan,1,220.228,0.828,4.0,99.34,2.0,3.0
melphalan,0,305.205,1.925,2.0,66.56,1.0,8.0
,0,462.513,0.041,5.0,174.53,4.0,7.0
,0,349.774,0.711,3.0,112.73,3.0,4.0
schembl8478823,0,367.814,0.621,3.0,112.73,3.0,4.0
"(1s,2s)-2-phenylcyclopentanamine",1,161.248,2.281,1.0,26.02,2.0,1.0
l-cycloserine,1,102.093,-1.625,2.0,64.35,1.0,0.0
tranylcypromine,1,133.194,1.501,1.0,26.02,2.0,1.0
velnacrine,1,214.268,2.187,2.0,59.14,3.0,0.0
unii-2v4m6abh0v,1,349.862,2.535,2.0,67.59,5.0,5.0
,1,444.526,3.068,3.0,91.48,4.0,6.0
,1,241.247,-1.286,3.0,110.6,2.0,3.0
.beta.-l-xylo-c,1,243.219,-2.563,4.0,130.83,2.0,2.0
,0,410.433,-0.048,4.0,162.92,3.0,6.0
,0,410.433,-0.048,4.0,162.92,3.0,6.0
zinc3830565,1,285.691,-0.297,3.0,119.31,3.0,2.0
ncgc00164560-01,1,286.339,1.092,3.0,101.88,4.0,4.0
levoleucovorin,1,473.446,-0.731,7.0,219.84,3.0,10.0
buciclovir,1,239.235,-1.555,4.0,130.05,2.0,4.0
l-adenosine,1,267.245,-1.98,4.0,139.54,3.0,2.0
(s)-praziquantel,1,312.413,2.535,0.0,40.62,4.0,1.0
azabuperone,1,290.382,2.569,0.0,23.55,3.0,5.0
einecs 255-630-0,1,391.49,4.012,1.0,39.34,5.0,5.0
,1,361.485,4.334,1.0,40.54,5.0,3.0
omiloxetine,1,465.496,5.061,0.0,48.0,5.0,7.0
(s)-pazinaclone,1,478.936,3.74,0.0,84.86,6.0,3.0
chembl308915,0,416.349,1.108,2.0,67.25,3.0,6.0
brl-52974,0,393.318,3.481,1.0,52.23,4.0,4.0
chembl71759,0,409.317,2.452,2.0,72.46,4.0,4.0
brl-53080,1,409.382,4.819,0.0,23.55,4.0,4.0
,1,409.313,3.322,1.0,56.92,4.0,4.0
chembl71323,1,393.318,3.412,0.0,41.37,4.0,4.0
chembl68769,0,409.317,2.382,1.0,61.6,4.0,4.0
chembl71781,1,394.306,2.807,0.0,54.26,4.0,4.0
schembl11523038,0,437.528,0.94,3.0,128.28,4.0,7.0
schembl11033793,0,440.492,-0.944,2.0,156.09,4.0,7.0
dextramycin,0,323.132,0.909,3.0,112.7,1.0,6.0
,0,542.577,-0.917,4.0,204.91,4.0,9.0
"5-[(3as,4s,6as)-2-oxo-1,3,3a,4,6,6a-hexahydrothieno[3,4-d]imidazol-4-yl]pentanoic acid",1,244.316,0.797,3.0,78.43,2.0,5.0
(s)-cetirizine,0,388.895,3.148,1.0,53.01,3.0,8.0
zinc1530605,0,468.37,2.115,3.0,173.71,4.0,8.0
(s)-3-(benzoyloxy)quinuclidine,1,231.295,1.938,0.0,29.54,4.0,2.0
phenyl salicylate,1,214.22,2.611,1.0,46.53,2.0,2.0
,1,419.529,1.598,0.0,69.64,7.0,6.0
binospirone,1,358.438,2.125,1.0,67.87,4.0,5.0
,1,278.739,1.642,2.0,50.36,4.0,0.0
sunepitron,1,329.404,0.526,0.0,69.64,4.0,3.0
naltrexone-hcl,1,341.407,1.525,2.0,70.0,6.0,2.0
(s)-rofelodine,1,214.268,1.805,0.0,32.67,3.0,1.0
schembl9734362,1,196.25,0.277,1.0,49.41,2.0,1.0
"(2s)-5-oxo-n-[(1s,2s)-2-phenylcyclopropyl]pyrrolidine-2-carboxamide",1,244.294,0.937,2.0,58.2,3.0,3.0
,1,311.425,3.04,1.0,40.54,5.0,2.0
,1,276.292,-0.177,1.0,83.55,4.0,1.0
(s)-thalidomide,1,258.233,0.088,1.0,83.55,3.0,1.0
unii-37z869546b,1,335.791,0.614,1.0,69.72,3.0,3.0
unii-7w3a3ukf2e,1,140.142,-0.935,1.0,49.41,2.0,0.0
zinc608045,1,362.788,2.016,2.0,73.13,3.0,4.0
unii-9zrt68876r,1,254.083,1.579,1.0,46.17,2.0,1.0
,1,272.351,-0.346,1.0,60.85,4.0,1.0
zinc33903607,1,385.678,3.008,2.0,52.57,3.0,3.0
zinc190,1,216.24,1.392,1.0,50.69,3.0,2.0
unii-6dzb018428 component ugzakkmlmjitll-lbprgkrzsa-n,1,301.346,0.823,3.0,87.3,3.0,3.0
chembl71529,0,439.343,2.201,2.0,81.75,4.0,4.0
,1,221.643,1.254,1.0,46.17,3.0,1.0
fosphenytoin,1,346.279,1.617,3.0,106.94,3.0,4.0
unii-l2gwr3us1g component qqwlxnmppfcvcd-vifpvbqesa-n,1,280.305,0.11,1.0,83.55,3.0,1.0
azaloxan,1,331.416,1.706,1.0,54.04,4.0,4.0
zinc58438005,1,182.248,0.509,2.0,41.13,2.0,1.0
spiroxatrine,1,379.46,2.255,1.0,54.04,5.0,3.0
mosapramine,1,479.068,4.743,1.0,38.82,6.0,4.0
chlorthenoxazine,1,211.648,1.764,1.0,38.33,2.0,2.0
efavirenz,0,315.678,4.073,1.0,38.33,3.0,0.0
(s)-lorazepam,1,321.163,3.101,2.0,61.69,3.0,1.0
schembl1041963,1,322.151,2.496,2.0,74.58,3.0,1.0
(s)-furomazine,1,459.011,4.723,1.0,53.01,5.0,5.0
l-isoascorbic acid,1,176.124,-1.407,4.0,107.22,1.0,2.0
unii-5efs516hk3,1,348.761,1.974,2.0,73.13,3.0,3.0
"(2s,6s)-4-[4-(4-pyrimidin-2-ylpiperazin-1-yl)butyl]-4-azatricyclo[5.2.1.02,6]decane-3,5-dione",1,383.496,1.41,0.0,69.64,5.0,6.0
zinc100029668,1,426.586,3.374,0.0,56.75,5.0,6.0
,1,488.053,4.908,1.0,65.64,5.0,7.0
,1,278.337,1.476,1.0,80.42,2.0,7.0
,1,357.233,2.238,1.0,80.42,2.0,7.0
schembl18401354,1,189.146,0.122,1.0,81.19,1.0,4.0
,1,219.172,0.096,1.0,90.42,1.0,6.0
schembl4854536,0,246.194,-1.684,3.0,104.55,2.0,2.0
(s)-axamozide,1,399.878,3.46,1.0,59.49,5.0,3.0
,1,379.435,2.564,1.0,58.1,5.0,4.0
zinc13827997,0,236.231,-0.211,2.0,93.03,3.0,2.0
"(1s,9s)-5-bromo-7,11-diazatricyclo[7.3.1.02,7]trideca-2,4-dien-6-one",1,269.142,1.317,1.0,34.03,3.0,0.0
"2-(3,4-dihydroxyphenyl)-5,7-dihydroxy-3-[(2s,3s,4s,5s,6s)-3,4,5-trihydroxy-6-(hydroxymethyl)oxan-2-yl]oxychromen-4-one",0,464.379,-0.539,8.0,210.51,4.0,4.0
cytisine,0,190.246,0.555,1.0,34.03,3.0,0.0
,1,269.142,1.276,1.0,34.03,3.0,0.0
yridine,1,244.203,-2.852,4.0,124.78,2.0,2.0
,1,301.389,4.121,1.0,33.12,4.0,4.0
zinc633,1,267.372,3.065,2.0,32.26,3.0,3.0
ciclazindol,1,298.773,3.198,1.0,35.83,4.0,1.0
"2,2,2-tribromoethanol",1,282.757,1.817,1.0,20.23,0.0,0.0
cis-piflutixol,1,451.529,6.225,1.0,23.47,4.0,5.0
unii-jc6360h11t,1,417.018,4.717,1.0,26.71,4.0,7.0
homopipramol,1,377.532,3.699,1.0,29.95,4.0,6.0
chembl12628,1,408.439,4.031,1.0,26.71,4.0,4.0
unii-1o8a15g935 component bjwapforupuxrj-sfhvurjksa-n,1,454.533,4.831,1.0,26.71,4.0,6.0
zinc22588438,1,418.965,3.073,1.0,45.17,3.0,11.0
zinc14649463,1,268.273,-0.989,4.0,112.13,3.0,2.0
,1,309.529,-0.463,3.0,88.38,2.0,2.0
l-mannitol,0,182.172,-3.585,6.0,121.38,0.0,5.0
zinc2539624,1,286.28,-1.642,5.0,119.61,2.0,4.0
,1,339.826,2.619,2.0,47.86,4.0,4.0
flutroline,1,450.504,5.92,1.0,28.4,5.0,6.0
perisoxal,1,272.348,2.861,1.0,49.5,3.0,4.0
unii-u49lid4uyj component okackalpxhbema-xamccfcmsa-n,1,725.699,4.794,4.0,117.84,0.0,12.0
(+)-threo-mefloquine,1,378.316,4.448,2.0,45.15,3.0,2.0
unii-afh280ecx3,1,292.382,3.402,1.0,38.05,3.0,6.0
oxilorphan,1,313.441,2.976,2.0,43.7,5.0,2.0
torbugesic,1,327.468,3.366,2.0,43.7,5.0,2.0
,1,347.502,4.693,1.0,23.47,5.0,3.0
,1,243.35,2.738,2.0,32.26,4.0,0.0
,1,299.414,2.707,1.0,32.7,5.0,2.0
,1,271.316,0.856,3.0,61.72,5.0,0.0
,1,357.45,1.707,3.0,73.16,6.0,2.0
tifemoxone,1,223.297,1.729,1.0,30.49,2.0,3.0
zinc8214362,1,295.255,0.416,3.0,161.46,1.0,7.0
zinc19848892,1,262.356,3.597,2.0,27.82,4.0,2.0
chembl285367,1,335.447,4.325,0.0,21.7,5.0,3.0
chembl3707296,1,187.246,1.002,1.0,27.63,3.0,1.0
(s)-azaquinzole,1,188.274,1.189,1.0,15.27,3.0,0.0
taclamine [inn],1,289.422,4.458,0.0,3.24,5.0,0.0
sibopirdine,1,350.425,4.019,0.0,51.56,5.0,4.0
(s)-teniloxazine,1,289.4,2.706,1.0,30.49,3.0,5.0
dihydroergotamine,0,344.419,1.883,1.0,96.77,3.0,5.0
ciprofloxacin,0,418.323,3.868,1.0,93.81,4.0,2.0
tolbutamide,0,334.73,3.828,1.0,63.6,3.0,2.0
tranylcypromine,1,286.287,1.769,1.0,81.42,3.0,2.0
tolazamide,0,334.73,3.828,1.0,63.6,3.0,2.0
busulfan,1,436.961,3.502,2.0,98.49,3.0,5.0
cycloserine,1,359.831,2.348,1.0,89.54,2.0,4.0
temazepam,1,383.422,1.388,1.0,108.0,3.0,4.0
methyclothiazide,0,461.65,5.325,1.0,62.3,4.0,7.0
clonazepam,1,371.546,4.845,1.0,38.33,2.0,10.0
cefazolin,0,348.399,3.1,0.0,87.47,3.0,5.0
valproic acid,1,355.547,5.181,1.0,29.1,2.0,9.0
furosemide,0,359.459,1.693,1.0,84.89,4.0,4.0
piroxicam,0,160.289,-0.371,1.0,29.46,1.0,1.0
famotidine,1,382.573,5.283,1.0,32.34,3.0,7.0
rifampin,0,288.297,3.199,0.0,33.2,3.0,1.0
aminophylline,0,193.29,3.065,1.0,35.25,1.0,4.0
norethindrone,0,387.545,4.466,1.0,47.56,2.0,12.0
pentazocine,1,376.84,4.4,1.0,81.47,2.0,9.0
dacarbazine,1,342.216,2.337,2.0,68.76,2.0,6.0
prazosin,0,355.504,1.847,1.0,61.88,2.0,8.0
itraconazole,0,432.494,2.748,0.0,95.97,3.0,8.0
orphenadrine,1,419.886,3.361,0.0,93.46,3.0,6.0
fluphenazine,1,341.429,1.104,1.0,95.69,2.0,7.0
fluconazole,1,341.429,1.104,1.0,95.69,2.0,7.0
trihexyphenidyl,1,341.385,0.576,1.0,104.92,3.0,5.0
amphotericin b,0,359.447,2.195,1.0,86.46,3.0,5.0
scopolamine,0,327.358,0.186,1.0,104.92,3.0,4.0
testolactone,0,397.387,1.183,1.0,112.39,4.0,3.0
procaine,1,391.763,2.375,1.0,103.92,4.0,3.0
efavirenz,0,343.47,1.515,1.0,78.62,2.0,7.0
hydrocodone,1,438.014,4.151,1.0,69.39,3.0,8.0
hydralazine,0,357.497,1.905,1.0,78.62,2.0,8.0
diazepam,1,313.419,1.187,1.0,78.62,2.0,7.0
mepenzolate,0,361.463,2.369,1.0,78.62,3.0,7.0
betahistine,1,375.877,3.826,0.0,67.16,3.0,6.0
methocarbamol,1,405.541,2.944,1.0,78.62,3.0,8.0
sparfloxacin,0,327.402,0.907,1.0,87.85,3.0,6.0
sotalol,1,327.402,0.907,1.0,87.85,3.0,6.0
trometamol,0,389.473,2.397,1.0,87.85,4.0,6.0
melphalan,0,361.463,2.369,1.0,78.62,3.0,7.0
colchicine,0,357.519,4.456,1.0,38.33,2.0,10.0
teniposide,1,357.519,4.623,1.0,38.33,2.0,9.0
primidone,1,362.813,4.01,1.0,81.47,2.0,8.0
trovafloxacin,1,418.559,4.139,1.0,75.71,2.0,9.0
trazodone,1,279.317,1.456,0.0,76.39,3.0,3.0
vancomycin,0,283.349,0.891,1.0,78.62,3.0,4.0
quinidine,1,235.308,1.727,0.0,57.93,2.0,3.0
hydroxyzine,1,299.417,1.498,1.0,69.39,2.0,5.0
zalcitabine,1,342.369,1.033,1.0,99.13,3.0,6.0
pimozide,1,274.769,1.849,1.0,54.37,2.0,4.0
thioridazine,1,304.327,1.349,0.0,100.18,3.0,3.0
topotecan,1,323.37,1.472,0.0,85.62,3.0,5.0
pyrazinamide,1,279.361,1.743,0.0,67.16,2.0,5.0
trimethoprim,1,317.389,2.192,2.0,88.25,2.0,8.0
methohexital,1,345.399,1.985,3.0,96.47,3.0,6.0
pyridostigmine bromide,1,346.814,4.746,1.0,72.24,2.0,5.0
quazepam,1,378.812,4.147,1.0,90.7,2.0,7.0
levodopa,1,532.465,4.231,1.0,86.79,2.0,10.0
saquinavir,0,416.587,4.342,1.0,66.48,2.0,7.0
flurazepam,1,327.493,5.053,1.0,29.1,2.0,7.0
oxacillin,0,357.519,4.813,1.0,38.33,2.0,8.0
desipramine,1,373.518,4.593,1.0,47.56,2.0,9.0
amphetamine,1,391.558,3.979,1.0,63.24,2.0,8.0
carbamazepine,1,327.493,5.052,1.0,29.1,2.0,6.0
triamterene,0,391.558,4.147,1.0,63.24,2.0,7.0
pyrimethamine,1,346.814,4.746,1.0,72.24,2.0,5.0
mannitol,0,424.009,7.13,1.0,29.1,3.0,7.0
sulfadiazine,1,326.396,4.401,1.0,72.24,2.0,5.0
pethidine,1,276.384,1.699,0.0,49.33,2.0,5.0
tibolone,1,355.486,2.49,1.0,63.05,3.0,6.0
triazolam,1,315.421,2.113,0.0,55.95,3.0,6.0
haloperidol,1,328.416,1.859,2.0,80.04,3.0,7.0
lidocaine,1,377.489,0.613,1.0,81.91,3.0,5.0
aciclovir,1,435.527,2.668,0.0,100.83,3.0,7.0
chlordiazepoxide,1,355.467,3.076,2.0,74.17,4.0,5.0
flumazenil,1,262.353,2.042,0.0,42.43,2.0,6.0
nafcillin,0,434.905,2.815,0.0,96.61,3.0,7.0
azithromycin,0,404.473,3.598,0.0,102.37,3.0,8.0
isoproterenol,0,409.555,3.285,1.0,52.65,4.0,5.0
demeclocycline,0,250.277,3.241,0.0,61.23,2.0,3.0
ethionamide,1,321.566,5.015,1.0,34.15,2.0,3.0
bethanechol,0,432.454,2.192,1.0,116.81,3.0,8.0
dicyclomine,0,678.694,3.978,2.0,171.2,7.0,8.0
erythromycin,0,476.528,3.579,2.0,127.2,3.0,8.0
nalidixic acid,1,419.386,1.342,2.0,133.38,3.0,6.0
naltrexone,1,347.323,1.268,3.0,125.92,2.0,5.0
dextromethorphan,1,467.518,3.007,3.0,118.22,3.0,9.0
enflurane,1,344.319,2.545,1.0,83.45,4.0,4.0
codeine,1,555.425,3.584,1.0,101.98,5.0,6.0
chloroquine,1,504.535,4.832,1.0,104.43,4.0,10.0
meloxicam,0,331.324,1.562,2.0,105.69,2.0,5.0
lomustine,1,670.624,1.202,4.0,250.3,3.0,16.0
chlorpromazine,1,311.334,1.56,2.0,105.69,1.0,6.0
epinephrine,0,458.514,4.054,2.0,101.65,4.0,7.0
hydrocortisone,0,409.778,1.944,2.0,124.15,3.0,5.0
methamphetamine,1,378.377,2.375,1.0,104.43,2.0,7.0
lamotrigine,1,550.564,2.559,1.0,129.67,6.0,7.0
salbutamol,0,518.61,3.945,1.0,101.98,5.0,7.0
enalapril,0,344.319,2.545,1.0,83.45,4.0,4.0
cocaine,1,555.425,3.584,1.0,101.98,5.0,6.0
clonidine,1,288.299,2.349,1.0,76.74,2.0,4.0
caffeine,1,332.312,0.957,2.0,118.58,2.0,5.0
ritonavir,0,375.425,1.76,1.0,97.8,3.0,6.0
perphenazine,1,475.497,3.612,2.0,118.97,4.0,7.0
mefenamic acid,0,436.416,4.279,0.0,93.43,4.0,7.0
isoflurane,1,302.762,0.913,2.0,93.47,2.0,6.0
benzocaine,1,292.295,0.85,2.0,110.37,2.0,6.0
oxandrolone,0,371.414,2.511,0.0,85.62,4.0,5.0
sulfamethoxazole,1,328.342,0.643,1.0,99.13,3.0,5.0
terbinafine,1,343.426,0.845,1.0,87.85,3.0,5.0
physostigmine,1,395.908,2.88,1.0,78.62,3.0,7.0
dexamethasone,0,299.392,0.797,1.0,78.62,2.0,6.0
propofol,1,381.881,2.632,1.0,78.62,3.0,6.0
ampicillin,0,331.437,2.279,1.0,69.39,3.0,5.0
penicillin g,0,361.85,3.436,0.0,67.16,3.0,5.0
nelfinavir,0,390.457,2.661,1.0,89.9,3.0,7.0
disulfiram,1,314.359,0.923,1.0,89.9,2.0,6.0
probenecid,0,410.875,3.006,1.0,89.9,3.0,7.0
nandrolone,0,239.202,0.641,1.0,66.84,2.0,3.0
minocycline,1,586.485,5.257,1.0,171.22,4.0,9.0
stavudine,1,384.476,3.285,1.0,60.03,3.0,8.0
ropinirole,1,385.46,4.053,1.0,66.02,3.0,5.0
streptomycin,0,373.518,4.588,1.0,47.56,2.0,8.0
lorazepam,1,576.554,4.712,0.0,125.05,5.0,8.0
etacrynicacid,0,548.544,4.795,0.0,107.98,5.0,8.0
ethosuximide,1,364.397,4.307,0.0,53.99,4.0,4.0
carteolol,1,365.385,3.702,0.0,66.88,4.0,4.0
hydroflumethiazide,0,451.523,3.227,1.0,88.18,4.0,6.0
diphenhydramine,1,427.526,4.034,0.0,77.69,3.0,9.0
doxorubicin,0,403.891,3.948,1.0,77.25,3.0,8.0
norepinephrine,0,413.499,3.612,1.0,86.48,3.0,9.0
rescinnamine,1,380.444,3.125,1.0,66.15,4.0,5.0
cladribine,1,363.91,4.331,1.0,38.33,2.0,9.0
econazole,0,400.522,4.526,0.0,32.78,4.0,6.0
omeprazole,0,401.528,4.356,1.0,56.79,3.0,7.0
gabapentin,1,379.46,3.197,0.0,62.74,4.0,4.0
levorphanol,1,353.805,5.121,1.0,51.47,3.0,5.0
phenoxybenzamine,0,476.507,2.493,1.0,120.47,4.0,7.0
phenobarbital,1,476.507,2.493,1.0,120.47,4.0,7.0
cetirizine,0,376.384,1.773,3.0,100.65,3.0,6.0
mifepristone,0,353.382,1.375,2.0,101.64,4.0,5.0
cefotetan,0,317.345,1.629,2.0,97.48,3.0,5.0
phencyclidine,1,292.379,1.671,2.0,63.61,3.0,5.0
hydrochlorothiazide,0,345.374,2.252,3.0,97.47,3.0,6.0
s-etodolac,0,467.43,2.323,2.0,155.36,4.0,6.0
chlorambucil,0,488.492,4.778,0.0,89.52,5.0,6.0
nevirapine,1,346.404,2.644,1.0,80.67,3.0,5.0
protriptyline,1,337.828,2.616,1.0,69.39,3.0,4.0
pentobarbital,1,380.897,2.192,2.0,95.41,3.0,6.0
lomefloxacin,0,362.403,1.698,2.0,100.9,3.0,6.0
labetalol,0,332.425,1.291,2.0,95.41,3.0,5.0
ephedrine,0,381.906,3.191,1.0,69.39,3.0,5.0
methotrexate,0,347.461,2.537,1.0,69.39,3.0,5.0
naloxone,1,332.421,2.552,1.0,63.6,3.0,5.0
nitrazepam,1,317.41,2.271,1.0,69.39,3.0,4.0
miconazole,0,371.414,2.538,1.0,104.46,3.0,5.0
pirbuterol,0,382.865,2.259,2.0,83.83,3.0,6.0
clotrimazole,0,266.322,0.427,1.0,93.18,2.0,3.0
mianserin,1,286.283,2.398,0.0,65.74,3.0,2.0
papaverine,0,347.823,3.428,0.0,67.16,3.0,4.0
methylphenidate,1,355.415,2.652,0.0,84.23,3.0,5.0
olanzapine,1,372.833,3.322,0.0,90.95,3.0,4.0
pentostatin,1,380.897,2.192,2.0,95.41,3.0,6.0
imipramine,1,341.388,2.344,0.0,84.23,3.0,5.0
dapsone,0,285.365,0.143,2.0,89.62,2.0,5.0
dihydrocodeine,1,300.332,0.269,2.0,100.9,2.0,5.0
clofazimine,0,281.333,0.708,1.0,87.39,2.0,4.0
morphine,1,327.405,3.083,0.0,67.16,3.0,4.0
prednisolone,0,352.839,2.897,1.0,63.6,3.0,5.0
droperidol,1,241.312,0.533,1.0,69.39,2.0,3.0
pergolide,1,381.881,2.226,2.0,89.62,3.0,6.0
oxymorphone,1,362.838,2.509,1.0,93.18,3.0,4.0
prednisone,0,381.837,2.07,2.0,106.69,3.0,5.0
oxaprozin,0,377.849,2.791,1.0,87.39,3.0,5.0
mepyramine,1,465.955,3.751,1.0,98.77,3.0,6.0
loratadine,0,333.409,1.325,2.0,89.62,3.0,5.0
clomipramine,1,295.316,0.8,1.0,104.46,2.0,4.0
levofloxacin,1,525.513,4.611,1.0,113.15,6.0,5.0
dopamine,0,402.878,2.936,3.0,87.66,3.0,4.0
estrone,0,412.442,1.38,3.0,106.12,4.0,5.0
midazolam,1,403.478,5.247,1.0,60.7,4.0,5.0
trimipramine,1,341.319,2.655,1.0,83.09,4.0,4.0
oxycodone,1,353.33,2.239,1.0,98.6,4.0,2.0
mesna,0,406.434,4.019,0.0,74.97,4.0,6.0
estazolam,1,329.465,3.926,1.0,38.33,2.0,9.0
phenytoin,1,363.91,4.331,1.0,38.33,2.0,9.0
cimetidine,0,343.492,4.066,1.0,38.33,2.0,9.0
dexrazoxane,0,368.477,3.348,0.0,42.01,3.0,5.0
risperidone,1,293.3,0.635,0.0,93.46,3.0,3.0
nicotine,1,255.364,1.099,1.0,60.16,2.0,3.0
secobarbital,1,298.364,-0.17,2.0,104.64,3.0,4.0
streptozotocin,0,285.321,-0.384,2.0,98.85,3.0,3.0
cytarabine,1,221.281,1.337,0.0,57.93,2.0,2.0
ribavirin,1,290.3,0.959,0.0,100.18,3.0,2.0
sevoflurane,1,299.348,-0.137,2.0,98.85,3.0,4.0
kanamycin,0,241.312,-0.113,2.0,80.39,2.0,3.0
triamcinolone,0,324.45,0.923,2.0,78.35,2.0,7.0
polythiazide,0,278.356,0.405,1.0,61.46,3.0,3.0
ceftazidime,1,365.433,2.485,1.0,75.43,4.0,4.0
metronidazole,1,414.549,5.934,1.0,45.48,4.0,6.0
methane,1,406.36,3.414,3.0,91.57,3.0,4.0
homatropine,0,289.766,3.272,0.0,46.09,2.0,3.0
spironolactone,0,353.422,3.476,1.0,75.48,3.0,6.0
phenoxymethylpenicillin,0,346.818,1.667,2.0,76.02,3.0,4.0
androsan,0,500.507,3.159,2.0,119.85,6.0,4.0
ranitidine,0,300.266,2.118,0.0,74.97,4.0,1.0
cortisone,0,405.571,3.715,1.0,36.33,4.0,6.0
oxytetracycline,0,161.208,1.307,2.0,62.23,1.0,2.0
chlorthalidone,0,327.493,4.803,1.0,29.1,2.0,6.0
reserpine,1,346.452,2.322,2.0,79.29,3.0,6.0
ethambutol,0,315.438,3.672,1.0,38.33,2.0,8.0
clobazam,1,329.465,3.812,1.0,38.33,2.0,8.0
methylprednisolone,0,361.441,4.712,1.0,51.47,3.0,7.0
isopromethazine,1,348.786,3.754,1.0,81.47,2.0,6.0
acebutolol,1,330.453,1.839,2.0,86.18,3.0,5.0
p-acetamidophenol,1,330.453,1.839,2.0,86.18,3.0,5.0
amifostine,0,331.393,1.717,2.0,97.46,3.0,4.0
apomorphine,1,415.511,3.397,1.0,89.54,3.0,5.0
atenolol,1,331.462,2.837,1.0,60.16,3.0,4.0
azelaicacid,0,300.379,2.75,0.0,51.21,3.0,4.0
albendazole,1,301.411,2.51,1.0,60.16,3.0,4.0
alprazolam,1,317.41,1.625,2.0,80.39,3.0,4.0
zonisamide,1,396.6,5.591,1.0,32.34,3.0,7.0
delavirdine,0,401.919,4.838,0.0,59.23,3.0,6.0
trifluoperazine,1,387.892,4.495,1.0,68.02,3.0,6.0
thiotepa,1,369.53,5.203,1.0,38.33,3.0,4.0
tamoxifen,1,371.546,5.012,1.0,38.33,2.0,9.0
trimetrexate,0,432.343,4.605,1.0,68.02,3.0,6.0
flucloxacillin,0,313.466,4.663,1.0,29.1,2.0,6.0
flucytosine,1,313.466,4.663,1.0,29.1,2.0,6.0
didanosine,0,260.362,2.871,1.0,41.99,2.0,4.0
daunorubicin,0,327.493,4.803,1.0,29.1,2.0,6.0
terconazole,0,337.427,2.65,2.0,83.56,3.0,6.0
fentanyl,1,355.503,4.896,1.0,38.33,3.0,5.0
amitriptyline,1,400.5,4.555,1.0,81.47,3.0,6.0
amobarbital,1,400.5,4.555,1.0,81.47,3.0,6.0
buprenorphine,1,355.503,4.894,1.0,38.33,3.0,4.0
hydroxycarbamide,1,387.892,4.497,1.0,68.02,3.0,7.0
loperamide,0,377.509,5.178,1.0,42.24,3.0,8.0
amantadine,1,374.462,3.72,1.0,81.47,2.0,9.0
bretylium,0,329.465,4.059,1.0,38.33,2.0,7.0
fluoxetine,1,286.31,2.094,1.0,72.11,3.0,2.0
oxazepam,1,334.445,1.746,2.0,80.04,3.0,6.0
metoprolol,1,319.408,3.941,0.0,38.13,4.0,2.0
indomethacin,0,258.321,2.105,1.0,62.12,2.0,5.0
praziquantel,1,374.393,0.89,3.0,126.23,3.0,6.0
ketorolac,0,409.442,1.733,2.0,118.89,4.0,6.0
pravastatin,0,374.393,0.89,3.0,126.23,3.0,6.0
ketoconazole,0,409.442,1.733,2.0,118.89,4.0,6.0
chlorpropamide,0,351.88,3.182,1.0,60.16,3.0,4.0
chlorothiazide,0,351.88,3.182,1.0,60.16,3.0,4.0
tetrabenzine,1,331.393,1.93,1.0,78.62,4.0,4.0
bromocriptine,0,351.855,2.217,2.0,80.39,3.0,5.0
carbidopa,0,337.828,1.97,2.0,80.39,3.0,4.0
thioguanine,0,305.134,2.444,1.0,91.28,1.0,3.0
mefloquine,1,422.506,3.353,0.0,70.83,4.0,5.0
atovaquone,0,362.429,4.049,0.0,55.57,4.0,6.0
thc,1,330.428,2.024,1.0,66.48,4.0,5.0
mirtazapine,1,324.384,2.393,1.0,80.91,4.0,6.0
bacitracin,0,376.438,2.031,0.0,88.77,4.0,5.0
pindolol,1,273.376,2.663,2.0,49.33,3.0,5.0
moclobemide,1,352.463,3.625,0.0,51.02,4.0,4.0
ipratropium bromide,0,448.563,4.963,1.0,49.41,4.0,8.0
ketoprofen,1,363.482,4.87,1.0,42.24,3.0,8.0
ketamine,1,383.9,5.382,1.0,42.24,3.0,7.0
doxepin,1,412.877,3.152,1.0,80.49,4.0,6.0
bromazepam,1,336.395,2.07,3.0,90.9,4.0,5.0
aminosalicylic acid,0,313.357,2.189,2.0,88.25,4.0,5.0
sulphur hexafluoride,1,371.436,6.16,1.0,51.47,5.0,4.0
norfloxacin,0,375.4,2.217,4.0,111.29,3.0,8.0
nortriptyline,1,375.4,2.217,4.0,111.29,3.0,8.0
salicyclic acid,0,260.698,1.587,1.0,71.44,2.0,3.0
amoxicillin,0,445.342,3.322,1.0,70.99,5.0,2.0
amikacin,1,375.497,4.746,0.0,46.09,4.0,5.0
etoposide,0,362.429,4.163,0.0,55.57,4.0,6.0
flunitrazepam,1,363.364,2.584,1.0,67.59,4.0,5.0
digoxin,0,324.428,3.441,1.0,61.88,4.0,2.0
meprobamate,1,319.336,1.02,3.0,90.79,3.0,4.0
phenazopyridine,0,363.413,4.191,0.0,65.49,5.0,1.0
chlorzoxazone,1,320.797,3.095,0.0,51.21,3.0,4.0
bcnu,1,322.813,2.888,1.0,54.37,3.0,4.0
abacavir,1,355.442,1.757,3.0,94.4,4.0,5.0
ethchlorvynol,1,144.601,1.513,1.0,20.23,0.0,2.0
nivazol (nivacortol),1,430.567,5.558,1.0,38.05,6.0,1.0
selegiline,1,187.286,2.183,0.0,3.24,1.0,4.0
napamezole,1,212.296,2.408,1.0,24.39,3.0,2.0
fenharmane,1,262.356,3.186,1.0,24.39,4.0,2.0
xorphanol,1,337.507,4.663,1.0,23.47,5.0,2.0
isoprednidene,1,372.461,1.724,3.0,94.83,4.0,2.0
ft-0697029,1,390.451,1.816,3.0,94.83,4.0,2.0
methacycline (metacycline),0,442.424,-0.594,6.0,181.62,4.0,2.0
cefdinir,0,395.422,-0.172,4.0,158.21,3.0,5.0
cefixime,0,453.458,-0.545,4.0,184.51,3.0,8.0
acrocinonide,1,432.488,2.195,2.0,93.06,5.0,3.0
tacrolimus,0,804.031,4.639,3.0,178.36,4.0,7.0
"n-[3-(dimethylamino)propyl]-n-(ethylcarbamoyl)-7-prop-2-enyl-6,6a,8,9,10,10a-hexahydro-4h-indolo[4,3-fg]quinoline-9-carboxamide",1,451.615,3.194,2.0,71.68,4.0,8.0
brl52656,1,283.415,3.637,1.0,23.47,4.0,2.0
"(4r,4as,7ar,12bs)-4a,9-dihydroxy-3-prop-2-enyl-2,4,5,6,7a,13-hexahydro-1h-4,12-methanobenzofuro[3,2-e]isoquinoline-7-one",1,327.38,1.301,2.0,70.0,5.0,2.0
nalorphine,1,311.381,1.754,2.0,52.93,5.0,2.0
alletorphine,1,437.58,3.72,2.0,62.16,7.0,6.0
mifepristone,0,429.604,5.407,1.0,40.54,5.0,2.0
fursutiamine,1,398.554,2.5,2.0,101.57,2.0,10.0
dibenzoyl thiamine,1,490.585,4.378,1.0,115.48,3.0,10.0
bisbentiamine,1,770.938,6.003,2.0,196.82,4.0,19.0
benfotiamine,1,466.456,2.63,3.0,155.94,2.0,10.0
cycotiamine,1,308.363,1.831,1.0,98.41,2.0,4.0
spirilene,1,393.506,4.048,1.0,35.58,4.0,5.0
110267-81-7,0,483.473,0.632,5.0,176.61,5.0,3.0
1879-77-2,1,376.468,2.923,2.0,74.6,4.0,1.0
ft-0661485,1,346.467,2.809,2.0,74.6,4.0,1.0
fluoromethalone,1,376.468,2.923,2.0,74.6,4.0,1.0
ncgc00160675-01,0,513.499,0.726,6.0,196.84,5.0,3.0
nsc256439,0,497.5,1.02,5.0,176.61,5.0,3.0
mls002608668,1,418.505,3.446,1.0,72.83,5.0,1.0
cetocycline,0,411.41,1.265,5.0,158.15,4.0,1.0
akos024333779,1,316.485,4.205,1.0,37.3,5.0,1.0
ganaxolone,1,332.528,4.985,1.0,37.3,4.0,1.0
alfaxalone (renanolone),1,332.484,3.774,1.0,54.37,4.0,1.0
allopregnanolone,1,318.501,4.595,1.0,37.3,4.0,1.0
dichlorisone-acetate,1,439.379,4.152,1.0,71.44,4.0,3.0
cicortonide,1,550.067,4.703,1.0,105.85,5.0,6.0
thiotepa,0,381.423,0.633,1.0,64.09,3.0,4.0
gr94839_a,0,413.44,1.374,1.0,64.09,3.0,4.0
gr-94839,0,414.333,1.662,1.0,64.09,3.0,4.0
chembl62879,1,398.334,2.691,0.0,43.86,3.0,4.0
gr94839_l,0,423.535,-0.241,1.0,98.23,3.0,5.0
trifluopromazine,0,390.44,0.263,1.0,107.23,3.0,5.0
ofloxacin,0,407.536,0.092,1.0,87.15,3.0,5.0
levodopa,0,390.44,0.263,1.0,107.23,3.0,5.0
mefloquine,0,345.443,0.355,1.0,64.09,3.0,4.0
cefazolin,0,531.44,4.206,0.0,69.06,5.0,7.0
schembl2109666,1,216.237,-0.508,3.0,95.5,0.0,6.0
pidolacetamol,1,262.265,0.829,2.0,84.5,2.0,3.0
ft-0668754,1,434.504,2.609,2.0,100.9,4.0,3.0
oxylone acetate,1,418.505,3.494,1.0,80.67,4.0,2.0
docetaxel,0,807.89,3.26,5.0,224.45,6.0,8.0
ctk7j8195,0,501.576,2.288,2.0,136.07,3.0,3.0
mfcd00865135,0,516.719,5.666,3.0,104.06,4.0,5.0
didrovaltrate,1,424.49,2.742,0.0,100.66,3.0,8.0
acebrochol,1,588.509,8.93,0.0,26.3,4.0,6.0
cortivazol,1,530.665,4.301,2.0,101.65,6.0,4.0
paramethasone-acetate,1,434.504,2.322,2.0,100.9,4.0,3.0
dexamethasone-21-acetate,1,434.504,2.467,2.0,100.9,4.0,3.0
triamcinolone-diacetate,1,478.513,1.762,2.0,127.2,4.0,4.0
methylprednisolone-acetate,1,416.514,2.374,2.0,100.9,4.0,3.0
chloroprednisone-acetate,1,434.916,2.554,1.0,97.74,4.0,3.0
isoflupredone-acetate,1,420.477,2.221,2.0,100.9,4.0,3.0
prednisolone 21-acetate,1,402.487,2.128,2.0,100.9,4.0,3.0
fludrocortisone acetate,1,422.493,2.445,2.0,100.9,4.0,3.0
cortisone-acetate,1,402.487,2.561,1.0,97.74,4.0,3.0
hydrocortisoni acetas,1,404.503,2.352,2.0,100.9,4.0,3.0
betamethasone-acibutate,1,504.595,3.673,1.0,106.97,4.0,5.0
dexamethasone-acefurate,1,528.573,3.924,1.0,120.11,5.0,5.0
psorcon,1,494.531,2.985,1.0,106.97,4.0,4.0
halopredone (halopredone-acetate),1,559.4,3.462,1.0,106.97,4.0,4.0
fluazacort,1,459.514,2.655,1.0,102.26,5.0,3.0
deflazacort,1,441.524,2.563,1.0,102.26,5.0,3.0
cutisterol,1,569.066,3.963,1.0,108.36,5.0,7.0
fluocinonide,1,494.531,2.938,1.0,99.13,5.0,3.0
flunisolide-acetate,1,476.541,2.846,1.0,99.13,5.0,3.0
cyclocort,1,502.579,3.524,1.0,99.13,6.0,3.0
clocortolone-acetate,1,452.95,3.569,1.0,80.67,4.0,3.0
acefurtiamine,1,476.511,2.22,1.0,154.92,2.0,11.0
"(6r,7r)-3-(acetyloxymethyl)-7-[[(2r)-2-amino-2-phenylacetyl]amino]-8-oxo-5-thia-1-azabicyclo[4.2.0]oct-2-ene-2-carboxylic acid",0,405.432,-0.012,3.0,139.03,3.0,6.0
cefacetrile,0,339.329,-0.798,2.0,136.8,2.0,5.0
cephapirin (cefapirin),0,423.472,0.475,2.0,125.9,3.0,7.0
cefaloram,0,390.417,0.531,2.0,113.01,3.0,6.0
cefalotin,0,396.446,0.592,2.0,113.01,3.0,6.0
cefoxazole,0,491.909,2.219,2.0,139.04,4.0,6.0
acetyloxyvalepotriate,1,480.51,2.348,0.0,126.96,3.0,9.0
valtrate,1,422.474,2.662,0.0,100.66,3.0,8.0
acetiamine,1,366.443,1.79,1.0,115.48,1.0,8.0
diamorphine,1,369.417,1.989,0.0,65.07,5.0,2.0
pivmecillinam,0,439.578,2.412,0.0,88.51,3.0,5.0
pivampicillin,0,463.556,1.324,2.0,128.03,3.0,6.0
tixocortol-pivalate,1,462.652,4.095,2.0,91.67,4.0,3.0
stiripentol [mi],1,234.295,2.836,1.0,38.69,2.0,2.0
butaclamol,1,361.529,4.845,1.0,23.47,5.0,0.0
prednisolone_tebutate,1,458.595,3.545,2.0,100.9,4.0,4.0
triamcinolone-hexacetonide,1,518.622,4.016,1.0,99.13,5.0,4.0
hopantenic-acid,1,233.264,-0.653,4.0,106.86,0.0,7.0
fibracillin,0,546.045,2.987,3.0,125.04,4.0,8.0
schembl2109738,0,378.45,1.476,2.0,95.94,3.0,5.0
126544-47-6,1,540.697,4.704,1.0,99.13,6.0,5.0
tobicillin,0,510.612,3.081,1.0,102.01,4.0,8.0
apomorphine_r,1,357.325,4.115,0.0,23.55,2.0,6.0
34071-19-7,1,347.502,4.455,1.0,23.47,5.0,1.0
gramicidin-j2,0,686.899,-0.135,7.0,231.84,2.0,21.0
furbucillin,0,424.475,1.483,2.0,126.15,3.0,7.0
oxaflozane,1,273.298,3.487,0.0,12.47,2.0,2.0
amesergide,1,393.575,4.631,1.0,37.27,5.0,3.0
razoxane,0,268.273,-2.708,2.0,98.82,2.0,3.0
ctk7f4431,1,623.718,4.036,2.0,128.23,6.0,7.0
cathinone,1,149.193,1.217,1.0,43.09,1.0,2.0
metaraminol,0,167.208,0.773,3.0,66.48,1.0,2.0
4-(2-aminopropyl)phenol,0,151.209,1.282,2.0,46.25,1.0,2.0
fropenem (faropenem),0,285.321,0.374,2.0,87.07,3.0,3.0
ritipenem (sodium),0,288.281,-0.71,3.0,130.16,2.0,4.0
sulopenem,0,233.22,0.122,2.0,77.84,2.0,2.0
96036-03-2,0,383.47,-0.308,3.0,110.18,3.0,5.0
schembl10033978,0,299.352,-0.386,3.0,116.22,2.0,6.0
tigemonam,0,423.429,-1.156,4.0,193.74,2.0,9.0
schembl9192185,1,383.363,4.649,0.0,23.55,3.0,4.0
methastyridone,1,217.268,1.951,1.0,38.33,2.0,2.0
triclonide,1,505.841,5.129,0.0,52.6,5.0,2.0
tralonide,1,489.386,4.86,0.0,52.6,5.0,2.0
flucloronide (fluclorolone-acetonide),1,487.395,3.883,1.0,72.83,5.0,2.0
fluovitef,1,452.494,2.367,2.0,93.06,5.0,2.0
ciprocinonide,1,520.569,3.328,1.0,99.13,6.0,4.0
nasalide,1,434.504,2.275,2.0,93.06,5.0,2.0
"12-fluoro-5-hydroxy-6b-(hydroxyacetyl)-4a,6a,8,8-tetramethyl-3,4,4a,4b,5,6,6a,6b,9a,10,10a,10b,11,12-tetradecahydro-2h-naphtho[2',1':4,5]indeno[1,2-d][1,3]dioxol-2-one",1,436.52,2.499,2.0,93.06,5.0,2.0
triamcinolone-furetonide,1,564.606,4.64,1.0,112.27,7.0,4.0
triamcinolone-acetonide,1,434.504,2.419,2.0,93.06,5.0,2.0
desonide,1,416.514,2.327,2.0,93.06,5.0,2.0
halcinonide,1,454.966,3.889,1.0,72.83,5.0,2.0
drocinonide,1,438.536,2.723,2.0,93.06,5.0,2.0
topiramate,1,339.366,-0.395,1.0,115.54,3.0,3.0
oxetacillin,0,405.476,1.117,3.0,110.18,4.0,3.0
hetacillin,0,389.477,1.411,2.0,89.95,4.0,3.0
amdinocillin,0,325.434,1.406,1.0,73.21,3.0,3.0
schembl4936924,0,494.569,2.496,2.0,113.01,5.0,6.0
carfecillin,0,454.504,2.007,2.0,113.01,4.0,6.0
"4-thia-1-azabicyclo(3.2.0)heptane-2-carboxylic acid, 6-(2-amino-2-(1,4-cyclohexadien-1-yl)acetamido)-3,3-dimethyl-7-oxo-, d-",0,351.428,0.222,3.0,112.73,3.0,4.0
26787-78-0 (anhydrous),0,365.411,0.024,4.0,132.96,3.0,4.0
amiloride,0,349.412,0.318,3.0,112.73,3.0,4.0
talampicillin,0,481.53,1.646,2.0,128.03,5.0,5.0
76497-13-7,0,594.668,-0.589,2.0,182.48,5.0,7.0
fumoxicillin,0,443.481,1.777,3.0,132.44,4.0,6.0
pirbenicillin,0,510.576,0.276,4.0,167.08,4.0,8.0
rotamicillin,0,549.653,1.458,4.0,140.2,5.0,8.0
mezlocillin,0,539.592,-0.234,3.0,173.5,4.0,6.0
piroxicillin,0,672.702,0.361,8.0,266.01,5.0,9.0
apalcillin,0,521.555,1.026,4.0,161.56,5.0,6.0
piridicillin,0,729.79,-0.174,7.0,246.74,5.0,13.0
suncillin,0,429.476,-0.248,4.0,153.11,3.0,6.0
fenbenicillin,0,425.506,3.085,2.0,92.7,4.0,6.0
sulbenicillin,0,414.461,0.247,3.0,141.08,3.0,5.0
mls002694856,0,341.433,0.28,3.0,112.73,3.0,3.0
amantocillin,0,393.509,0.916,3.0,112.73,6.0,3.0
adicillin,0,359.404,-0.8,4.0,150.03,2.0,7.0
phenoxymethylpenicillin,0,350.396,0.697,2.0,95.94,3.0,5.0
schembl34286,0,416.415,0.573,3.0,149.79,4.0,4.0
tazobactam,0,300.296,-1.523,1.0,122.46,3.0,3.0
amcinafide,1,496.575,3.556,2.0,93.06,6.0,3.0
oxisopred,1,376.449,0.816,3.0,111.9,4.0,2.0
cloprednol,1,392.879,1.9,3.0,94.83,4.0,2.0
schembl24949,1,392.879,1.983,2.0,91.67,4.0,2.0
fluocinolone,1,412.429,0.569,4.0,115.06,4.0,2.0
fernisone,1,358.434,1.766,2.0,91.67,4.0,2.0
prednisolut,1,460.523,1.973,3.0,138.2,4.0,6.0
naflocort,1,464.577,3.93,2.0,74.6,6.0,2.0
dichlorisone,1,413.341,3.166,2.0,74.6,4.0,2.0
alfadolone,1,348.483,2.747,2.0,74.6,4.0,2.0
grepafloxacin,0,372.4,1.742,2.0,101.45,5.0,3.0
corticosterone,0,346.467,2.667,2.0,74.6,4.0,2.0
hydrocortisone,0,362.466,1.782,3.0,94.83,4.0,2.0
hydrocortisone-hemisuccinate,1,462.539,2.197,3.0,138.2,4.0,6.0
ft-0675254,1,378.534,2.719,3.0,74.6,4.0,2.0
chembl2068761,0,360.45,2.003,2.0,83.83,5.0,2.0
chembl1161461,0,349.412,0.349,3.0,112.73,3.0,4.0
cefedrolor,0,397.84,0.804,4.0,132.96,3.0,4.0
cefadroxil,0,363.395,0.151,4.0,132.96,3.0,4.0
cefsumide,0,440.503,-0.184,4.0,158.9,3.0,6.0
cefrotil,0,414.487,0.728,3.0,111.1,4.0,5.0
cefalexin,0,461.54,1.245,2.0,128.03,3.0,6.0
pristinamycin iia,0,525.602,2.659,2.0,139.04,3.0,1.0
cortisuzol,1,672.8,4.841,3.0,156.02,7.0,6.0
methyldesorphine,1,269.344,2.227,1.0,32.7,5.0,0.0
aztreonam,0,435.44,-1.172,4.0,201.58,2.0,7.0
phendimetrazine,1,191.274,2.078,0.0,12.47,2.0,1.0
ketazocine,1,285.387,2.967,1.0,40.54,4.0,2.0
amphotericinb,0,924.091,0.712,12.0,319.61,3.0,3.0
medrysone,1,346.467,3.436,2.0,74.6,4.0,1.0
protriptyline,1,374.477,1.804,3.0,94.83,4.0,2.0
methylprednisolone21hemisuccinate (methylprednisolone-hemisuccinate),1,474.55,2.219,3.0,138.2,4.0,6.0
schembl13026158,1,408.922,2.021,3.0,94.83,4.0,2.0
db-051804,1,444.902,2.41,3.0,94.83,4.0,2.0
halocortolone,1,412.904,3.975,1.0,54.37,4.0,2.0
schembl13026145,1,410.913,2.998,2.0,74.6,4.0,2.0
clocortolone-pivalate,1,495.031,4.595,1.0,80.67,4.0,3.0
flumethasone (flumetasone and diflorasone),1,410.457,1.844,3.0,94.83,4.0,2.0
flumethasone21pivalate (flumetasone-pivalate),1,494.575,3.441,2.0,100.9,4.0,3.0
diflucortolone,1,394.458,2.729,2.0,74.6,4.0,2.0
"[2-(6,9-difluoro-11-hydroxy-10,13,16-trimethyl-3-oxo-7,8,11,12,14,15,16,17-octahydro-6h-cyclopenta[a]phenanthren-17-yl)-2-oxoethyl] 2,2-dimethylpropanoate",1,478.576,4.326,1.0,80.67,4.0,3.0
"pregna-1,4-diene-3,20-dione, 9-chloro-11,17,21-trihydroxy-16-methyl-, (11.beta.,16.beta.)-",1,408.922,2.165,3.0,94.83,4.0,2.0
mometasone (mometasone-furoate),1,521.437,4.869,1.0,93.81,5.0,4.0
clobetasone,1,408.897,3.35,1.0,71.44,4.0,2.0
dimesone,1,390.495,3.171,2.0,74.6,4.0,2.0
"21-chloro-9-fluoro-11,17-dihydroxy-16-methylpregna-1,4-diene-3,20-dione",1,410.913,3.142,2.0,74.6,4.0,2.0
ft-0696623,1,496.575,3.76,2.0,100.9,5.0,4.0
desoxymetasone,1,376.468,2.781,2.0,74.6,4.0,2.0
meprednisone,1,372.461,2.012,2.0,91.67,4.0,2.0
schembl3457748,1,263.45,4.639,0.0,3.24,3.0,2.0
sb204484,0,392.406,2.082,3.0,100.59,4.0,3.0
oxazolam,1,328.799,3.214,1.0,41.57,4.0,1.0
valinomycin,0,1083.284,1.566,6.0,332.4,1.0,7.0
3-methylclonazepam,1,329.743,3.426,1.0,84.6,3.0,2.0
fluotracene,1,347.424,5.644,0.0,3.24,3.0,4.0
ectylurea,1,156.185,0.538,2.0,72.19,0.0,2.0
crotetamide,1,226.32,1.278,0.0,40.62,0.0,5.0
cropropamide,1,240.347,1.668,0.0,40.62,0.0,6.0
cefprozil,0,389.433,0.707,4.0,132.96,3.0,5.0
nicocortonide,1,535.637,4.121,1.0,112.02,6.0,5.0
efrotomycin,0,1145.347,2.751,8.0,302.08,5.0,24.0
rimexolone,1,370.533,4.497,1.0,54.37,4.0,2.0
eclanamine,1,329.271,4.219,0.0,23.55,2.0,4.0
lofentanil,1,408.542,3.926,0.0,49.85,3.0,7.0
clobetasol-propionate,1,466.977,4.103,1.0,80.67,4.0,4.0
stl504716,1,472.578,3.335,1.0,106.97,4.0,5.0
db-086784,1,460.567,3.313,1.0,106.97,4.0,5.0
amelometasone,1,462.558,3.511,1.0,89.9,4.0,5.0
ticabesone (ticabesone-propionate),1,482.589,4.133,1.0,80.67,4.0,3.0
schembl15311037,1,517.034,4.699,1.0,80.67,4.0,4.0
betameprodine,1,275.392,3.197,0.0,29.54,2.0,4.0
diproleandomycin,0,799.996,3.83,1.0,178.12,4.0,10.0
erythromycin-propionate,0,790.001,2.747,4.0,199.98,3.0,9.0
midecamycin,0,813.979,2.767,3.0,206.05,3.0,12.0
alclometasone-dipropionate,1,521.05,3.943,1.0,106.97,4.0,6.0
beclomethasonedipropionate (beclometasone-dipropionate),1,521.05,4.087,1.0,106.97,4.0,6.0
betamethasone dipropionate,1,504.595,3.818,1.0,106.97,4.0,6.0
mcule-1097746976,1,508.558,3.328,1.0,99.13,5.0,4.0
cp107,0,424.534,2.44,4.0,124.29,2.0,10.0
mls002702124,1,390.52,3.95,1.0,72.83,3.0,6.0
bacitracin,0,1422.72,-1.678,17.0,530.87,4.0,35.0
ritonavir,0,204.314,-0.293,4.0,64.52,0.0,9.0
gramicidin-s-3,0,1115.432,0.764,10.0,339.45,4.0,33.0
skb-i,0,446.554,6.028,1.0,59.81,5.0,7.0
nalorphine,1,382.463,5.489,2.0,62.22,4.0,5.0
skb-e,0,468.553,6.027,2.0,88.52,4.0,10.0
chembl73284,1,467.613,6.113,1.0,54.46,4.0,10.0
chembl70250,0,522.649,5.03,3.0,92.35,5.0,10.0
chembl305241,0,587.676,6.219,3.0,117.62,5.0,12.0
chembl69942,0,544.655,5.916,2.0,93.21,5.0,11.0
3924-70-7,1,462.558,3.199,2.0,93.06,5.0,4.0
57576-44-0,0,811.878,3.158,4.0,217.05,7.0,9.0
rodorubicin,0,941.037,3.107,5.0,241.91,9.0,9.0
desacetylvinblastine amide,0,753.941,2.732,5.0,164.82,9.0,6.0
conorphone (conorfone),1,367.489,3.35,0.0,38.77,6.0,4.0
emetine,0,480.649,4.943,1.0,52.19,5.0,7.0
virginiamycin-factor-s1,0,823.904,1.204,4.0,224.72,6.0,6.0
gramicidin-s-2,0,1127.443,0.982,10.0,325.46,5.0,16.0
ft-0668653,0,751.927,1.878,5.0,193.91,3.0,7.0
53066-26-5,0,762.979,2.219,5.0,198.43,3.0,8.0
roxithromycin,0,837.058,2.21,5.0,216.89,3.0,13.0
erythrogran,0,733.937,1.786,5.0,193.91,3.0,7.0
berythromycin,0,717.938,2.671,4.0,173.68,3.0,7.0
dirithromycin,0,835.086,2.202,5.0,196.33,4.0,12.0
azithromycin dihydrate,0,748.996,1.901,5.0,180.08,3.0,7.0
"hydro-2h-pyran-2-yl]oxy}-7-methoxy-3,5,7,9,11,13-hexame",0,747.964,2.44,4.0,182.91,3.0,8.0
cefcapene,0,453.502,0.353,4.0,177.94,3.0,7.0
5-ethyl-5-(1-methylbutenyl)barbituric acid,1,224.26,1.105,2.0,75.27,1.0,3.0
schembl448850,1,478.988,4.701,0.0,77.51,4.0,5.0
13609-67-1,1,432.557,3.133,2.0,100.9,4.0,5.0
ft-0669272,1,488.621,4.094,1.0,106.97,4.0,7.0
icometasone-enbutate,1,521.05,4.087,1.0,106.97,4.0,6.0
amebucort,1,488.621,3.949,1.0,106.97,4.0,6.0
difluprednate,1,508.558,3.52,1.0,106.97,4.0,6.0
domoprednate,1,428.569,4.326,1.0,80.67,4.0,4.0
meclorisone (meclorisone-dibutyrate),1,567.55,6.114,0.0,86.74,4.0,8.0
acetorphine,1,453.579,3.383,1.0,68.23,7.0,5.0
picenadol,1,247.382,3.402,1.0,23.47,2.0,3.0
clindamycin,0,424.991,0.39,4.0,102.26,2.0,7.0
clindamycin-phosphate,0,504.97,0.507,5.0,148.79,2.0,9.0
oxanamide,1,157.213,0.819,1.0,55.62,1.0,4.0
itrocinonide,1,568.61,4.258,1.0,117.59,5.0,6.0
rofleponide,1,468.537,2.981,2.0,93.06,5.0,4.0
betamethasone-valerate,1,476.585,3.637,2.0,100.9,4.0,6.0
fluprednisolone-valerate,1,462.558,3.247,2.0,100.9,4.0,6.0
westcort,1,446.584,3.523,2.0,100.9,4.0,6.0
ft-0675704,0,374.434,-1.755,5.0,129.51,3.0,5.0
caproxamine,1,263.385,2.837,2.0,73.63,1.0,8.0
tonazocine,1,357.538,4.846,1.0,40.54,3.0,7.0
cesamet,1,372.549,6.264,1.0,46.53,3.0,6.0
myrophine,1,585.829,8.324,0.0,48.0,6.0,16.0
prednisolone-steaglate,1,684.955,7.913,2.0,127.2,4.0,21.0
eptastigmine,1,359.514,4.115,1.0,44.81,3.0,7.0
estradiol,1,395.572,4.913,1.0,35.58,4.0,6.0
gr89696_pr,1,442.387,3.691,0.0,53.09,3.0,6.0
milnacipran,1,246.354,1.771,1.0,46.33,2.0,5.0
rifamide,0,810.938,5.296,5.0,210.62,5.0,7.0
lysuride,1,338.455,2.841,2.0,51.37,4.0,3.0
lysuride,1,340.471,2.932,2.0,51.37,4.0,3.0
hydrocortamate,1,475.626,2.674,2.0,104.14,4.0,7.0
dan 523; methicillin 2-(diethylamino)ethyl ester,0,479.599,1.75,1.0,97.41,3.0,10.0
64795-23-9,1,376.526,2.056,2.0,68.44,4.0,5.0
rifamexil,0,809.979,6.504,5.0,197.21,5.0,5.0
(s)-remoxipride,1,371.275,2.68,1.0,50.8,2.0,6.0
cefoperazone impurity f,0,645.68,-1.112,4.0,220.26,5.0,9.0
piperacillin,0,517.564,-0.24,3.0,156.43,4.0,6.0
cinromide,1,254.127,2.598,1.0,29.1,1.0,3.0
d-threo-.alpha.-benzyl-n-ethyltetrahydrofurfurylamine,1,219.328,2.386,1.0,21.26,2.0,5.0
"4-amino-3-{[3-amino-6-(aminomethyl)-3,4-dihydro-2h-pyran-2-yl]oxy}-6-(ethylamino)-2-hydroxycyclohexyl 3-deoxy-4-c-methyl-3-(methylamino)pentopyranoside",0,475.587,-3.201,8.0,199.73,3.0,8.0
enalapril,0,376.453,1.605,2.0,95.94,2.0,9.0
bervastatin,1,466.549,4.954,2.0,75.99,4.0,8.0
erythromycin-ethylsuccinate,0,862.064,2.68,4.0,226.28,3.0,12.0
calcium-folinate,1,428.36,3.301,0.0,53.09,3.0,5.0
bacmecillinam,0,441.55,2.384,0.0,97.74,3.0,6.0
73771-04-7,1,488.577,3.699,1.0,116.2,4.0,6.0
"erythromycin, ethyl carbonate",0,806.0,2.966,4.0,209.21,3.0,9.0
137-76-8,1,426.495,3.01,1.0,133.94,1.0,10.0
minaxolone,1,405.623,4.15,1.0,49.77,4.0,4.0
lirequinil,1,448.95,4.643,0.0,51.54,5.0,4.0
nafcillin,0,414.483,2.484,2.0,95.94,4.0,5.0
reboxetine,1,313.397,3.194,1.0,39.72,3.0,6.0
tipredane,1,410.62,5.17,1.0,37.3,4.0,3.0
piquindone,1,246.354,2.192,1.0,36.1,3.0,1.0
brifentanil,1,420.489,0.989,0.0,85.49,3.0,8.0
avizafone,1,430.936,2.106,3.0,118.52,2.0,10.0
ici199441,1,391.342,4.831,0.0,23.55,3.0,6.0
chembl118865,1,425.4,4.56,0.0,32.78,4.0,4.0
u50488,1,369.336,4.401,0.0,23.55,3.0,4.0
sulfadiazine,0,353.466,2.078,2.0,69.8,3.0,6.0
119356-76-2,1,305.421,4.912,0.0,12.47,3.0,6.0
apicycline,0,630.651,-1.719,8.0,231.64,5.0,7.0
pecocycline,0,585.61,0.014,7.0,208.17,5.0,5.0
doxycycline,0,527.574,0.313,6.0,170.87,5.0,4.0
db-086626,0,805.863,0.18,9.0,266.37,7.0,9.0
"lymecycline, antibiotic for culture media use only",0,602.641,-0.611,9.0,242.98,4.0,10.0
ft-0774985,0,508.911,-0.137,7.0,187.86,4.0,3.0
cefoxitin,0,478.885,0.282,6.0,181.62,4.0,2.0
demeclocycline hydrochloride,0,464.858,0.108,6.0,181.62,4.0,2.0
nitrocycline,0,459.411,-0.128,5.0,204.53,4.0,3.0
79-57-2,0,460.439,-1.4,7.0,201.85,4.0,2.0
tetracycline hydrochloride,0,444.44,-0.371,6.0,181.62,4.0,2.0
demecycline,0,430.413,-0.545,6.0,181.62,4.0,2.0
amicycline,0,429.429,-0.454,6.0,187.41,4.0,2.0
clemeprol,1,289.806,3.394,1.0,23.47,2.0,5.0
zimeldine,1,317.23,3.837,0.0,16.13,2.0,4.0
elanzepine,1,312.844,4.649,1.0,15.27,3.0,3.0
dothiepin,1,295.451,4.676,0.0,3.24,3.0,3.0
chlorprothixene,1,315.869,5.188,0.0,3.24,3.0,3.0
cefotiam,0,525.642,-0.653,3.0,172.46,4.0,10.0
cinfenine,1,357.497,5.438,0.0,12.47,3.0,9.0
etamocycline,0,1001.056,-0.688,12.0,341.74,8.0,11.0
ethosuximide,0,265.222,-2.891,5.0,151.92,1.0,3.0
ricasetron,1,313.445,3.119,1.0,35.58,4.0,1.0
schembl6695569,1,393.531,3.862,1.0,54.34,5.0,3.0
delergotrile,1,265.36,3.042,1.0,42.82,4.0,1.0
romergoline,1,350.422,0.996,2.0,68.44,5.0,2.0
bdbm86527,1,362.499,1.287,1.0,57.58,4.0,3.0
losindole,1,297.829,4.206,0.0,3.24,4.0,1.0
schembl8989362,1,377.488,3.613,0.0,36.02,5.0,1.0
5-methyldihydromorphinone,1,299.37,2.02,1.0,49.77,5.0,0.0
hydromorphone,1,285.343,1.63,1.0,49.77,5.0,0.0
methyldihydromorphine,1,301.386,1.812,2.0,52.93,5.0,0.0
hydromorphinol,1,303.358,0.537,3.0,73.16,5.0,0.0
nicomorphine,1,495.535,3.366,0.0,90.85,7.0,4.0
sankyo,1,370.324,2.774,0.0,26.79,3.0,4.0
"(z)-2-(2-chloro-10-(4-methylpiperazin-1-yl)-5h-dibenzo[a,d][7]annulen-5-ylidene)acetonitrile",1,361.876,4.354,0.0,30.27,4.0,1.0
tenilapine,1,340.477,3.404,0.0,42.63,4.0,0.0
loprazolam,1,464.913,2.933,0.0,94.65,5.0,3.0
akos022180860,1,442.6,1.813,2.0,81.08,5.0,3.0
orbinamon,1,443.638,3.471,0.0,43.86,4.0,5.0
berupipam,1,408.723,4.363,1.0,32.7,4.0,1.0
odapipam,1,329.827,3.6,1.0,32.7,4.0,1.0
apomorphine_r,1,267.328,2.85,2.0,43.7,4.0,0.0
tuclazepam,1,335.234,3.642,1.0,35.83,3.0,2.0
aspoxicillin,0,493.542,-1.355,6.0,191.16,3.0,8.0
moxadolen,1,223.228,0.664,1.0,64.63,3.0,1.0
1404-90-6,0,1449.271,0.106,19.0,530.49,12.0,13.0
chlordiazepoxide,1,299.761,2.951,1.0,50.46,3.0,1.0
sisomicin,0,447.533,-3.851,8.0,213.72,3.0,6.0
gentamicinc1a,0,449.549,-3.977,8.0,213.72,3.0,6.0
streptomycin a,0,581.58,-8.161,12.0,336.43,3.0,9.0
"1,1'-[4-({5-deoxy-2-o-[2-deoxy-2-(methylamino)hexopyranosyl]-3-c-(hydroxymethyl)pentofuranosyl}oxy)-2,5,6-trihydroxycyclohexane-1,3-diyl]diguanidine",0,583.596,-8.368,13.0,339.59,3.0,9.0
37321-09-8,0,539.583,-6.949,11.0,283.64,4.0,6.0
chembl296602,1,292.209,4.79,1.0,12.03,3.0,2.0
oxaprotiline,1,293.41,3.182,2.0,32.26,5.0,4.0
almoxatone,1,346.814,3.464,1.0,50.8,3.0,6.0
nomelidine,1,303.203,3.495,1.0,24.92,2.0,4.0
acmc-20dibf,0,399.513,-0.426,5.0,122.13,3.0,8.0
atomoxetine,1,255.361,3.725,1.0,21.26,2.0,6.0
nemonapride,1,387.911,3.783,2.0,53.6,3.0,6.0
chloroserpidine,1,613.107,4.816,1.0,108.55,6.0,7.0
teicoplanin,0,1446.182,2.841,18.0,504.47,14.0,5.0
gr 89696 (fumarate),1,414.333,2.911,0.0,53.09,3.0,4.0
plicamycin,1,1085.156,-0.249,11.0,358.2,8.0,15.0
clometocillin,0,433.313,2.313,2.0,95.94,3.0,5.0
flumoxonide,1,496.547,2.993,1.0,91.29,5.0,4.0
"temocillin, antibiotic for culture media use only",0,414.461,0.522,3.0,133.24,3.0,6.0
cephalosporin-c,0,557.617,-0.359,3.0,200.63,4.0,8.0
ctk8a5118,0,496.474,-1.291,3.0,169.0,3.0,11.0
ctk7d0713,0,471.546,-0.728,2.0,163.33,3.0,9.0
75481-73-1,0,519.587,-1.84,4.0,202.86,3.0,11.0
schembl7766649,0,427.46,0.099,3.0,148.26,3.0,7.0
mitomycin,0,334.332,-1.651,3.0,146.89,4.0,3.0
cyprenorphine,1,423.553,3.164,2.0,62.16,8.0,4.0
diprenorphine,1,425.569,3.388,2.0,62.16,8.0,4.0
buprenorphine,1,467.65,4.414,2.0,62.16,8.0,4.0
astromicin,0,405.496,-3.585,6.0,192.54,2.0,6.0
1392-21-8,0,701.851,0.846,5.0,193.91,3.0,8.0
spiramycin i,0,843.065,2.325,4.0,195.38,4.0,11.0
josamycin,0,828.006,3.013,3.0,206.05,3.0,12.0
novobiocin,0,612.632,3.627,5.0,200.01,4.0,8.0
rifapentine,0,877.045,5.648,6.0,220.15,7.0,5.0
rifabutin,0,847.019,4.749,5.0,209.04,6.0,4.0
rifaximin,0,785.891,6.158,5.0,198.38,6.0,2.0
rifamycin,0,697.778,4.754,6.0,201.31,5.0,2.0
oleandomycin,0,687.868,1.909,3.0,165.98,4.0,6.0
troleandomycin,0,813.979,3.621,0.0,184.19,4.0,9.0
70209-81-3,0,861.079,5.211,3.0,170.06,7.0,7.0
sanfetrinem,0,265.309,0.476,1.0,66.84,3.0,3.0
valperinol,1,297.395,1.203,1.0,51.16,5.0,3.0
"2-methoxyacetic acid [2-[2-[3-(1h-benzimidazol-2-yl)propyl-methylamino]ethyl]-6-fluoro-1-propan-2-yl-3,4-dihydro-1h-naphthalen-2-yl] ester",0,495.639,5.271,1.0,67.45,4.0,11.0
cefdaloxime,0,413.437,-0.711,4.0,167.44,3.0,6.0
cefpodoxime,0,427.464,-0.539,3.0,156.44,3.0,7.0
befloxatone,1,349.305,2.35,1.0,68.23,2.0,7.0
clovoxamine,1,284.787,2.836,1.0,56.84,1.0,9.0
sarpicillin,0,433.53,1.474,1.0,88.18,4.0,5.0
cerivastatin,1,459.558,4.881,3.0,99.88,2.0,11.0
oximonam,0,357.348,-1.192,3.0,156.44,2.0,7.0
gloximonam,0,471.492,-0.392,2.0,171.74,2.0,9.0
cefetamet,0,397.438,-0.166,3.0,147.21,3.0,5.0
ceftiolene,0,594.613,-1.436,4.0,232.03,4.0,10.0
cefditoren,0,506.591,1.293,3.0,160.1,4.0,7.0
cefuracetime,0,423.403,-0.068,2.0,147.74,3.0,7.0
chloramphenicol,0,455.474,-0.622,3.0,173.51,3.0,7.0
ceftioxide,0,471.473,-1.607,3.0,196.57,3.0,7.0
cefuroxime,0,424.391,-0.536,3.0,173.76,3.0,7.0
ceftiofur,0,523.574,0.981,3.0,177.42,4.0,8.0
cefuzonam,0,513.608,0.458,3.0,172.99,4.0,8.0
ceftriaxone,0,554.592,-1.611,4.0,214.96,4.0,8.0
cefodizime,0,584.683,0.999,4.0,197.4,4.0,10.0
cefmenoxime,0,511.571,-0.87,3.0,190.81,4.0,8.0
ceftetrame,0,479.504,-1.19,3.0,190.81,4.0,7.0
ceftizoxime,0,383.411,-0.556,3.0,147.21,3.0,5.0
cefuroxime-pivoxetil,0,568.561,0.237,2.0,198.29,3.0,11.0
cefuroxime-axetil,0,510.481,-0.168,2.0,189.06,3.0,9.0
ceftizoxime alapivoxil (ky020),0,568.634,0.153,3.0,191.61,3.0,9.0
milameline,1,154.213,0.881,0.0,24.83,1.0,2.0
roletamide,1,289.331,2.281,0.0,48.0,2.0,6.0
cinoctramide,1,333.428,3.518,0.0,48.0,2.0,5.0
"3-(3,4,5-trimethoxyphenyl)prop-2-enamide",1,237.255,1.211,1.0,70.78,1.0,5.0
trimopam,1,297.398,3.324,0.0,21.7,3.0,3.0
diosmin,0,608.549,-1.09,8.0,238.2,5.0,7.0
ciladopa,1,370.449,1.92,1.0,62.24,3.0,6.0
gr94839_f,0,375.469,0.364,1.0,73.32,3.0,5.0
panamesine,1,426.469,2.733,1.0,80.7,5.0,5.0
dimeprozan,1,295.382,4.184,0.0,21.7,3.0,4.0
dextromethorphan,1,271.404,3.383,0.0,12.47,4.0,1.0
levopromazine,1,328.481,4.496,0.0,15.71,3.0,5.0
noscapine,1,413.426,2.882,0.0,75.69,5.0,4.0
drotebanol,1,333.428,1.478,2.0,62.16,4.0,2.0
reserpine,1,608.688,4.314,1.0,117.78,6.0,8.0
hydrocodone,1,299.37,1.933,0.0,38.77,5.0,1.0
"codeine, dihydro-",1,301.386,1.725,1.0,41.93,5.0,1.0
tropapride,1,380.488,3.629,1.0,50.8,4.0,6.0
tramadol,1,263.381,2.635,1.0,32.7,2.0,4.0
pirarubicin,0,627.643,1.552,5.0,204.3,6.0,7.0
4'-deoxyadriamycin,0,527.526,1.03,5.0,185.84,5.0,5.0
leurubicin,0,656.685,0.532,7.0,235.17,5.0,9.0
zorubicin,0,645.665,2.246,6.0,210.23,6.0,6.0
hydrochlorothiazide,0,527.526,1.029,5.0,185.84,5.0,4.0
adriamycinol-aglycone,0,416.382,-0.054,6.0,164.75,4.0,3.0
alnespirone,1,442.6,4.106,1.0,67.87,4.0,10.0
umespirone,1,512.651,2.392,0.0,90.47,4.0,7.0
florfenicol,1,358.218,1.381,2.0,83.47,1.0,6.0
timobesone-acetate,1,450.572,3.795,1.0,80.67,4.0,2.0
sumacetamol,1,324.402,1.808,2.0,84.5,1.0,7.0
gr94839_b,0,391.537,1.077,1.0,64.09,3.0,5.0
benzaprinoxide,1,325.839,5.22,0.0,23.06,3.0,3.0
cefpiramide,0,612.65,-0.086,5.0,212.5,5.0,9.0
amiflamine,1,192.306,1.951,1.0,29.26,1.0,3.0
schembl4111708,1,255.405,3.683,0.0,3.24,4.0,0.0
ropizine,1,370.5,4.131,0.0,31.73,4.0,5.0
ralitoline,1,296.779,2.634,1.0,49.41,2.0,2.0
ifoxetine,1,221.3,1.405,2.0,41.49,2.0,2.0
piriqualone,1,339.398,4.26,0.0,47.78,4.0,3.0
109857-64-9,1,375.559,5.045,1.0,40.54,3.0,6.0
prazocillin,0,469.35,2.733,2.0,104.53,4.0,4.0
cefaparole,0,493.592,1.083,4.0,158.74,4.0,7.0
cefcanel,0,478.577,1.411,3.0,132.72,4.0,7.0
cefazedone,0,548.455,1.846,2.0,134.49,4.0,7.0
cefazolin,0,454.519,-0.636,2.0,156.09,4.0,7.0
lenampicillin hydrochloride,0,461.496,0.832,2.0,145.08,4.0,6.0
dicloxacillin sodium,0,470.334,3.202,2.0,112.74,4.0,4.0
chembl1622855,0,453.879,2.688,2.0,112.74,4.0,4.0
cefamandole,0,401.444,1.895,2.0,112.74,4.0,4.0
ampicillin,0,435.889,2.549,2.0,112.74,4.0,4.0
loreclezole,1,274.538,3.779,0.0,30.71,2.0,2.0
lorcinadol,1,314.82,2.965,0.0,32.26,3.0,4.0
nuclotixene,1,353.918,5.578,0.0,3.24,6.0,1.0
7-[(2-hydroxy-2-phenylacetyl)amino]-3-[(1-methyltetrazol-5-yl)sulfanylmethyl]-8-oxo-5-thia-1-azabicyclo[4.2.0]oct-2-ene-2-carboxylic acid,0,462.513,-0.226,3.0,150.54,4.0,7.0
cefazaflur,0,470.48,0.294,2.0,130.31,3.0,7.0
cefivitril,0,453.531,-0.189,2.0,154.1,3.0,8.0
lorpiprazole,1,405.468,3.559,0.0,37.19,5.0,4.0
"3-(1,3-benzodioxol-5-yloxymethyl)-4-(4-fluorophenyl)piperidine",1,329.371,3.327,1.0,39.72,4.0,4.0
xantocillin,0,288.306,3.612,2.0,88.04,2.0,3.0
schembl2465734,1,172.231,1.787,1.0,35.82,2.0,2.0
carumonam,0,466.41,-2.876,5.0,253.9,2.0,9.0
robalzotan,1,318.392,2.635,1.0,55.56,4.0,4.0
51627-14-6,0,462.513,0.041,5.0,174.53,4.0,7.0
loracarbef,0,349.774,0.711,3.0,112.73,3.0,4.0
cefaclor,0,367.814,0.621,3.0,112.73,3.0,4.0
dl-tryptophan,1,204.229,1.122,3.0,79.11,2.0,3.0
tranylcypromine,1,133.194,1.501,1.0,26.02,2.0,1.0
119386-96-8,1,197.228,2.57,1.0,26.02,1.0,4.0
neomycinbas2ethylbutyrate (framycetin),0,614.65,-8.895,13.0,353.11,4.0,9.0
"5-amino-2-(aminomethyl)-6-(4,6-diamino-2,3-dihydroxycyclohexyl)oxyoxane-3,4-diol",0,322.362,-5.116,8.0,203.46,2.0,3.0
tenebrimycin,0,467.52,-6.296,10.0,268.17,3.0,6.0
arbekacin,0,552.626,-6.399,11.0,297.27,3.0,10.0
ceforanide,0,519.565,-0.71,4.0,193.63,4.0,10.0
cytarabin,1,243.219,-2.563,4.0,130.83,2.0,2.0
ceftibuten (stereochemistry not defined),0,410.433,-0.048,4.0,162.92,3.0,6.0
piroxicam,1,285.691,-0.297,3.0,119.31,3.0,2.0
buciclovir,1,239.235,-1.555,4.0,130.05,2.0,4.0
ilepcimide,1,259.305,2.441,0.0,38.77,3.0,2.0
chembl3989733,1,465.496,5.061,0.0,48.0,5.0,7.0
carbenicillin,1,354.416,3.725,0.0,23.55,3.0,4.0
bupropion,1,355.309,4.013,0.0,23.55,3.0,4.0
ici199441,0,416.349,1.108,2.0,67.25,3.0,6.0
sb205605,0,409.317,2.452,2.0,72.46,4.0,4.0
brl52974,0,393.318,3.481,1.0,52.23,4.0,4.0
busulfan,1,403.353,4.758,0.0,23.55,4.0,4.0
brl53080,1,409.382,4.819,0.0,23.55,4.0,4.0
gr91272,1,409.313,3.322,1.0,56.92,4.0,4.0
zalcitabine,1,393.314,4.351,0.0,36.69,4.0,4.0
brl52871,1,409.382,4.819,0.0,23.55,4.0,4.0
gr91272,0,409.317,2.382,1.0,61.6,4.0,4.0
schembl9044848,1,393.318,3.412,0.0,41.37,4.0,4.0
sb204484,1,394.306,2.807,0.0,54.26,4.0,4.0
65307-12-2,0,437.528,0.94,3.0,128.28,4.0,7.0
ceftezole,0,440.492,-0.944,2.0,156.09,4.0,7.0
va10527,0,542.577,-0.917,4.0,204.91,4.0,9.0
zalospirone,1,419.529,1.598,0.0,69.64,7.0,6.0
sm-9018 (free base),1,426.586,3.374,0.0,56.75,5.0,6.0
lortalamine,1,278.739,1.642,2.0,50.36,4.0,0.0
59388-44-2,1,196.25,0.277,1.0,49.41,2.0,1.0
cinperene,1,388.511,3.786,1.0,49.41,4.0,5.0
chembl33216,1,311.425,3.04,1.0,40.54,5.0,2.0
demoxepam,1,286.718,2.64,1.0,55.17,3.0,1.0
sb204454,0,439.343,2.201,2.0,81.75,4.0,4.0
schembl5783301,1,379.435,2.564,1.0,58.1,5.0,4.0
chloralose,1,309.529,-0.463,3.0,88.38,2.0,2.0
piflutixol,1,451.529,6.225,1.0,23.47,4.0,5.0
pinoxepin,1,398.934,3.664,1.0,35.94,4.0,5.0
temazepam,1,434.527,4.602,1.0,26.71,4.0,5.0
clopenthixol,1,400.975,4.236,1.0,26.71,4.0,5.0
salicin,1,286.28,-1.642,5.0,119.61,2.0,4.0
cyprazepam,1,339.826,3.731,1.0,50.46,4.0,3.0
dexoxadrol (dioxadrol and levoxadrol),1,309.409,3.445,1.0,30.49,4.0,3.0
sodiumamidotrizoate,0,619.963,1.121,3.0,95.5,1.0,3.0
ceftazidime,1,547.595,0.036,4.0,188.39,4.0,9.0
urea,0,360.45,1.846,2.0,91.67,4.0,3.0
amfetamine,0,924.091,0.712,12.0,319.61,3.0,3.0
1-chloro-4-propylbenzene,0,154.64,3.293,0.0,0.0,1.0,2.0
2-ethoxy-6-fluorophenylboronic acid,1,183.975,-0.096,2.0,49.69,1.0,3.0
bacitracin,0,1422.72,-1.678,17.0,530.87,4.0,35.0
bis-hydroxylated-l-663581,0,369.381,0.75,2.0,117.51,4.0,4.0
cp102,1,1085.156,-0.249,11.0,358.2,8.0,15.0
"4-(3,9-diazaspiro[5.5]undecan-3-yl)benzonitrile",0,255.365,2.528,1.0,39.06,3.0,1.0
carbamazepineepoxide,1,252.273,3.029,1.0,58.86,4.0,0.0
brl53080,1,409.382,4.819,0.0,23.55,4.0,4.0
cromoglicicacid,0,468.37,2.115,3.0,173.71,4.0,8.0
comanic acid,0,140.094,0.338,1.0,67.51,1.0,1.0
sb204457,0,439.343,2.201,2.0,81.75,4.0,4.0
nivacortol,1,430.567,5.558,1.0,38.05,6.0,1.0
cycotiamine,1,308.363,1.831,1.0,98.41,2.0,4.0
spirilene,1,393.506,4.048,1.0,35.58,4.0,5.0
efrotomycin,0,1145.347,2.751,8.0,302.08,5.0,24.0
isoprednidene,1,372.461,1.724,3.0,94.83,4.0,2.0
prednylidene,1,372.461,1.724,3.0,94.83,4.0,2.0
fluprednidene,1,390.451,1.816,3.0,94.83,4.0,2.0
meclocycline,0,476.869,0.059,6.0,181.62,4.0,2.0
cefdinir,0,395.422,-0.172,4.0,158.21,3.0,5.0
acrocinonide,1,432.488,2.195,2.0,93.06,5.0,3.0
alletorphine,1,437.58,3.72,2.0,62.16,7.0,6.0
almecillin,0,330.431,0.537,2.0,86.71,2.0,6.0
tacrolimus,0,804.031,4.639,3.0,178.36,4.0,7.0
viqualine,1,310.441,3.978,1.0,34.15,3.0,6.0
"(5r,6s)-3-[(3r)-1-ethanimidoylpyrrolidin-3-yl]sulfanyl-6-[(1r)-1-hydroxyethyl]-7-oxo-1-azabicyclo[3.2.0]hept-2-ene-2-carboxylic acid",0,339.417,0.699,3.0,104.93,3.0,4.0
ketoconazole,0,531.44,4.206,0.0,69.06,5.0,7.0
ornidazole,1,332.381,2.436,2.0,92.34,2.0,4.0
dichlorisone-acetate,1,455.378,3.736,1.0,80.67,4.0,3.0
fludrocortisone acetate,1,422.493,2.445,2.0,100.9,4.0,3.0
chloroprednisone-acetate,1,434.916,2.554,1.0,97.74,4.0,3.0
cortisone-acetate,1,402.487,2.561,1.0,97.74,4.0,3.0
dexamethasone-acetate,1,434.504,2.467,2.0,100.9,4.0,3.0
cortivazol,1,530.665,4.301,2.0,101.65,6.0,4.0
cormetasone-acetate,1,470.484,2.712,2.0,100.9,4.0,3.0
paramethasone-acetate,1,434.504,2.322,2.0,100.9,4.0,3.0
triamcinolone-diacetate,1,478.513,1.762,2.0,127.2,4.0,4.0
sch 31353,1,528.573,3.924,1.0,120.11,5.0,5.0
halopredone-acetate,1,559.4,3.462,1.0,106.97,4.0,4.0
diflorasone-diacetate,1,494.531,2.985,1.0,106.97,4.0,4.0
hms3264h15,1,441.524,2.563,1.0,102.26,5.0,3.0
fluazacort,1,459.514,2.655,1.0,102.26,5.0,3.0
formocortal,1,569.066,3.963,1.0,108.36,5.0,7.0
4533-89-5,1,476.541,2.846,1.0,99.13,5.0,3.0
spectrum_001092,1,494.531,2.938,1.0,99.13,5.0,3.0
cicortonide,1,566.066,4.287,1.0,115.08,5.0,6.0
clocortolone-acetate,1,452.95,3.569,1.0,80.67,4.0,3.0
acetiamine,1,366.443,1.79,1.0,115.48,1.0,8.0
chembl1624196,0,415.424,-1.13,4.0,176.33,2.0,9.0
cefacetrile,0,339.329,-0.798,2.0,136.8,2.0,5.0
penamecillin,0,406.46,0.84,1.0,102.01,3.0,6.0
sedecamycin,0,501.576,2.288,2.0,136.07,3.0,3.0
docetaxel,0,807.89,3.26,5.0,224.45,6.0,8.0
acebrochol,1,588.509,8.93,0.0,26.3,4.0,6.0
sr-05000001633,0,516.719,5.666,3.0,104.06,4.0,5.0
fluorometholone-acetate,1,418.505,3.494,1.0,80.67,4.0,2.0
deprodone,1,344.451,2.585,2.0,74.6,4.0,1.0
doxibetasol,1,376.468,2.923,2.0,74.6,4.0,1.0
descinolone-acetonide,1,418.505,3.446,1.0,72.83,5.0,1.0
algestone acetonide,1,386.532,4.608,0.0,52.6,5.0,1.0
renanolone,1,332.484,3.774,1.0,54.37,4.0,1.0
ccd 1042,1,332.528,4.985,1.0,37.3,4.0,1.0
cyclopregnol,1,316.485,4.205,1.0,37.3,5.0,1.0
pregnenolone,1,316.485,4.515,1.0,37.3,4.0,1.0
pregnenolone succinate,1,416.558,4.931,1.0,80.67,4.0,5.0
endrysone,1,342.479,3.716,1.0,54.37,4.0,1.0
idarubicin,0,497.5,1.02,5.0,176.61,5.0,3.0
carminomycin,0,513.499,0.726,6.0,196.84,5.0,3.0
cetofenicol,1,320.172,1.203,3.0,86.63,1.0,6.0
tixocortol-pivalate,1,462.652,4.316,2.0,80.67,4.0,3.0
schembl2109497,0,546.045,2.987,3.0,125.04,4.0,8.0
pentazocine,1,285.431,3.883,1.0,23.47,3.0,2.0
gramicidin-b,0,1843.295,3.891,20.0,533.2,7.0,53.0
pagoclone,1,407.901,5.38,0.0,63.16,4.0,6.0
valinegramicidin a,0,1882.332,4.372,21.0,548.99,8.0,53.0
furbucillin,0,424.475,1.483,2.0,126.15,3.0,7.0
gramicidin-s,0,1141.47,1.228,10.0,325.46,5.0,16.0
gramicidin-j2,0,686.899,-0.135,7.0,231.84,2.0,21.0
cilobamine,1,328.283,4.368,2.0,32.26,4.0,3.0
amesergide,1,393.575,4.631,1.0,37.27,5.0,3.0
fluperolone,1,392.467,2.038,3.0,94.83,4.0,2.0
pheneticillin,0,364.423,1.086,2.0,95.94,3.0,5.0
methastyridone,1,217.268,1.951,1.0,38.33,2.0,2.0
halcinonide,1,454.966,3.889,1.0,72.83,5.0,2.0
drocinonide,1,438.536,2.723,2.0,93.06,5.0,2.0
schembl19681909,1,434.504,2.275,2.0,93.06,5.0,2.0
fluclorolone-acetonide,1,487.395,3.883,1.0,72.83,5.0,2.0
fluocinolone-acetonide,1,452.494,2.367,2.0,93.06,5.0,2.0
fludroxycortide,1,436.52,2.499,2.0,93.06,5.0,2.0
tralonide,1,489.386,4.86,0.0,52.6,5.0,2.0
desonide,1,416.514,2.327,2.0,93.06,5.0,2.0
triclonide,1,505.841,5.129,0.0,52.6,5.0,2.0
ft-0770806,0,375.41,1.67,2.0,135.47,3.0,5.0
oxetacillin,0,405.476,1.117,3.0,110.18,4.0,3.0
fumoxicillin,0,443.481,1.777,3.0,132.44,4.0,6.0
amantocillin,0,393.509,0.916,3.0,112.73,6.0,3.0
adicillin,0,359.404,-0.8,4.0,150.03,2.0,7.0
thiphencillin,0,366.464,1.41,2.0,86.71,3.0,5.0
sultamicillin,0,594.668,-0.589,2.0,182.48,5.0,7.0
pirbenicillin,0,510.576,0.276,4.0,167.08,4.0,8.0
apalcillin,0,521.555,1.026,4.0,161.56,5.0,6.0
d-camphor,1,152.237,2.402,0.0,17.07,2.0,0.0
tigemonam,0,437.412,-1.629,4.0,210.81,2.0,8.0
tricinolone acetophenonide,1,496.575,3.556,2.0,93.06,6.0,3.0
halopredone,1,475.326,2.32,3.0,94.83,4.0,2.0
cefsumide,0,440.503,-0.184,4.0,158.9,3.0,6.0
cortisuzol,1,672.8,4.841,3.0,156.02,7.0,6.0
methyldesorphine,1,283.371,2.617,1.0,32.7,5.0,0.0
virginiamycin-factor-m1,0,525.602,2.659,2.0,139.04,3.0,1.0
valinomycin,0,1111.338,2.343,6.0,332.4,1.0,9.0
lofentanil,1,408.542,3.926,0.0,49.85,3.0,7.0
dexamethasone-dipropionate,1,504.595,3.818,1.0,106.97,4.0,6.0
procinonide,1,508.558,3.328,1.0,99.13,5.0,4.0
levopropoxyphene,1,339.479,4.276,0.0,29.54,2.0,8.0
midecamycin,0,813.979,2.767,3.0,206.05,3.0,12.0
erythromycin propionate,0,790.001,2.747,4.0,199.98,3.0,9.0
schembl13321839,1,484.967,4.051,1.0,80.67,4.0,4.0
ticabesone-propionate,1,482.589,4.133,1.0,80.67,4.0,3.0
cloticasone-propionate,1,517.034,4.699,1.0,80.67,4.0,4.0
alphaprodine,1,261.365,2.807,0.0,29.54,2.0,3.0
rimexolone,1,370.533,4.497,1.0,54.37,4.0,2.0
resocortol,1,360.494,3.199,2.0,74.6,4.0,2.0
pentapiperium,0,304.454,3.598,0.0,26.3,2.0,5.0
propicillin,0,378.45,1.476,2.0,95.94,3.0,6.0
amcinafal,1,462.558,3.199,2.0,93.06,5.0,4.0
hydrocortisone-buteprate,1,488.621,4.094,1.0,106.97,4.0,7.0
meclorisone-dibutyrate,1,567.55,6.114,0.0,86.74,4.0,8.0
schembl19961204,1,508.558,3.52,1.0,106.97,4.0,6.0
budesonide,1,430.541,2.717,2.0,93.06,5.0,4.0
prednival,1,444.568,3.299,2.0,100.9,4.0,6.0
hydrocortisone-valerate,1,446.584,3.523,2.0,100.9,4.0,6.0
fluprednisolone valerate,1,462.558,3.247,2.0,100.9,4.0,6.0
71461-18-2,1,357.538,4.846,1.0,40.54,3.0,7.0
fluocortolone-caproate,1,474.613,4.768,1.0,80.67,4.0,7.0
mirincamycin,0,439.018,0.828,5.0,111.05,2.0,9.0
myrophine,1,585.829,8.324,0.0,48.0,6.0,16.0
prednisolone-steaglate,1,684.955,7.913,2.0,127.2,4.0,21.0
fluocortin-butyl,1,446.559,3.988,1.0,80.67,4.0,5.0
quinagolide,1,395.569,2.136,2.0,72.88,3.0,7.0
lincomycin,0,406.545,-0.857,5.0,122.49,2.0,7.0
itrocinonide,1,568.61,4.258,1.0,117.59,5.0,6.0
etorphine,1,411.542,3.164,2.0,62.16,7.0,4.0
rifametane,0,836.98,5.848,6.0,229.27,5.0,6.0
endomide,1,292.423,2.162,0.0,40.62,2.0,6.0
prednisolamate,1,473.61,2.45,2.0,104.14,4.0,7.0
hydrocortamate,1,475.626,2.674,2.0,104.14,4.0,7.0
tameticillin,0,479.599,1.75,1.0,97.41,3.0,10.0
rifamexil,0,809.979,6.504,5.0,197.21,5.0,5.0
chembl2218915,1,466.549,4.954,2.0,75.99,4.0,8.0
erythromycin-ethylsuccinate,0,862.064,2.68,4.0,226.28,3.0,12.0
erythromycin ethyl carbonate,0,806.0,2.966,4.0,209.21,3.0,9.0
loteprednol etabonate,1,466.958,3.917,1.0,99.13,4.0,4.0
tilidine,1,273.376,2.768,0.0,29.54,2.0,4.0
detorubicin,0,673.668,0.951,5.0,230.6,5.0,11.0
alphacetylmethadol,1,353.506,4.655,0.0,29.54,2.0,8.0
92278-12-1,0,1127.443,0.982,10.0,325.46,5.0,16.0
clarithromycin,0,747.964,2.44,4.0,182.91,3.0,8.0
aclarubicin,0,811.878,3.158,4.0,217.05,7.0,9.0
gramicidin-s-3,0,1115.432,0.764,10.0,339.45,4.0,33.0
alphamethadol,1,311.469,4.084,1.0,23.47,2.0,7.0
alphacetylmethadol,1,353.506,4.655,0.0,29.54,2.0,8.0
conorfone,1,367.489,3.35,0.0,38.77,6.0,4.0
lexithromycin,0,762.979,2.219,5.0,198.43,3.0,8.0
roxithromycin,0,837.058,2.21,5.0,216.89,3.0,13.0
berythromycin,0,717.938,2.671,4.0,173.68,3.0,7.0
azithromycin,0,748.996,1.901,5.0,180.08,3.0,7.0
ilotycin,0,733.937,1.786,5.0,193.91,3.0,7.0
vinblastine,0,810.989,3.991,3.0,154.1,9.0,7.0
emepronium,0,282.451,4.693,0.0,0.0,2.0,6.0
cefluprenam,0,557.61,-0.985,4.0,203.19,3.0,12.0
penimocycline,0,805.863,0.18,9.0,266.37,7.0,9.0
schembl2108206,1,315.501,4.392,0.0,12.47,3.0,6.0
guamecycline,0,626.671,-1.957,9.0,262.36,5.0,4.0
pipacycline,0,586.642,-1.173,7.0,194.34,5.0,6.0
lymecycline,0,602.641,-0.611,9.0,242.98,4.0,10.0
oxytetracycline,0,460.439,-1.4,7.0,201.85,4.0,2.0
schembl8989330,1,377.488,3.613,0.0,36.02,5.0,1.0
lortalamine,1,292.766,1.984,1.0,41.57,4.0,0.0
eptazocine,1,231.339,2.548,1.0,23.47,3.0,0.0
pentamorphone,1,368.477,2.296,2.0,75.79,5.0,5.0
desomorphine,1,271.36,2.451,1.0,32.7,5.0,0.0
methyldihydromorphine,1,301.386,1.812,2.0,52.93,5.0,0.0
delergotrile,1,265.36,3.042,1.0,42.82,4.0,1.0
tiomergine,1,347.487,4.225,1.0,31.92,5.0,3.0
homatropine,1,275.348,1.888,1.0,49.77,3.0,3.0
hyoscyamine,1,289.375,1.931,1.0,49.77,3.0,4.0
benztropine,1,307.437,4.418,0.0,12.47,4.0,4.0
aspoxicillin,0,493.542,-1.355,6.0,191.16,3.0,8.0
moxadolen,1,223.228,0.664,1.0,64.63,3.0,1.0
(+)-physostigmine,1,275.352,1.774,1.0,44.81,3.0,1.0
ketamine,1,237.73,2.765,1.0,29.1,2.0,2.0
tametraline,1,237.346,3.873,1.0,12.03,3.0,2.0
apramycin,0,539.583,-6.949,11.0,283.64,4.0,6.0
gentamicin c,0,449.549,-3.977,8.0,213.72,3.0,6.0
dihydrostreptomycin,0,583.596,-8.368,13.0,339.59,3.0,9.0
vancomycin,0,1449.271,0.106,19.0,530.49,12.0,13.0
isepamycin,0,569.609,-7.524,12.0,297.72,3.0,9.0
sabcomeline,1,193.25,0.854,0.0,48.62,3.0,2.0
oximonam,0,357.348,-1.192,3.0,156.44,2.0,7.0
cefditoren,0,506.591,1.293,3.0,160.1,4.0,7.0
cefotaxime,0,455.474,-0.622,3.0,173.51,3.0,7.0
cefodizime,0,584.683,0.999,4.0,197.4,4.0,10.0
cefpirome,0,515.597,0.291,3.0,151.09,5.0,7.0
cefozopran,0,516.545,-1.155,3.0,181.28,5.0,7.0
cefuroxime pivoxetil,0,568.561,0.237,2.0,198.29,3.0,11.0
ceftizoxime alapivoxil,0,568.634,0.153,3.0,191.61,3.0,9.0
ceftiolene,0,594.613,-1.436,4.0,232.03,4.0,10.0
cefuroxim,0,424.391,-0.536,3.0,173.76,3.0,7.0
cefepime,0,481.58,0.055,3.0,147.21,4.0,7.0
cefclidin,0,551.631,-1.305,4.0,203.19,6.0,8.0
cefoselis,0,523.577,-1.822,5.0,202.27,4.0,9.0
cefquinome,0,529.624,0.681,3.0,151.09,5.0,7.0
teicoplanin,0,1446.182,2.841,18.0,504.47,14.0,5.0
metoserpate,1,428.529,2.935,1.0,73.02,5.0,4.0
deserpidine,1,578.662,4.163,1.0,108.55,6.0,7.0
flumoxonide,1,496.547,2.993,1.0,91.29,5.0,4.0
cefroxadine,0,365.411,-0.211,3.0,121.96,3.0,5.0
losigamone,1,254.669,1.829,1.0,55.76,2.0,3.0
sarmoxicillin,0,449.529,1.179,2.0,108.41,4.0,5.0
astromicin,0,405.496,-3.585,6.0,192.54,2.0,6.0
novobiocin,0,612.632,3.627,5.0,200.01,4.0,8.0
kitasamycin,0,701.851,0.846,5.0,193.91,3.0,8.0
spiramycin,0,843.065,2.325,4.0,195.38,4.0,11.0
josamycin,0,828.006,3.013,3.0,206.05,3.0,12.0
flomoxef,0,496.474,-1.291,3.0,169.0,3.0,11.0
cyprenorphine,1,423.553,3.164,2.0,62.16,8.0,4.0
diprenorphine,1,425.569,3.388,2.0,62.16,8.0,4.0
rifampicin,0,822.953,4.335,6.0,220.15,6.0,4.0
rifapentine,0,877.045,5.648,6.0,220.15,7.0,5.0
rifabutin,0,847.019,4.749,5.0,209.04,6.0,4.0
rifaximin,0,785.891,6.158,5.0,198.38,6.0,2.0
rifamycin,0,697.778,4.754,6.0,201.31,5.0,2.0
sanfetrinem,0,281.308,0.362,2.0,87.07,3.0,3.0
oleandomycin,0,687.868,1.909,3.0,165.98,4.0,6.0
ivermectin-ii,0,861.079,5.211,3.0,170.06,7.0,7.0
valperinol,1,297.395,1.203,1.0,51.16,5.0,3.0
mitomycine,0,334.332,-1.651,3.0,146.89,4.0,3.0
teniposide,0,656.662,2.753,3.0,160.83,8.0,6.0
zinc3977873,0,588.562,1.339,3.0,160.83,7.0,5.0
schembl7358680,1,311.425,3.81,0.0,21.7,3.0,5.0
racemethorphan,1,271.404,3.383,0.0,12.47,4.0,1.0
dihydrocodeine,1,301.386,1.725,1.0,41.93,5.0,1.0
thebacon,1,341.407,2.421,0.0,48.0,5.0,2.0
norcodeine,1,285.343,1.159,2.0,50.72,5.0,1.0
nicodicodine,1,406.482,2.985,0.0,60.89,6.0,3.0
esorubicin,0,527.526,1.03,5.0,185.84,5.0,5.0
epirubicin,0,543.525,0.001,6.0,206.07,5.0,5.0
adriamycinol-aglycone,0,416.382,-0.054,6.0,164.75,4.0,3.0
timobesone,1,408.535,3.224,2.0,74.6,4.0,1.0
ticabesone,1,426.525,3.172,2.0,74.6,4.0,1.0
timobesone-acetate,1,450.572,3.795,1.0,80.67,4.0,2.0
dextromoramide (levomoramide and racemoramide),1,392.543,3.563,0.0,32.78,4.0,6.0
l-amphetamine,1,135.21,1.576,1.0,26.02,1.0,2.0
biapenem,0,351.408,-0.56,2.0,99.54,4.0,4.0
imipenem,0,299.352,-0.386,3.0,116.22,2.0,6.0
sulopenem,0,349.455,0.406,2.0,100.9,3.0,4.0
"(8xi,11beta,14xi,16alpha)-9,21-dichloro-11-hydroxy-16-methyl-3,20-dioxopregna-1,4-dien-17-yl furan-2-carboxylate",1,521.437,4.869,1.0,93.81,5.0,4.0
dimesone,1,390.495,3.171,2.0,74.6,4.0,2.0
fluocortin,1,390.451,2.729,2.0,91.67,4.0,2.0
schembl13902941,1,376.468,2.637,2.0,74.6,4.0,2.0
flumetasone,1,410.457,1.844,3.0,94.83,4.0,2.0
flumethazone pivalate,1,494.575,3.441,2.0,100.9,4.0,3.0
cormetasone,1,428.447,2.141,3.0,94.83,4.0,2.0
halocortolone,1,412.904,3.975,1.0,54.37,4.0,2.0
clocortolone-pivalate,1,495.031,4.595,1.0,80.67,4.0,3.0
diflucortolone,1,394.458,2.729,2.0,74.6,4.0,2.0
diflucortolone-pivalate,1,478.576,4.326,1.0,80.67,4.0,3.0
meclorisone,1,427.368,3.412,2.0,74.6,4.0,2.0
halometasone,1,444.902,2.41,3.0,94.83,4.0,2.0
clocortolone,1,410.913,2.998,2.0,74.6,4.0,2.0
cloticasone,1,460.97,3.738,2.0,74.6,4.0,2.0
fluticasone,1,444.515,3.469,2.0,74.6,4.0,2.0
amphotericin-b,0,924.091,0.712,12.0,319.61,3.0,3.0
medorubicin,0,513.499,-0.007,6.0,196.84,5.0,4.0
tazobactam,0,300.296,-1.523,1.0,122.46,3.0,3.0
dezocine,1,245.366,3.114,2.0,46.25,3.0,0.0
"(4r,5s,6s)-3-[(3s,5s)-5-(dimethylcarbamoyl)pyrrolidin-3-yl]sulfanyl-6-[(1s)-1-hydroxyethyl]-4-methyl-7-oxo-1-azabicyclo[3.2.0]hept-2-ene-2-carboxylic acid",0,383.47,-0.308,3.0,110.18,3.0,5.0
methylprednisolone-hemisuccinate,1,474.55,2.219,3.0,138.2,4.0,6.0
rimcazole,1,321.468,3.867,1.0,20.2,4.0,4.0
crilvastatin,1,253.342,2.023,1.0,55.4,2.0,2.0
clobetasone,1,408.897,3.35,1.0,71.44,4.0,2.0
clobetasol,1,410.913,3.142,2.0,74.6,4.0,2.0
diflorasone,1,410.457,1.844,3.0,94.83,4.0,2.0
enilospirone,1,295.766,2.893,1.0,47.56,3.0,2.0
digoxin,0,780.949,2.218,6.0,203.06,8.0,7.0
ketazocine,1,285.387,2.967,1.0,40.54,4.0,2.0
chloroprednisone,1,392.879,1.983,2.0,91.67,4.0,2.0
alfadolone,1,348.483,2.747,2.0,74.6,4.0,2.0
aldosterone,0,360.45,1.846,2.0,91.67,4.0,3.0
cortexolone,1,346.467,2.811,2.0,74.6,4.0,2.0
dichlorisone,1,413.341,3.166,2.0,74.6,4.0,2.0
acn-036954,1,412.429,0.568,4.0,115.06,4.0,2.0
isoflupredone,1,378.44,1.65,3.0,94.83,4.0,2.0
cloprednol,1,392.879,1.9,3.0,94.83,4.0,2.0
oxisopred,1,376.449,0.816,3.0,111.9,4.0,2.0
loteprednol,1,394.895,2.736,2.0,83.83,4.0,2.0
hydrocortisone cypionate,1,486.649,4.303,2.0,100.9,5.0,6.0
bevonium,0,354.47,3.095,1.0,46.53,3.0,5.0
15130-91-3,0,412.528,1.724,2.0,100.9,3.0,8.0
atropine n-oxide,1,305.374,1.943,1.0,69.59,3.0,4.0
dactinomycin,0,1255.438,0.726,5.0,359.98,7.0,8.0
cefpiramide,0,612.65,-0.086,5.0,212.5,5.0,9.0
piriqualone,1,339.398,4.26,0.0,47.78,4.0,3.0
schembl2056520,1,422.274,1.879,0.0,49.55,4.0,0.0
pirisudanol,1,340.376,0.516,2.0,109.19,1.0,9.0
cefaparole,0,493.592,1.083,4.0,158.74,4.0,7.0
cefcanel daloxate,0,661.74,1.822,2.0,197.16,5.0,11.0
nuclotixene,1,353.918,5.578,0.0,3.24,6.0,1.0
lorpiprazole,1,405.468,3.559,0.0,37.19,5.0,4.0
amidapsone,1,291.332,1.592,3.0,115.28,2.0,3.0
carumonam,0,466.41,-2.876,5.0,253.9,2.0,9.0
cefalonium,0,459.529,0.116,3.0,133.68,4.0,7.0
cefsulodin,0,533.564,-0.559,4.0,188.05,4.0,8.0
butikacin,0,571.625,-7.951,13.0,314.87,3.0,11.0
amikacin,0,585.608,-8.424,13.0,331.94,3.0,10.0
dibekacin,0,451.521,-5.267,9.0,247.94,3.0,6.0
framycetin,0,614.65,-8.895,13.0,353.11,4.0,9.0
tobramycin,0,467.52,-6.296,10.0,268.17,3.0,6.0
kanamycin,0,484.503,-7.291,11.0,282.61,3.0,6.0
bekanamycin,0,483.519,-7.325,11.0,288.4,3.0,6.0
propikacin,0,557.598,-8.341,13.0,314.87,3.0,10.0
cefatrizine,0,462.513,0.041,5.0,174.53,4.0,7.0
loracarbef,0,349.774,0.711,3.0,112.73,3.0,4.0
cefempidone,0,544.595,-0.939,4.0,180.19,5.0,8.0
levophenacylmorphan,1,361.485,4.334,1.0,40.54,5.0,3.0
cefaloridine,0,416.504,1.017,2.0,90.59,4.0,6.0
cefonicid,0,542.577,-0.917,4.0,204.91,4.0,9.0
84880-03-5,0,671.69,-0.264,6.0,240.04,5.0,12.0
biotin,1,244.316,0.797,3.0,78.43,2.0,5.0
"2,6-dihydro-1h-pyrrolizine-3,5-dione",1,137.138,0.423,0.0,37.38,2.0,0.0
rolicyprine,1,244.294,0.59,2.0,58.2,3.0,3.0
l-ascorbic acid,1,176.124,-1.407,4.0,107.22,1.0,2.0
schembl247562,1,419.529,1.598,0.0,69.64,7.0,6.0
tandospirone,1,383.496,1.41,0.0,69.64,5.0,6.0
celucloral,1,1136.115,2.567,7.0,252.37,2.0,27.0
chloralose,1,309.529,-0.463,3.0,88.38,2.0,2.0
clopenthixol,1,398.999,7.205,1.0,20.23,4.0,5.0
phenomorphan,1,347.502,4.693,1.0,23.47,5.0,3.0
norlevorphanol,1,243.35,2.738,2.0,32.26,4.0,0.0
proxorphan,1,299.414,2.707,1.0,32.7,5.0,2.0
normorphine,1,271.316,0.856,3.0,61.72,5.0,0.0
nalbuphine,1,357.45,1.707,3.0,73.16,6.0,2.0
azidamfenicol,1,295.255,0.416,3.0,161.46,1.0,7.0
nalorphine,1,311.381,1.754,2.0,52.93,5.0,2.0
levallorphan,1,283.415,3.637,1.0,23.47,4.0,2.0
ncgc00024584-03,0,654.606,3.193,3.0,118.21,7.0,5.0
atenolol,0,266.341,0.452,3.0,84.58,1.0,8.0
(r)-(+)-pindolol,1,248.326,1.906,3.0,57.28,2.0,6.0
chembl420115,1,357.325,4.115,0.0,23.55,2.0,6.0
ipratropium,0,332.464,2.854,1.0,46.53,3.0,5.0
ticarcillin,1,384.435,0.548,3.0,124.01,3.0,5.0
"5-ethyl-5-[(2r)-pentan-2-yl]-2-thioxodihydropyrimidine-4,6(1h,5h)-dione",1,242.344,1.35,2.0,58.2,1.0,4.0
itraconazole,0,705.647,5.577,0.0,104.7,7.0,11.0
6'-epipravastatin,0,424.534,2.44,4.0,124.29,2.0,10.0
unii-jv86y0civf,0,204.314,-0.293,4.0,64.52,0.0,9.0
azithromycin,0,748.996,1.901,5.0,180.08,3.0,7.0
(r)-ethosuximide,1,141.17,0.449,1.0,46.17,1.0,1.0
lomefloxacin,0,351.353,1.796,2.0,74.57,3.0,3.0
u50488,1,369.336,4.401,0.0,23.55,3.0,4.0
beta-streptozocin,0,265.222,-2.891,5.0,151.92,1.0,3.0
hexobarbital,1,236.271,1.201,1.0,66.48,2.0,1.0
mesoridazine,1,386.586,4.901,0.0,29.54,4.0,4.0
mianserin,1,264.372,3.084,0.0,6.48,4.0,0.0
mirtazapine,1,265.36,2.479,0.0,19.37,4.0,0.0
dihydroergotamine,0,583.689,2.081,3.0,118.21,8.0,4.0
atropine,1,289.375,1.931,1.0,49.77,3.0,4.0
vancomycin,0,1449.271,0.106,19.0,530.49,12.0,13.0
metoprolol,1,267.369,1.613,2.0,50.72,1.0,9.0
plicamycin,1,1085.156,-0.249,11.0,358.2,8.0,15.0
teniposide,1,642.635,2.45,4.0,171.83,8.0,5.0
omeprazole,0,345.424,2.9,1.0,83.09,3.0,5.0
(s)-bethanechol,0,161.225,0.176,1.0,52.32,0.0,3.0
ofloxacin,1,361.373,1.544,1.0,75.01,4.0,2.0
amphotericinb,0,924.091,0.712,12.0,319.61,3.0,3.0
(-)-beta-cyclazocine,1,271.404,3.326,1.0,23.47,4.0,2.0
clidiniumbromide,0,357.494,3.195,1.0,46.53,5.0,4.0
chembl68870,1,415.512,4.528,1.0,44.7,4.0,4.0
ribavirin,1,244.207,-3.011,4.0,143.72,2.0,3.0
zinc100232310,1,416.359,1.894,2.0,101.45,5.0,3.0
kanamycin,0,484.503,-7.291,11.0,282.61,3.0,6.0
cycloserine,1,102.093,-1.625,2.0,64.35,1.0,0.0
cytarabine,1,243.219,-2.563,4.0,130.83,2.0,2.0
cladribine,1,285.691,-0.297,3.0,119.31,3.0,2.0
calcium-folinate,1,473.446,-0.731,7.0,219.84,3.0,10.0
vidarabine,1,267.245,-1.98,4.0,139.54,3.0,2.0
levocetirizine,0,388.895,3.148,1.0,53.01,3.0,8.0
(r)-ketorolac,0,255.273,2.291,1.0,59.3,3.0,3.0
naltrexone,1,341.407,1.525,2.0,70.0,6.0,2.0
oxazepam,1,286.718,2.448,2.0,61.69,3.0,1.0
flupentixol,1,434.527,4.602,1.0,26.71,4.0,5.0
(r)-hydroxyzine,1,374.912,3.056,1.0,35.94,3.0,8.0
schembl12202591,1,268.273,-0.989,4.0,112.13,3.0,2.0
mefloquine,1,378.316,4.448,2.0,45.15,3.0,2.0
mepenzolate,0,361.463,2.369,1.0,78.62,3.0,7.0
hydroflumethiazide,0,451.523,3.227,1.0,88.18,4.0,6.0
pentobarbital,1,380.897,2.192,2.0,95.41,3.0,6.0
norethindrone,0,298.426,3.493,1.0,37.3,4.0,0.0
levonorgestrel,0,312.453,3.883,1.0,37.3,4.0,1.0
mls003115428,0,337.463,4.221,1.0,46.26,5.0,0.0
ethinyl estradiol,0,296.41,3.613,2.0,40.46,4.0,0.0
"(8r,9s,13s,14s,17r)-3-cyclopentyloxy-17-ethynyl-13-methyl-7,8,9,11,12,14,15,16-octahydro-6h-cyclopenta[a]phenanthren-17-ol",0,364.529,5.228,1.0,29.46,5.0,2.0
cinnarizine,1,368.524,5.107,0.0,6.48,4.0,6.0
piperazine citrate,0,86.138,-0.821,2.0,24.06,1.0,0.0
rilmenidine,0,180.251,1.151,1.0,33.62,3.0,3.0
bexarotene,0,348.486,6.104,1.0,37.3,3.0,3.0
calcitriol,0,416.646,5.705,3.0,60.69,3.0,6.0
alfacalcidol,0,400.647,6.59,2.0,40.46,3.0,6.0
ergocalciferol,0,396.659,7.641,1.0,20.23,3.0,5.0
cholecalciferol (undefined stereochemistry),0,384.648,7.619,1.0,20.23,3.0,6.0
talipexole,1,209.318,1.312,1.0,42.15,2.0,2.0
"2-methyl-3-(3,7,11,15-tetramethylhexadec-2-enyl)naphthalene-1,4-dione",0,450.707,9.158,0.0,34.14,2.0,14.0
epalrestat,0,319.407,2.919,1.0,57.61,2.0,4.0
megestrol acetate,0,342.479,4.005,1.0,54.37,4.0,1.0
medroxyprogesterone,0,344.495,4.084,1.0,54.37,4.0,1.0
dydrogesterone,0,312.453,4.5,0.0,34.14,4.0,1.0
iocetamic acid,0,613.959,3.156,2.0,83.63,1.0,4.0
iohexol,0,821.141,-1.627,8.0,199.89,1.0,12.0
sulfisoxazole acetyl,0,309.347,1.615,1.0,106.5,2.0,3.0
methazolamide,0,236.278,-1.424,1.0,107.41,1.0,1.0
acetylcysteine,0,163.198,-0.494,3.0,66.4,0.0,3.0
acetohydroxamic acid,0,75.067,-0.488,2.0,49.33,0.0,0.0
thiacetazone,0,236.3,0.812,3.0,79.51,1.0,3.0
ctk8i5337,0,436.476,1.191,3.0,121.13,4.0,3.0
triacetyl 6-azauridine,0,371.302,-1.744,1.0,155.88,2.0,5.0
acetyldigitoxin,0,806.987,3.818,4.0,188.9,8.0,8.0
menadiol sodium diphosphate,0,258.273,2.999,0.0,52.6,2.0,2.0
cyclofenil,0,364.441,5.303,0.0,52.6,3.0,4.0
bisacodyl,0,361.397,4.112,0.0,65.49,3.0,5.0
diacerein,0,368.297,2.011,1.0,124.04,3.0,3.0
nitazoxanide,0,307.287,2.229,1.0,111.43,2.0,4.0
mls000678252,0,416.583,4.852,0.0,60.44,5.0,1.0
befunolol,0,291.347,2.373,2.0,71.7,2.0,7.0
acetophenazine,1,411.571,3.492,1.0,47.02,4.0,7.0
tiaprofenic,0,260.314,3.167,1.0,54.37,2.0,4.0
benoxaprofen,0,301.729,4.336,1.0,63.33,3.0,3.0
adefovir dipivoxil,0,501.477,2.703,1.0,166.98,2.0,11.0
finasteride,0,372.553,3.815,2.0,58.2,4.0,1.0
talinolol,0,363.502,3.269,4.0,82.62,2.0,7.0
timolol,0,316.427,0.502,2.0,79.74,2.0,6.0
broxaterol,0,263.135,1.859,2.0,58.29,1.0,3.0
clenbuterol,0,277.195,2.997,3.0,58.28,1.0,3.0
dl-pantothenic acid,0,219.237,-1.043,4.0,106.86,0.0,6.0
dl-panthenol,0,205.254,-1.136,4.0,89.79,0.0,6.0
phentermine,1,149.237,1.966,1.0,26.02,1.0,2.0
ciprofibrate,0,289.158,3.59,1.0,46.53,2.0,4.0
bezafibrate,0,361.825,3.555,2.0,75.63,2.0,7.0
penicillamine,0,149.215,0.107,3.0,63.32,0.0,2.0
probucol,0,516.857,9.908,2.0,40.46,2.0,4.0
menatetrenone,0,444.659,8.918,0.0,34.14,2.0,11.0
2-{[4-(methylethyl)cyclohexyl]carbonylamino}-3-phenylpropanoic acid,0,317.429,3.261,2.0,66.4,2.0,6.0
ergoloidmesylate,1,577.726,2.521,3.0,118.21,7.0,5.0
buthiazide,0,353.853,1.063,3.0,118.36,2.0,3.0
schembl10264224,0,585.616,2.52,4.0,177.72,3.0,13.0
disopyramide,0,339.483,3.362,1.0,59.22,2.0,8.0
metaproterenol,0,211.261,1.129,4.0,72.72,1.0,4.0
oxamniquine,0,279.34,1.812,3.0,87.43,2.0,5.0
indecainide hydrochloride,0,308.425,3.217,2.0,55.12,3.0,6.0
fenofibrate,0,360.837,4.68,0.0,52.6,2.0,6.0
ipriflavone,0,280.323,4.247,0.0,39.44,3.0,3.0
isopropamide iodide,0,353.53,4.112,1.0,43.09,2.0,8.0
rosuvastatin,0,481.546,2.402,3.0,140.92,2.0,10.0
beta-carotene,0,536.888,12.606,0.0,0.0,2.0,10.0
dehydrocholic,0,402.531,4.073,1.0,88.51,4.0,4.0
"3,7-dihydroxycholan-24-oic acid",0,392.58,4.478,3.0,77.76,4.0,4.0
clobutinol,0,255.789,2.831,1.0,23.47,1.0,5.0
isoxsuprine,0,301.386,2.871,3.0,61.72,2.0,7.0
protokylol hydrochloride,0,331.368,2.081,4.0,91.18,3.0,6.0
benfluorex,0,351.368,4.083,1.0,38.33,2.0,7.0
apropovir,0,287.216,-0.051,3.0,136.38,2.0,5.0
pinacidil,0,245.33,2.355,2.0,73.1,1.0,2.0
ritodrine hydrochloride,0,287.359,2.352,4.0,72.72,2.0,6.0
bicalutamide,0,430.379,2.88,2.0,107.26,2.0,5.0
etidronic acid,0,206.027,-0.992,5.0,135.29,0.0,2.0
tetrahydrobiopterin,0,241.251,-1.7,6.0,136.29,2.0,2.0
lofexidine,1,259.136,2.762,1.0,33.62,2.0,3.0
tiopronin,0,163.198,-0.495,3.0,66.4,0.0,3.0
bemetizide,0,401.897,1.821,3.0,118.36,3.0,3.0
voriconazole,0,349.316,2.177,1.0,76.72,3.0,5.0
carbenoxolone,0,570.767,6.828,2.0,117.97,5.0,5.0
"9-fluoro-11,17-dihydroxy-10,13,17-trimethyl-1,2,6,7,8,11,12,14,15,16-decahydrocyclopenta[a]phenanthren-3-one",0,336.447,3.332,2.0,57.53,4.0,0.0
dutasteride,0,528.537,6.576,2.0,58.2,5.0,2.0
"5a,7a-dimethyl-1,1a,5,5a,5b,6,7,7a,8a,9,9a,9b,9c,9d-tetradecahydro-3'h-spiro[cyclopropa[4,5]cyclopenta[1,2-a]cyclopropa[l]phenanthrene-8,2'-furan]-3,5'(4h,4'h)-dione",0,366.501,4.306,0.0,43.37,7.0,0.0
methyltestosterone,0,302.458,4.269,1.0,37.3,4.0,0.0
modrastane,0,329.44,3.467,2.0,76.78,5.0,0.0
formestane,0,302.414,3.973,1.0,54.37,4.0,0.0
testolactone,0,300.398,3.59,0.0,43.37,4.0,0.0
estramustine,0,440.411,5.182,1.0,49.77,4.0,5.0
estropipate,0,350.436,3.293,1.0,80.67,4.0,2.0
oxandrolone,0,306.446,3.543,1.0,46.53,4.0,0.0
stanozolol,0,328.5,4.118,2.0,48.91,5.0,0.0
keforal,0,347.396,0.445,3.0,112.73,3.0,4.0
38194-50-2,0,356.418,4.366,1.0,60.36,3.0,4.0
nystatin,0,926.107,0.778,12.0,327.45,2.0,3.0
cyclandelate,0,276.376,3.478,1.0,46.53,2.0,3.0
calusteron,0,316.485,4.515,1.0,37.3,4.0,0.0
dexamethasone,1,392.467,1.896,3.0,94.83,4.0,2.0
dihydrotachysterol,0,398.675,7.721,1.0,20.23,3.0,5.0
(+/-)-pirmenol,0,338.495,4.361,1.0,36.36,3.0,6.0
flumequine,0,261.252,2.346,1.0,59.3,3.0,1.0
"n-(3-methyl-1,1-dioxo-1,4-thiazinan-4-yl)-1-(5-nitro-2-furanyl)methanimine",0,287.297,0.641,0.0,106.02,2.0,3.0
indapamide,0,365.842,2.083,2.0,92.5,3.0,3.0
dipipanone,1,349.518,5.216,0.0,20.31,3.0,7.0
fosinopril,0,563.672,6.121,1.0,110.21,3.0,14.0
monacolin k,0,404.547,4.196,1.0,72.83,3.0,6.0
colistin sulfate,0,1155.455,-5.831,18.0,490.66,1.0,28.0
mls000756415,0,339.439,1.925,3.0,68.36,4.0,4.0
methysergide,1,353.466,1.935,2.0,57.5,4.0,4.0
iopanoic acid,0,570.934,3.736,2.0,63.32,1.0,4.0
phenprocoumon,0,280.323,4.041,1.0,50.44,3.0,3.0
candesartan,0,348.358,2.08,1.0,81.42,5.0,1.0
ethylnandrol,0,288.475,5.09,1.0,20.23,4.0,1.0
meptazinol,1,233.355,3.156,1.0,23.47,2.0,2.0
isovincamine,0,354.45,2.953,1.0,54.7,5.0,2.0
quinethazone,0,289.744,0.879,3.0,101.29,2.0,2.0
rosaramicin,0,581.747,2.67,2.0,135.13,3.0,6.0
bunazosin,0,373.457,2.068,1.0,93.81,3.0,5.0
tyropanoate sodium,0,641.025,4.892,2.0,66.4,1.0,7.0
anisotropine,0,282.448,3.516,0.0,26.3,2.0,6.0
perindoprilat,0,340.42,1.462,3.0,106.94,2.0,7.0
82978-68-5,0,368.474,1.941,2.0,95.94,2.0,8.0
174484-81-2,0,602.675,7.326,2.0,105.59,4.0,11.0
l-valsartan,0,435.528,4.162,2.0,112.07,3.0,10.0
oxyphenbutazone,0,324.38,3.493,1.0,60.85,3.0,5.0
orlistat,0,495.745,6.882,1.0,81.7,1.0,23.0
chloramphenicol palmitate,0,561.547,6.941,2.0,118.77,1.0,21.0
retinol palmitate,0,524.874,11.542,0.0,26.3,1.0,20.0
otilonium,0,483.673,6.321,1.0,64.63,2.0,16.0
ibandronate,0,319.231,0.5,5.0,138.53,0.0,9.0
"pentyl [1-(3,4-dihydroxy-5-methyl-oxolan-2-yl)-5-fluoro-2-oxo-pyrimidin-4-yl]aminoformate",0,359.354,0.76,3.0,122.91,2.0,6.0
halofantrine hydrochloride,0,500.432,8.644,1.0,23.47,3.0,10.0
benzonatate,0,603.75,2.835,1.0,121.4,1.0,32.0
4-[[2-butyl-5-(2-carboxy-3-thiophen-2-ylprop-1-enyl)-1-imidazolyl]methyl]benzoic acid,0,424.522,4.744,2.0,92.42,3.0,10.0
proglumide,0,334.416,2.298,2.0,86.71,1.0,10.0
proglumetacin,0,844.45,6.164,1.0,139.72,5.0,21.0
"1-propyl-2',6'-pipecoloxylidide",1,274.408,3.506,1.0,32.34,2.0,4.0
104617-86-9,1,211.334,1.582,2.0,50.94,2.0,3.0
olmesartan medoxomil,0,446.511,3.657,3.0,129.81,4.0,8.0
olmesartan medoxomil,0,558.595,4.17,2.0,162.16,5.0,10.0
enprofylline,0,194.194,-0.177,2.0,83.54,2.0,2.0
entacapone,1,305.29,1.781,2.0,127.7,1.0,5.0
diethylcarbamazine citrate,0,199.298,0.696,0.0,26.79,1.0,2.0
quinacrine,0,399.966,5.972,1.0,37.39,3.0,9.0
procainamide,0,235.331,1.34,2.0,58.36,1.0,6.0
n-acetylprocainamide,0,277.368,1.717,2.0,61.44,1.0,7.0
sematilide,0,313.423,1.13,2.0,78.51,1.0,8.0
carbetapentane,0,333.472,3.4,0.0,38.77,2.0,10.0
amodiaquine,0,355.869,5.179,2.0,48.39,3.0,6.0
nizofenone,1,412.877,4.507,0.0,81.27,3.0,8.0
mebeverine,0,429.557,4.603,0.0,57.23,2.0,13.0
fenfluramine,1,231.261,3.246,1.0,12.03,1.0,4.0
ramipril,0,416.518,2.383,2.0,95.94,3.0,9.0
indolapril,0,430.545,2.773,2.0,95.94,3.0,9.0
spirapril,0,466.625,2.391,2.0,95.94,3.0,9.0
"[3s-[2[r*(r*)],3r*]]-2-[2-[[1-(ethoxycarbonyl)-3-phenylpropyl]amino]-1-oxopropyl]-1,2,3,4tetrahydro-6,7-dimethoxy-3-isoquinolinecarboxylic acid, monohydrochloride;[3s-[2[r*(r*)],3r*]]-2-[2-[[1-(ethoxycarbonyl)-3-phenylpropyl]amino]-1-oxopropyl]-1,2,3,4tetrahydro-6,7-dimethoxy-3-isoquinolinecarboxylic acid, monohydrochloride",0,498.576,2.584,2.0,114.4,3.0,11.0
82768-84-1,0,438.524,2.567,2.0,95.94,3.0,9.0
104013-57-2,0,417.506,1.595,2.0,99.18,3.0,8.0
benazepril,0,424.497,2.573,2.0,95.94,3.0,9.0
phenoperidine,1,367.489,3.707,1.0,49.77,3.0,7.0
"2,6-dimethyl-4-[2-[3-[(2-methylpropan-2-yl)oxy]-3-oxoprop-1-enyl]phenyl]-1,4-dihydropyridine-3,5-dicarboxylic acid diethyl ester",0,455.551,4.403,1.0,90.93,2.0,7.0
amlodipine besylate,0,408.882,2.266,2.0,99.88,2.0,8.0
oseltamivir,0,312.41,1.285,2.0,90.65,1.0,7.0
"9-(4-methoxy-2,3,6-trimethylphenyl)-3,7-dimethylnona-2,4,6,8-tetraenoic acid ethyl ester",0,354.49,5.646,0.0,35.53,1.0,7.0
etozolin,0,284.381,1.408,0.0,49.85,2.0,3.0
flupirtine,1,304.325,2.983,3.0,89.27,2.0,5.0
bacampicillin hydrochloride,0,465.528,1.296,2.0,137.26,3.0,7.0
arbidol,0,477.424,5.177,1.0,54.7,3.0,7.0
iomazenil,1,411.199,2.239,0.0,64.43,3.0,2.0
2-ethoxy-4-[2-[[3-methyl-1-(2-piperidin-1-ylphenyl)butyl]amino]-2-oxoethyl]benzoic acid,0,452.595,5.22,2.0,78.87,3.0,10.0
nafcillin sodium,0,414.483,2.94,2.0,95.94,4.0,5.0
racemic tamsulosin,0,408.52,2.341,2.0,99.88,2.0,11.0
candesartan cilexetil,0,610.671,6.319,1.0,143.34,6.0,10.0
telithromycin,0,812.018,4.929,1.0,171.85,5.0,11.0
oxyphenonium,0,348.507,3.484,1.0,46.53,2.0,8.0
tridihexethyl chloride,0,318.525,4.721,1.0,20.23,2.0,8.0
prifinium,0,306.473,5.137,0.0,0.0,3.0,4.0
pioglitazone,0,356.447,3.16,1.0,68.29,3.0,7.0
oxolinic,0,261.233,1.448,1.0,77.76,3.0,2.0
rosoxacin,0,294.31,2.782,1.0,72.19,3.0,3.0
pipemidic,0,303.322,-0.081,2.0,100.35,3.0,3.0
sulfacytine,0,294.336,0.646,2.0,107.08,2.0,4.0
ipodate,0,597.96,3.739,1.0,52.9,1.0,5.0
dothiepin,1,295.451,4.676,0.0,3.24,3.0,3.0
brompheniramine,1,319.246,3.928,0.0,16.13,2.0,5.0
cyclobenzaprine hydrochloride,0,275.395,2.645,0.0,3.24,3.0,3.0
tripelennamine,1,255.365,2.65,0.0,19.37,2.0,6.0
zotepine,1,331.868,4.881,0.0,12.47,3.0,4.0
almotriptan,1,335.473,2.198,1.0,56.41,3.0,6.0
rizatriptan,1,269.352,1.912,1.0,49.74,3.0,5.0
altretamine,0,210.285,0.07,0.0,48.39,1.0,3.0
distigmine,0,416.522,2.457,0.0,66.84,2.0,9.0
rosiglitazone,0,357.435,2.491,1.0,71.53,3.0,7.0
taltirelin,1,405.415,-2.146,4.0,170.59,3.0,6.0
tetrazepam,1,290.794,3.448,1.0,32.34,3.0,1.0
piroxicam,0,415.471,2.612,1.0,105.67,3.0,3.0
chembl8197,1,284.359,2.95,1.0,45.33,4.0,2.0
carbazochrome,0,236.231,1.038,3.0,111.51,2.0,1.0
cyproheptadine,1,287.406,4.698,0.0,3.24,4.0,0.0
azatadine,1,290.41,3.708,0.0,16.13,4.0,0.0
methdilazine,1,296.439,4.241,0.0,6.48,4.0,2.0
diphenylpyraline,1,281.399,3.887,0.0,12.47,3.0,4.0
phenindamine,1,261.368,3.921,0.0,3.24,4.0,1.0
metixene,1,309.478,5.015,0.0,3.24,4.0,2.0
clemastinum,1,343.898,5.104,0.0,12.47,3.0,6.0
pyrantel,0,206.314,2.495,0.0,15.6,2.0,2.0
oxyphencyclimine,0,344.455,2.732,1.0,62.13,3.0,5.0
cyclizine,1,266.388,3.023,0.0,6.48,3.0,3.0
bethanidine sulfate,0,177.251,0.981,2.0,36.42,1.0,2.0
unii-p41pml4ghr,0,331.467,1.322,2.0,83.33,1.0,10.0
marimastat,0,331.413,-0.208,5.0,127.76,0.0,7.0
ephedrine,1,165.236,1.328,2.0,32.26,1.0,3.0
vancomycin hydrochloride,0,1448.283,1.197,18.0,518.46,12.0,13.0
mepartricin,0,1141.359,2.834,12.0,354.78,4.0,11.0
aspartame,0,294.307,-0.311,3.0,118.72,1.0,7.0
clopidogrel bisulfate,0,321.829,3.674,0.0,29.54,3.0,3.0
lercanidipine,0,611.739,6.478,1.0,111.01,4.0,12.0
ioflupane,1,431.289,3.76,0.0,29.54,3.0,5.0
rescinnamine,0,634.726,4.571,1.0,117.78,6.0,9.0
eplerenone,0,414.498,3.125,0.0,82.2,6.0,1.0
atazanavir,0,704.869,4.212,5.0,171.22,3.0,14.0
sermion,1,484.394,3.911,0.0,56.59,5.0,4.0
idebenone,1,338.444,3.462,1.0,72.83,1.0,12.0
josamycin,0,828.006,3.013,3.0,206.05,3.0,12.0
sirolimus,0,914.187,6.181,3.0,195.43,4.0,6.0
cefditoren pivoxil,0,620.735,2.298,2.0,175.4,4.0,9.0
gemifloxacin,0,389.387,0.966,2.0,123.04,4.0,5.0
rifabutin,0,847.019,4.749,5.0,209.04,6.0,4.0
mycophenolic acid (unspecified stereochemistry),0,320.341,2.733,2.0,93.06,2.0,6.0
mycophenolate mofetil,0,433.501,2.524,1.0,94.53,3.0,9.0
354812-41-2,0,401.438,2.371,2.0,83.8,5.0,4.0
gatifloxacin,0,375.4,1.98,2.0,83.8,4.0,4.0
methoxsalen,0,216.192,2.548,0.0,52.58,3.0,1.0
pinaverium,0,511.521,5.292,0.0,36.92,5.0,10.0
zafirlukast,0,575.687,5.696,2.0,115.73,5.0,8.0
9-cis acitretin,0,326.436,5.167,1.0,46.53,1.0,6.0
terazosin,0,387.44,1.057,1.0,103.04,4.0,4.0
satigrel,0,337.375,3.894,1.0,79.55,2.0,7.0
encainide,0,352.478,4.537,1.0,41.57,3.0,6.0
chlorotrianisene,0,380.871,5.868,0.0,27.69,3.0,6.0
anisindione,0,252.269,2.858,0.0,43.37,3.0,2.0
formoterol,0,344.411,2.223,4.0,90.82,2.0,9.0
bevantolol,0,345.439,2.584,2.0,59.95,2.0,10.0
midodrine,0,254.286,-0.188,3.0,93.81,1.0,6.0
piritrexim,0,325.372,2.106,2.0,109.17,3.0,4.0
acemetacin,0,415.829,3.471,1.0,94.83,3.0,6.0
indometacin,0,562.15,8.805,0.0,57.53,3.0,12.0
amtolmetin,0,420.465,2.837,1.0,86.63,3.0,8.0
carvedilol,0,406.482,3.738,3.0,75.74,4.0,10.0
bosentan,0,551.625,4.204,2.0,145.65,4.0,10.0
sulfameter,0,280.309,0.868,2.0,107.2,2.0,4.0
nimesulide,0,308.315,2.759,1.0,98.54,2.0,5.0
treosulfan,0,278.304,-2.339,2.0,127.2,0.0,7.0
amphotericin b,0,924.091,0.712,12.0,319.61,3.0,3.0
levocarnitine,0,162.209,-0.472,2.0,57.53,0.0,4.0
homatropine methylbromide,0,290.383,2.033,1.0,46.53,3.0,3.0
diphemanil,0,278.419,4.359,0.0,0.0,3.0,2.0
hexocyclium,0,317.497,2.847,1.0,23.47,3.0,4.0
brequinar,0,375.374,5.854,1.0,50.19,4.0,3.0
flavoxate,0,391.467,4.411,0.0,59.75,4.0,5.0
propyphenazone,0,230.311,2.608,0.0,26.93,2.0,2.0
clonixin,0,262.696,3.485,2.0,62.22,2.0,3.0
dipyrone,0,311.363,0.766,1.0,84.54,2.0,4.0
lansoprazole,0,369.368,3.515,1.0,73.86,3.0,5.0
glisolamide,0,434.518,2.276,3.0,130.4,3.0,7.0
glisoxepide,0,449.533,1.734,3.0,133.64,3.0,7.0
pyrvinium,0,382.531,5.308,0.0,12.05,4.0,4.0
menadiol,0,174.199,2.559,2.0,40.46,2.0,0.0
trioxsalen,0,228.247,3.464,0.0,43.35,3.0,0.0
riboflavin,0,376.369,-1.724,5.0,161.56,3.0,5.0
etoricoxib,0,358.85,4.176,0.0,59.92,3.0,3.0
proquazone,0,278.355,3.953,0.0,34.89,3.0,2.0
medetomidine,1,200.285,3.178,1.0,28.68,2.0,2.0
lidoflazine,0,491.626,5.75,1.0,35.58,4.0,9.0
meclizine,1,390.958,5.556,0.0,6.48,4.0,5.0
metolazone,0,365.842,2.714,2.0,92.5,3.0,2.0
cicletanine,0,261.708,3.369,1.0,42.35,3.0,1.0
leflunomide,0,270.21,3.254,1.0,55.13,2.0,2.0
chlormethiazole,1,147.63,1.924,0.0,12.89,1.0,2.0
mitotane,0,320.046,5.929,0.0,0.0,2.0,3.0
dyphylline,0,254.246,-2.213,2.0,102.28,2.0,3.0
doxofylline,0,266.257,-1.193,0.0,80.28,3.0,2.0
azanidazole,0,246.23,0.871,1.0,112.76,2.0,3.0
azathioprine,0,277.269,1.146,1.0,115.42,3.0,3.0
perflubron,0,498.958,6.348,0.0,0.0,0.0,6.0
flunarizine,1,404.504,5.385,0.0,6.48,4.0,6.0
desmopressin,0,1069.238,-4.342,13.0,437.91,4.0,19.0
mizoribine,0,259.218,-2.701,5.0,151.06,2.0,3.0
droxidopa,1,213.189,-0.457,5.0,124.01,1.0,3.0
glutamic acid,0,147.13,-0.737,3.0,100.62,0.0,4.0
loviscol,0,179.197,-0.784,3.0,100.62,0.0,5.0
dl-thyroxine,0,776.872,4.557,3.0,92.78,2.0,5.0
liothyronine,0,650.976,3.953,3.0,92.78,2.0,5.0
phenformin,0,205.265,-0.183,3.0,102.78,1.0,3.0
d-2-galactosamine,0,179.172,-3.255,5.0,116.17,1.0,1.0
catenulin,0,615.634,-8.862,13.0,347.32,4.0,9.0
pamidronate,0,235.069,-1.663,6.0,161.31,0.0,4.0
alendronate sodium,0,249.096,-1.273,6.0,161.31,0.0,5.0
lisinopril,0,405.495,1.235,4.0,132.96,2.0,12.0
aminocaproic acid,0,131.175,0.59,2.0,63.32,0.0,5.0
trientine hydrochloride,0,146.238,-1.917,4.0,76.1,0.0,7.0
cysteamine,0,77.152,-0.125,2.0,26.02,0.0,1.0
framycetin,0,614.65,-8.895,13.0,353.11,4.0,9.0
dichlorphenamide,0,305.164,0.288,2.0,120.32,1.0,2.0
bendroflumethiazide,0,421.422,1.625,3.0,118.36,3.0,3.0
cyclothiazide,0,389.886,1.23,3.0,118.36,4.0,2.0
benzthiazide,0,431.948,2.434,2.0,118.69,3.0,5.0
fenquizone,0,337.788,1.842,3.0,101.29,3.0,2.0
ambroxol,0,378.108,3.187,3.0,58.28,2.0,3.0
bromfenac,0,334.169,2.889,2.0,80.39,2.0,4.0
phenyl 4-aminosalicylate,0,229.235,2.194,2.0,72.55,2.0,2.0
sulfapyridine,0,249.295,1.465,2.0,85.08,2.0,3.0
sulfaphenazole,0,314.37,2.255,2.0,90.01,3.0,4.0
mls003373964,0,229.261,-0.594,2.0,90.37,2.0,2.0
tirapazamine,0,178.151,-0.916,1.0,92.79,2.0,0.0
racivir,0,247.251,-0.455,2.0,90.37,2.0,2.0
"azacytidine, 5-",0,244.207,-3.168,4.0,143.72,2.0,2.0
adefovir,0,273.189,-0.44,3.0,136.38,2.0,5.0
pipobroman,0,356.058,1.227,0.0,40.62,1.0,4.0
lactulose,0,342.297,-5.553,8.0,197.37,1.0,8.0
benznidazole,0,260.253,1.108,1.0,90.06,2.0,5.0
rebamipide,0,370.792,2.607,3.0,99.26,3.0,5.0
flecainide acetate,0,414.346,3.441,2.0,59.59,2.0,7.0
niclosamide,0,327.123,3.86,2.0,92.47,2.0,3.0
succimer,0,182.222,-0.248,4.0,74.6,0.0,3.0
chlorazepate,1,314.728,2.583,2.0,78.76,3.0,2.0
fenbufen,0,254.285,3.401,1.0,54.37,2.0,5.0
4-(4-((4-chlorophenyl)(pyridin-2-yl)methoxy)piperidin-1-yl)butanoic acid,0,388.895,4.17,1.0,62.66,3.0,8.0
4-phenylbutyric acid,0,164.204,2.094,1.0,37.3,1.0,4.0
balsalazide,0,357.322,2.71,4.0,148.65,2.0,7.0
edta,0,292.244,-2.071,4.0,155.68,0.0,11.0
aceclofenac,0,354.189,3.907,2.0,75.63,2.0,6.0
ticrynafen,0,331.176,3.749,1.0,63.6,2.0,5.0
felbinac,0,212.248,2.981,1.0,37.3,2.0,3.0
pirazolac,0,330.746,3.959,1.0,55.12,3.0,4.0
bentiromide,0,404.422,3.07,4.0,115.73,3.0,7.0
flufenamic,0,281.233,4.147,2.0,49.33,2.0,3.0
niflumic acid,0,282.221,3.542,2.0,62.22,2.0,3.0
dolasetron,1,324.38,2.519,1.0,62.4,6.0,2.0
floctafenine,0,406.36,3.507,3.0,91.68,3.0,6.0
morniflumate,0,395.381,3.333,1.0,63.69,3.0,6.0
indigotindisulfonate,0,422.396,1.684,4.0,174.19,4.0,3.0
nitisinone,0,329.23,2.735,0.0,94.35,2.0,3.0
cilostazol,0,369.469,3.465,1.0,81.93,4.0,7.0
67-20-9,0,238.159,0.073,1.0,118.05,2.0,3.0
sorbinil,0,236.202,0.643,2.0,67.43,3.0,0.0
furazolidone,0,225.16,0.974,0.0,98.18,2.0,3.0
135729-75-8,1,296.414,2.657,0.0,23.55,6.0,1.0
xylose,0,150.13,-2.74,4.0,97.99,0.0,4.0
schembl5951410,0,452.371,2.229,2.0,153.48,4.0,8.0
tiludronate disodium,0,318.611,2.071,4.0,115.06,1.0,4.0
cyclophosphamide,0,261.089,1.884,1.0,41.57,1.0,5.0
trofosfamide,0,323.588,2.835,0.0,32.78,1.0,7.0
sucralfate,0,968.782,-6.821,8.0,536.49,2.0,20.0
sulfoxone,0,404.491,1.702,4.0,132.8,2.0,8.0
isosorbide mononitrate,0,191.139,-1.278,1.0,91.06,2.0,2.0
pentaerythritol tetranitrate,0,316.135,-1.194,0.0,209.48,0.0,12.0
nitroglycerin,0,227.085,-1.02,0.0,157.11,0.0,8.0
erythrityl,0,302.108,-1.443,0.0,209.48,0.0,11.0
brivudine,0,333.138,-0.457,3.0,104.55,2.0,3.0
tegafur,0,200.169,-0.015,1.0,64.09,2.0,1.0
"uridine, 5-(2-bromoethenyl)-",0,349.137,-1.486,4.0,124.78,2.0,3.0
uramustine,0,252.101,0.347,2.0,68.96,1.0,5.0
"1,6-dibromo-1,6-dideoxyhexitol",0,307.966,-0.78,4.0,80.92,0.0,5.0
voglibose,0,267.278,-4.492,8.0,153.64,1.0,5.0
lactitol,0,344.313,-5.761,9.0,200.53,1.0,8.0
dropropizine,0,236.315,0.162,2.0,46.94,2.0,4.0
chlorphenesin,1,202.637,1.072,2.0,49.69,1.0,4.0
"1-(2-hydroxyethyl)-2-(hydroxymethyl)piperidine-3,4,5-triol",0,207.226,-3.262,5.0,104.39,1.0,3.0
clopenthixol,1,400.975,4.236,1.0,26.71,4.0,5.0
bithionol,0,356.057,5.863,2.0,40.46,2.0,2.0
iodoquinol,0,396.953,3.15,1.0,33.12,2.0,0.0
hexoprenaline,0,420.506,2.016,8.0,145.44,2.0,13.0
brimonidine,1,292.14,1.763,2.0,62.2,3.0,1.0
norgestrel,0,312.453,3.883,1.0,37.3,4.0,1.0
mupirocin,0,500.629,2.593,4.0,146.05,2.0,16.0
calcitriol,0,416.646,5.705,3.0,60.69,3.0,6.0
cholecalciferol,0,384.648,7.619,1.0,20.23,3.0,6.0
cefixime,0,453.458,-0.545,4.0,184.51,3.0,8.0
sulfacetamide,0,214.246,0.094,2.0,89.26,1.0,2.0
acetylcysteine,0,163.198,-0.494,3.0,66.4,0.0,3.0
zanamivir,0,332.313,-3.785,7.0,200.72,1.0,6.0
pipecuronium bromide,0,602.905,3.634,0.0,59.08,6.0,4.0
vecuronium bromide,0,557.84,5.966,0.0,55.84,6.0,4.0
pancuronium bromide,0,572.875,6.111,0.0,52.6,6.0,4.0
megestrolacetate,0,384.516,4.575,0.0,60.44,4.0,2.0
medroxyprogesterone,0,344.495,4.084,1.0,54.37,4.0,1.0
levobunolol,1,291.391,2.333,2.0,58.56,2.0,5.0
timolol,1,316.427,0.502,2.0,79.74,2.0,6.0
dexpanthenol,0,205.254,-1.136,4.0,89.79,0.0,6.0
ceftazidime,0,547.595,0.036,4.0,188.39,4.0,9.0
gonadorelin,0,1182.311,-4.387,16.0,474.63,6.0,31.0
goserelin,0,1269.433,-3.106,17.0,495.89,6.0,31.0
imiquimod,0,240.31,2.823,1.0,56.73,3.0,2.0
octreotide,0,1019.261,-0.805,13.0,332.22,5.0,17.0
zileuton,0,236.296,2.732,2.0,66.56,2.0,2.0
permethrin,0,391.294,6.113,0.0,35.53,3.0,6.0
flunisolide,0,434.504,2.275,2.0,93.06,5.0,2.0
argatroban,0,508.645,0.703,5.0,180.21,3.0,9.0
isoetharine,0,239.315,1.908,4.0,72.72,1.0,5.0
vinorelbine,0,778.947,4.754,2.0,133.87,9.0,7.0
ibutilide,0,384.586,4.164,2.0,69.64,1.0,14.0
dinoprostone,0,352.471,3.251,3.0,94.83,1.0,12.0
epoprostenol,0,352.471,3.409,3.0,86.99,2.0,10.0
bupivacaine,0,288.435,3.897,1.0,32.34,2.0,5.0
dibucaine,0,343.471,3.485,1.0,54.46,2.0,10.0
eprosartan,0,424.522,4.744,2.0,92.42,3.0,10.0
pramipexole,1,211.334,1.582,2.0,50.94,2.0,3.0
clindamycin,0,424.991,0.39,4.0,102.26,2.0,7.0
perindopril,0,368.474,1.941,2.0,95.94,2.0,8.0
nedocromil,0,371.345,2.477,2.0,126.81,3.0,5.0
leuprolide,0,1209.421,-1.438,15.0,431.54,6.0,32.0
brinzolamide,0,383.517,0.087,2.0,118.8,2.0,7.0
dorzolamide,0,324.449,0.612,2.0,106.33,2.0,3.0
oseltamivir,0,312.41,1.285,2.0,90.65,1.0,7.0
moexipril,0,498.576,2.584,2.0,114.4,3.0,11.0
quinapril,0,438.524,2.567,2.0,95.94,3.0,9.0
ramipril,0,416.518,2.383,2.0,95.94,3.0,9.0
trandolapril,0,430.545,2.773,2.0,95.94,3.0,9.0
benazepril,0,424.497,2.573,2.0,95.94,3.0,9.0
tazarotene,0,351.471,4.432,0.0,39.19,3.0,2.0
repaglinide,0,452.595,5.22,2.0,78.87,3.0,10.0
tamsulosin,0,408.52,2.341,2.0,99.88,2.0,11.0
candesartan,0,440.463,4.029,2.0,118.81,5.0,7.0
methylergonovine,0,339.439,1.925,3.0,68.36,4.0,4.0
oxytocin,0,1007.207,-3.609,12.0,399.53,3.0,17.0
edrophoniumchloride,0,166.244,1.979,1.0,20.23,1.0,2.0
irinotecan,0,586.689,4.091,1.0,114.2,7.0,4.0
cholestyramine,0,296.478,5.182,0.0,0.0,2.0,6.0
olopatadine,0,337.419,3.59,1.0,49.77,3.0,5.0
cyclopentolate,0,291.391,2.18,1.0,49.77,2.0,6.0
naftifine,0,287.406,4.985,0.0,3.24,3.0,5.0
mechlorethamine,0,156.056,1.396,0.0,3.24,0.0,4.0
clemastine,1,343.898,5.104,0.0,12.47,3.0,6.0
phenylephrine,1,167.208,0.645,3.0,52.49,1.0,3.0
cefditoren,0,506.591,1.293,3.0,160.1,4.0,7.0
cefotaxime,0,455.474,-0.622,3.0,173.51,3.0,7.0
ceftizoxime,0,383.411,-0.556,3.0,147.21,3.0,5.0
nisoldipine,0,388.42,3.202,1.0,107.77,2.0,6.0
clopidogrel,0,321.829,3.674,0.0,29.54,3.0,3.0
cefpodoxime,0,427.464,-0.539,3.0,156.44,3.0,7.0
plicamycin,0,1085.156,-0.249,11.0,358.2,8.0,15.0
rifampin,0,822.953,4.335,6.0,220.15,6.0,4.0
rifapentine,0,877.045,5.648,6.0,220.15,7.0,5.0
sirolimus,0,914.187,6.181,3.0,195.43,4.0,6.0
mycophenolic acid,0,320.341,2.733,2.0,93.06,2.0,6.0
moxifloxacin,0,401.438,2.371,2.0,83.8,5.0,4.0
trimethobenzamide,1,388.464,2.583,1.0,69.26,2.0,10.0
capsaicine,0,305.418,3.79,2.0,58.56,1.0,9.0
formoterol,1,344.411,2.223,4.0,90.82,2.0,9.0
meropenem,0,383.47,-0.308,3.0,110.18,3.0,5.0
voriconazole,0,349.316,2.177,1.0,76.72,3.0,5.0
levocabastine,1,420.528,4.894,1.0,64.33,4.0,4.0
dezocine,1,245.366,3.114,2.0,46.25,3.0,0.0
captopril,0,217.29,0.628,2.0,57.61,1.0,3.0
aztreonam,0,435.44,-1.172,4.0,201.58,2.0,7.0
metyrosine,0,195.218,0.737,3.0,83.55,1.0,3.0
fluoxymesterone,0,336.447,3.332,2.0,57.53,4.0,0.0
estramustine,0,440.411,5.182,1.0,49.77,4.0,5.0
succinylcholine,0,290.404,0.265,0.0,52.6,0.0,9.0
mivacuriumchloride,0,271.158,3.137,1.0,41.99,1.0,1.0
fluticasonepropionate,0,530.702,5.184,3.0,105.45,2.0,11.0
ciclopirox,0,207.273,2.442,1.0,42.23,2.0,1.0
tolterodine,0,325.496,5.341,1.0,23.47,2.0,7.0
lopinavir,0,628.814,4.328,4.0,120.0,4.0,15.0
meperidide,1,436.571,4.753,0.0,40.62,4.0,7.0
tolnaftate,0,307.418,4.948,0.0,12.47,3.0,2.0
pemirolast,0,228.215,0.183,1.0,88.83,3.0,1.0
pyridoxine,0,169.18,0.08,3.0,73.58,1.0,2.0
thiamine,0,265.362,0.608,2.0,75.91,2.0,4.0
lindane,0,290.832,3.644,0.0,0.0,1.0,0.0
colestipol,0,281.832,-1.703,5.0,100.66,1.0,11.0
oxiconazole,0,429.134,6.118,0.0,39.41,3.0,6.0
lodoxamide,0,311.637,0.258,4.0,156.59,1.0,2.0
pentamidine,0,340.427,2.883,4.0,118.2,2.0,10.0
desmopressin,0,1069.238,-4.342,13.0,437.91,4.0,19.0
vasopressin,0,1084.253,-5.405,14.0,463.93,4.0,19.0
lisinopril,0,405.495,1.235,4.0,132.96,2.0,12.0
levothyroxine,0,776.872,4.557,3.0,92.78,2.0,5.0
liothyronine,0,650.976,3.953,3.0,92.78,2.0,5.0
fludarabinephosphate,0,261.031,1.638,2.0,106.46,1.0,2.0
cidofovir,0,279.189,-1.662,4.0,147.9,1.0,6.0
lamivudine,0,229.261,-0.594,2.0,90.37,2.0,2.0
gemcitabine,0,263.2,-1.289,3.0,110.6,2.0,2.0
dolasetron,1,324.38,2.519,1.0,62.4,6.0,2.0
dantrolene,0,314.257,1.74,1.0,118.05,3.0,4.0
anthralin,0,226.231,2.233,2.0,57.53,3.0,0.0
ifosfamide,0,261.089,1.884,1.0,41.57,1.0,5.0
isosorbide mononitrate,0,191.139,-1.278,1.0,91.06,2.0,2.0
isosorbide dinitrate,0,236.136,-1.062,0.0,123.2,2.0,4.0
salmeterol,0,415.574,4.107,4.0,81.95,2.0,16.0
fenoldopam,0,305.761,2.734,4.0,72.72,3.0,1.0
zoledronicacid,0,272.192,4.235,1.0,15.79,2.0,1.0
tolazoline,1,160.22,1.231,1.0,24.39,2.0,2.0
naphazoline,0,210.28,2.384,1.0,24.39,3.0,2.0
smr000539419,0,310.437,3.659,1.0,37.3,4.0,1.0
norelgestromin,0,327.468,4.144,2.0,52.82,4.0,1.0
gestrinone,0,308.421,3.723,1.0,37.3,4.0,1.0
etonogestrel,0,324.464,4.049,1.0,37.3,4.0,1.0
chembl3560261,0,310.481,4.87,1.0,20.23,4.0,1.0
inostral,0,310.437,3.916,1.0,29.46,4.0,1.0
norgestimate,0,369.505,4.715,1.0,58.89,4.0,2.0
"(17-acetyloxy-17-ethynyl-13-methyl-2,3,6,7,8,9,10,11,12,14,15,16-dodecahydro-1h-cyclopenta[a]phenanthren-3-yl) acetate",0,384.516,4.426,0.0,52.6,4.0,2.0
chembl306438,0,477.481,0.982,5.0,207.3,3.0,10.0
1875-50-9,1,171.243,1.897,1.0,12.03,2.0,2.0
bisantrene hydrochloride,0,398.474,1.758,4.0,97.56,5.0,4.0
schembl14616863,0,500.629,2.593,4.0,146.05,2.0,16.0
schembl3670439,0,506.709,4.051,3.0,112.05,3.0,2.0
dienestrol,0,266.34,4.605,2.0,40.46,2.0,3.0
ingenol mebutate,0,430.541,2.332,3.0,104.06,4.0,3.0
crotamiton,0,203.285,2.924,0.0,20.31,1.0,3.0
nsc116069,0,223.272,1.111,1.0,72.69,1.0,7.0
cefprozil,0,389.433,0.707,4.0,132.96,3.0,5.0
vocamine,0,704.912,6.489,2.0,99.89,10.0,5.0
perhexiline,0,277.496,5.295,1.0,12.03,3.0,4.0
doxercalciferol,0,412.658,6.612,2.0,40.46,3.0,5.0
calcipotriol,0,412.614,5.091,3.0,60.69,4.0,5.0
eldecalcitol,0,490.725,5.082,4.0,90.15,3.0,10.0
calcitriol,0,416.646,5.705,3.0,60.69,3.0,6.0
alfacalcidol,0,400.647,6.59,2.0,40.46,3.0,6.0
arglabin,0,246.306,2.372,0.0,38.83,4.0,0.0
entecavir,0,277.284,-0.828,4.0,130.05,3.0,2.0
exemestane,0,296.41,4.03,0.0,34.14,4.0,0.0
ergocalciferol,0,396.659,7.641,1.0,20.23,3.0,5.0
calcidiol,0,400.647,6.734,2.0,40.46,3.0,6.0
"3-{2-[7-(1,5-dimethylhexyl)-6-methylbicyclo[4.3.0]non-2-ylidene]ethylidene}-4- methylenecyclohexan-1-ol",0,384.648,7.619,1.0,20.23,3.0,6.0
eribulin,0,729.908,3.438,2.0,146.39,10.0,4.0
224452-66-8,0,517.776,5.251,1.0,66.84,5.0,5.0
cefdinir,0,395.422,-0.172,4.0,158.21,3.0,5.0
cefixime ep impurity a,0,453.458,-0.545,4.0,184.51,3.0,8.0
mcule-5010058438,0,300.486,5.256,1.0,20.23,4.0,2.0
"[(2s,3s,5s,8r,9s,10s,13s,14s,16s,17r)-3-hydroxy-10,13-dimethyl-2-morpholin-4-yl-16-(1-prop-2-enylpyrrolidin-1-ium-1-yl)-2,3,4,5,6,7,8,9,11,12,14,15,16,17-tetradecahydro-1h-cyclopenta[a]phenanthren-17-yl] acetate",0,529.786,4.408,1.0,59.0,6.0,5.0
verteporfin,0,720.823,4.206,4.0,175.93,6.0,9.0
acalabrutinib,0,465.517,3.313,2.0,118.51,5.0,4.0
iloprost phenacyl ester,0,478.629,4.883,2.0,83.83,3.0,11.0
"8-(3-aminopiperidin-1-yl)-7-(but-2-yn-1-yl)-3-methyl-1-((4-methylquinazolin-2-yl)methyl)-1h-purine-2,6(3h,7h)-dione",0,472.553,1.147,1.0,116.86,5.0,4.0
paricalcitol,0,416.646,5.561,3.0,60.69,3.0,5.0
epalrestat,0,319.407,2.919,1.0,57.61,2.0,4.0
deferoxamine,0,560.693,0.922,6.0,205.84,0.0,23.0
2-acetamido-2-deoxyglucose,0,221.209,-3.235,5.0,127.09,0.0,6.0
zanamivir,0,332.313,-3.785,7.0,200.72,1.0,6.0
hms3373j14,0,789.099,-0.029,6.0,168.66,2.0,5.0
diatrizoate,0,488.019,2.511,3.0,95.5,1.0,3.0
trametinib,0,615.403,3.94,2.0,107.13,5.0,5.0
methacholine,0,160.237,0.644,0.0,26.3,0.0,3.0
cyproterone,0,416.945,4.608,0.0,60.44,5.0,2.0
"3,20-dioxopregna-4,6-dien-17-yl acetate",0,370.489,4.185,0.0,60.44,4.0,2.0
medroxyprogesterone,0,386.532,4.655,0.0,60.44,4.0,2.0
fusidic acid,0,516.719,5.666,3.0,104.06,4.0,5.0
pipecuronium,0,602.905,3.634,0.0,59.08,6.0,4.0
"3,17-bis(acetyloxy)-16-(1-methylpiperidinium-1-yl)-2-(piperidin-1-yl)androstane",0,557.84,5.966,0.0,55.84,6.0,4.0
bdbm86425,0,572.875,6.111,0.0,52.6,6.0,4.0
roxatidine acetate,0,348.443,2.121,1.0,67.87,2.0,9.0
prasugrel,0,373.449,3.891,0.0,46.61,4.0,5.0
394730-60-0,0,519.687,1.711,4.0,150.7,3.0,8.0
remikiren,0,630.852,3.096,5.0,161.48,4.0,15.0
ivacaftor,0,392.499,5.081,3.0,82.19,3.0,2.0
ceftazidime,0,547.595,0.036,4.0,188.39,4.0,9.0
2-(3-(diisopropylamino)-1-phenylpropyl)-4-(hydroxymethyl)phenyl isobutyrate,1,411.586,5.381,1.0,49.77,2.0,10.0
ibudilast,0,230.311,3.296,0.0,34.37,2.0,3.0
carfilzomib,0,719.924,2.584,4.0,158.47,4.0,20.0
darunavir,0,547.674,2.375,3.0,140.42,4.0,11.0
sobuzoxane,0,514.532,-0.139,0.0,152.3,2.0,11.0
selexipag,0,496.633,3.898,1.0,101.49,3.0,12.0
triaconazole,0,532.472,4.463,0.0,64.88,5.0,8.0
sofosbuvir,0,529.458,1.657,3.0,158.18,3.0,10.0
209860-87-7,0,452.538,4.683,2.0,75.99,2.0,12.0
schembl2177081,0,500.554,4.427,3.0,96.22,2.0,12.0
15(s)-latanoprost,0,432.601,4.186,3.0,86.99,2.0,13.0
isoflurophate,0,184.147,2.914,0.0,35.53,0.0,4.0
atorvastatin,0,558.65,6.314,4.0,111.79,4.0,12.0
ecabet,0,380.506,4.152,2.0,91.67,3.0,3.0
amlexanox,0,298.298,2.745,2.0,106.42,3.0,2.0
epervudine,0,270.285,-0.699,3.0,104.55,2.0,3.0
"thiazol-5-ylmethyl (2r,5r)-5-((s)-2-(3-((2-isopropylthiazol-4-yl)methyl)-3-methylureido)-4-morpholinobutanamido)-1,6-diphenylhexan-2-ylcarbamate",0,776.042,6.001,3.0,138.02,5.0,19.0
rosuvastatin,0,481.546,2.402,3.0,140.92,2.0,10.0
chebi:38562,0,411.473,4.628,3.0,82.69,3.0,8.0
tauroursodeoxycholic acid,0,499.714,3.397,4.0,123.93,4.0,7.0
silodosin,0,495.542,3.071,3.0,97.05,3.0,13.0
lisdexamfetamine,1,263.385,1.19,3.0,81.14,1.0,8.0
tebipenem,0,497.639,1.666,1.0,108.74,4.0,6.0
aprepitant,1,534.432,4.952,2.0,83.24,4.0,6.0
crizotinib,0,450.345,5.038,2.0,77.99,4.0,5.0
stepronin,0,273.335,1.211,2.0,83.47,1.0,5.0
84494-70-2,0,330.512,6.471,0.0,26.3,0.0,14.0
sulbactam sodium,0,233.245,-0.795,1.0,91.75,2.0,1.0
78852-98-9,0,358.46,1.433,4.0,129.72,1.0,11.0
tamibarotene,0,351.446,4.986,2.0,66.4,3.0,3.0
cycloguanil,0,251.721,1.526,2.0,80.0,2.0,1.0
mls006011456,0,461.5,0.094,4.0,148.15,4.0,5.0
dienogest,0,311.425,3.837,1.0,61.09,4.0,1.0
trilostane [usan:ban:inn:jan],0,329.44,2.84,1.0,73.62,5.0,0.0
dutasteride,0,514.51,6.186,2.0,58.2,5.0,2.0
nandrobolic,0,406.566,5.673,0.0,43.37,5.0,4.0
fulvestrant r enantiomer,0,606.782,8.683,2.0,63.52,4.0,14.0
estriol,0,288.387,2.58,3.0,60.69,4.0,0.0
sulindac,1,356.418,4.366,1.0,60.36,3.0,4.0
menadione,0,172.183,2.012,0.0,34.14,2.0,0.0
xanthophyll,0,568.886,10.403,2.0,40.46,2.0,10.0
natamycin,0,665.733,0.12,7.0,230.99,4.0,3.0
levosimendan,0,280.291,1.362,2.0,113.43,2.0,3.0
digoxin,0,764.95,3.247,5.0,182.83,8.0,7.0
nicotinoyl cyclandelate,0,381.472,4.738,0.0,65.49,3.0,5.0
2.alpha.-methyldihydrotestosterone,0,304.474,4.205,1.0,37.3,4.0,0.0
menthol,0,156.269,2.44,1.0,20.23,1.0,1.0
dihydrotachysterol,0,398.675,7.721,1.0,20.23,3.0,5.0
nadifloxacin,0,360.385,2.307,2.0,82.77,4.0,2.0
121785-71-5,0,508.645,0.703,5.0,180.21,3.0,9.0
acarbose,0,645.608,-8.565,14.0,321.17,4.0,9.0
mls002702983,0,584.659,-1.515,8.0,206.6,6.0,4.0
cevimeline,0,199.319,1.56,0.0,12.47,4.0,0.0
ramelteon,1,259.349,2.568,1.0,38.33,3.0,4.0
schembl3959596,0,700.791,4.573,1.0,115.7,7.0,12.0
clinofibrate,0,468.59,6.201,2.0,93.06,3.0,10.0
cinalukast,0,412.555,5.801,2.0,79.29,3.0,9.0
procaterol,0,290.363,2.044,4.0,85.35,2.0,5.0
3-(1-(dimethylamino)-2-methylpentan-3-yl)phenol,1,221.344,3.084,1.0,23.47,1.0,5.0
vinorelbine,0,750.893,4.368,2.0,133.87,9.0,6.0
pilocarpine,0,208.261,1.162,0.0,44.12,2.0,3.0
ajmaline,0,326.44,1.554,2.0,46.94,7.0,1.0
spinosad,0,745.995,5.878,0.0,111.22,6.0,9.0
clevidipine,0,456.322,4.245,1.0,90.93,2.0,7.0
carisoprodol,1,260.334,2.023,2.0,90.65,0.0,7.0
telaprevir,0,679.863,2.446,4.0,179.56,5.0,13.0
phenylbutazone,0,294.354,3.398,0.0,40.62,3.0,4.0
valrubicin,0,723.65,2.462,5.0,215.22,5.0,10.0
misoprostol,1,382.541,3.954,2.0,83.83,1.0,13.0
octocrylene,0,361.485,5.772,0.0,50.09,2.0,9.0
lubiprostone,0,390.467,4.31,2.0,83.83,2.0,11.0
treprostinil,0,390.52,3.583,3.0,86.99,3.0,10.0
monoctanoin,0,234.292,0.562,3.0,86.99,0.0,9.0
laninamivir octanoate,0,472.539,-0.22,5.0,195.79,1.0,14.0
ethanolamine oleate,0,311.51,4.523,2.0,63.32,0.0,16.0
nandrolone decanoate,0,428.657,7.181,0.0,43.37,4.0,9.0
clindamycin palmitate,0,663.406,6.422,3.0,108.33,2.0,22.0
1-docosanol,0,326.609,7.801,1.0,20.23,0.0,20.0
1-hexadecanol,0,242.447,5.46,1.0,20.23,0.0,14.0
thonzonium,0,511.819,8.05,0.0,38.25,2.0,22.0
sodium tetradecyl sulfate,0,294.457,4.507,1.0,63.6,0.0,14.0
bibr 1048,0,627.746,5.812,3.0,151.53,4.0,15.0
ibandronate,0,302.224,1.057,4.0,118.3,0.0,9.0
tegaserod,0,301.394,2.605,3.0,87.79,2.0,7.0
pentyl nitrite,0,117.148,1.875,0.0,38.66,0.0,5.0
neticonazole,0,302.443,4.662,0.0,27.05,2.0,8.0
"1-butyl-2-(hydroxymethyl)piperidine-3,4,5-triol",1,219.281,-1.454,4.0,84.16,1.0,4.0
oxybuprocaine,0,308.422,2.946,1.0,64.79,1.0,10.0
schembl618214,0,440.606,2.95,3.0,104.73,2.0,14.0
bremelanotide,0,1027.198,-1.385,13.0,375.21,5.0,17.0
fimasartan,0,501.66,4.221,1.0,92.59,4.0,9.0
forasartan,0,416.533,4.254,1.0,98.06,4.0,10.0
eprosartan,0,424.522,4.744,2.0,92.42,3.0,10.0
dronedarone,0,556.769,7.049,1.0,88.85,3.0,18.0
ent-rotigotine,1,315.482,4.266,1.0,23.47,3.0,6.0
propyliodone,0,447.01,2.011,0.0,48.3,1.0,4.0
udenafil,0,516.668,2.828,2.0,122.21,4.0,11.0
vemurafenib,0,489.931,5.544,2.0,91.92,4.0,7.0
ticagrelor,0,522.578,2.014,4.0,138.44,5.0,10.0
lucanthone,0,340.492,4.477,1.0,32.34,3.0,6.0
clomiphene,0,405.969,6.563,0.0,12.47,3.0,9.0
dalfopristin,0,690.86,2.269,2.0,176.42,3.0,7.0
schembl180549,0,545.703,4.447,2.0,114.99,3.0,9.0
tolterodine,1,311.469,4.953,1.0,23.47,2.0,7.0
hydroxychloroquine,0,335.879,3.783,2.0,48.39,2.0,9.0
tropicamide,0,284.359,2.206,1.0,53.43,2.0,6.0
dorzolamide,0,324.449,0.612,2.0,106.33,2.0,3.0
netilmicin,0,475.587,-3.201,8.0,199.73,3.0,8.0
chembl6750,0,383.517,0.087,2.0,118.8,2.0,7.0
etretinate,0,354.49,5.646,0.0,35.53,1.0,7.0
etozoline,0,284.381,1.408,0.0,49.85,2.0,3.0
schembl20840151,0,452.551,2.61,2.0,95.94,3.0,11.0
schembl683273,0,405.451,0.876,2.0,116.25,2.0,9.0
temocapril,0,476.62,2.972,2.0,95.94,3.0,10.0
malathion,0,330.364,2.122,0.0,71.06,0.0,9.0
ethyl 10-(2-iodophenyl)undecanoate,0,416.343,6.079,0.0,26.3,1.0,11.0
ximelagatran,0,473.574,1.1,4.0,146.35,3.0,10.0
cadralazine,0,283.332,0.757,3.0,99.61,1.0,7.0
schembl8923875,0,470.544,2.674,2.0,129.26,1.0,12.0
suplatast,0,328.454,1.669,2.0,67.79,1.0,10.0
bilastine,0,463.622,4.857,1.0,67.59,4.0,10.0
echothiophate,0,256.328,2.607,0.0,35.53,0.0,8.0
"1-(3,4-diethoxybenzyl)-6,7-diethoxy-3,4-dihydroisoquinoline",0,397.515,4.869,0.0,49.28,3.0,10.0
chembl2139953,0,408.878,1.844,4.0,99.38,3.0,6.0
ertugliflozin,0,436.888,1.356,4.0,108.61,4.0,6.0
gallamine triethiodide,0,510.828,5.453,0.0,27.69,1.0,21.0
"(r)-5-(2-(5,6-diethyl-2,3-dihydro-1h-inden-2-ylamino)-1-hydroxyethyl)-8-hydroxyquinolin-2(1h)-one",0,392.499,3.149,4.0,85.35,4.0,6.0
saprisartan,0,611.44,5.907,2.0,120.22,5.0,8.0
bambuterol,0,367.446,2.229,2.0,91.34,1.0,5.0
clomocycline,0,492.912,0.134,6.0,167.63,4.0,3.0
desvenlafaxine,1,263.381,2.733,2.0,43.7,2.0,4.0
toremifene,0,405.969,6.215,0.0,12.47,3.0,9.0
omadacycline,0,556.66,1.166,6.0,176.66,4.0,6.0
schembl15367478,0,585.658,0.357,7.0,205.76,4.0,6.0
gentian violet,0,372.536,4.46,0.0,9.49,3.0,4.0
fominoben,0,401.894,2.883,1.0,61.88,3.0,6.0
streptozocin,0,249.223,-2.209,4.0,131.69,1.0,3.0
mizolastine,0,432.503,3.412,1.0,70.05,5.0,5.0
ergotamine,1,581.673,1.991,3.0,118.21,8.0,4.0
physostigmine,0,261.325,1.513,1.0,58.8,3.0,1.0
eletriptan,1,382.529,3.821,1.0,53.17,4.0,6.0
edoxaban,0,548.069,1.29,3.0,136.63,4.0,5.0
lidamidine,0,220.276,1.369,3.0,79.51,1.0,1.0
dtpa-bma,0,419.435,-3.362,5.0,179.82,0.0,16.0
regorafenib,0,482.821,5.689,3.0,92.35,3.0,5.0
axitinib,0,386.48,4.639,2.0,70.67,4.0,5.0
regadenoson,0,390.36,-2.435,5.0,186.46,4.0,4.0
isometheptene,1,141.258,2.341,1.0,12.03,0.0,4.0
mecamylamine,0,167.296,2.421,1.0,12.03,2.0,1.0
spectinomicina,0,332.353,-2.926,5.0,129.51,3.0,2.0
cefditoren,0,506.591,1.293,3.0,160.1,4.0,7.0
cefotaxime,0,455.474,-0.622,3.0,173.51,3.0,7.0
cefuroxime,0,424.391,-0.536,3.0,173.76,3.0,7.0
akos015896102,0,511.571,-0.87,3.0,190.81,4.0,8.0
ceftizoxime,0,383.411,-0.556,3.0,147.21,3.0,5.0
cefuroxime axetil,0,510.481,-0.168,2.0,189.06,3.0,9.0
cefditoren pivoxil,0,620.735,2.298,2.0,175.4,4.0,9.0
cefetamet pivoxyl,0,511.582,0.84,2.0,162.51,3.0,7.0
ceftriaxone sodium,0,555.6,-2.192,5.0,216.81,4.0,8.0
gemifloxacin,0,389.387,0.966,2.0,123.04,4.0,5.0
.delta.-yohimbine,1,352.434,3.179,1.0,54.56,5.0,1.0
recinnamine,0,634.726,4.571,1.0,117.78,6.0,9.0
methyl aminolevulinate,0,145.158,-0.533,1.0,69.39,0.0,4.0
atazanavir,0,704.869,4.212,5.0,171.22,3.0,14.0
pibrentasvir,0,1113.199,9.448,4.0,199.58,10.0,15.0
nintedanib,0,539.636,4.039,2.0,101.47,5.0,7.0
rifaximin,0,785.891,6.158,5.0,198.38,6.0,2.0
griseofulvin,0,352.77,2.81,0.0,71.06,3.0,3.0
71963-77-4,0,298.379,2.841,0.0,46.15,5.0,1.0
cefpodoxime,0,427.464,-0.539,3.0,156.44,3.0,7.0
aliskiren,0,551.769,3.294,4.0,146.13,1.0,19.0
candoxatril,0,515.647,4.07,2.0,111.16,4.0,12.0
sarecycline,0,487.509,-0.043,5.0,173.86,4.0,5.0
mycophenolate mofetil,0,433.501,2.524,1.0,94.53,3.0,9.0
troxipide,0,294.351,1.194,2.0,68.82,2.0,5.0
acitretin,0,326.436,5.167,1.0,46.53,1.0,6.0
tafenoquine,0,463.5,5.911,2.0,78.63,3.0,9.0
4354-76-1,0,414.41,2.409,1.0,92.68,5.0,4.0
sulfadimethoxine,0,310.335,0.877,2.0,116.43,2.0,5.0
amsacrine,0,393.468,4.512,2.0,80.32,4.0,5.0
bosutinib,0,530.456,5.19,1.0,82.88,4.0,9.0
fostamatinib,0,580.466,3.095,4.0,186.72,4.0,10.0
erdafitinib,0,446.555,4.184,1.0,77.33,4.0,9.0
tubocurarine,0,609.743,6.701,2.0,80.62,8.0,2.0
alfuzosin,0,389.456,1.351,2.0,111.83,3.0,8.0
adapalene,0,412.529,6.681,1.0,46.53,7.0,4.0
apixaban,0,459.506,2.7,1.0,110.76,5.0,5.0
vesnarinone,0,395.459,2.551,1.0,71.11,4.0,4.0
hesperetin,0,302.282,2.519,3.0,96.22,3.0,2.0
denopaminum [latin],0,317.385,2.275,3.0,70.95,2.0,8.0
schembl2624888,0,349.471,2.641,1.0,51.16,3.0,7.0
avanafil,0,483.96,2.432,3.0,125.39,4.0,9.0
mequinol,0,124.139,1.401,1.0,29.46,1.0,1.0
23981-80-8,1,230.263,3.037,1.0,46.53,2.0,3.0
ncgc00181151-01,0,652.832,7.452,0.0,55.38,8.0,4.0
sarpogrelate,0,429.513,3.197,1.0,85.3,2.0,13.0
letermovir,0,572.559,5.707,1.0,77.84,5.0,6.0
methcillin,0,380.422,0.949,2.0,105.17,3.0,5.0
ilaprazole,0,366.446,3.373,1.0,78.79,4.0,5.0
nelarabine,0,297.271,-1.971,4.0,148.77,3.0,3.0
sulfalene,0,280.309,0.868,2.0,107.2,2.0,4.0
sulfadoxine,0,310.335,0.877,2.0,116.43,2.0,5.0
lapatinib,0,581.069,6.139,2.0,106.35,5.0,11.0
iguratimod,0,374.374,2.525,2.0,114.71,3.0,6.0
pentagastrin,0,767.906,1.52,8.0,250.91,3.0,20.0
triclabendazole,0,359.665,6.037,1.0,37.91,3.0,3.0
enalaprilat,0,348.399,1.126,3.0,106.94,2.0,8.0
iopamidol,0,777.088,-1.014,8.0,188.45,1.0,10.0
equilin,0,268.356,3.738,1.0,37.3,4.0,0.0
decamethonium,0,258.494,3.52,0.0,0.0,0.0,11.0
carbamylcholine,0,147.198,-0.212,1.0,52.32,0.0,3.0
hexafluronium,0,502.746,8.24,0.0,0.0,6.0,9.0
pentolinium,0,240.435,2.638,0.0,0.0,2.0,6.0
bazedoxifene,0,470.613,6.331,2.0,57.86,5.0,7.0
elliptinium acetate,0,277.347,3.621,2.0,39.9,4.0,0.0
rilpivirine,0,366.428,4.989,2.0,97.42,3.0,5.0
etravirine,0,435.285,4.717,2.0,120.64,3.0,4.0
oxymetazoline,0,260.381,2.851,2.0,44.62,2.0,2.0
xylometazoline,0,244.382,3.145,1.0,24.39,2.0,2.0
ciclopirox,0,207.273,2.382,1.0,47.17,2.0,1.0
bopindolol,0,380.488,4.469,2.0,63.35,3.0,7.0
sitaxentan,0,454.913,3.961,1.0,107.73,4.0,6.0
eltrombopag,0,442.475,5.577,3.0,120.04,4.0,5.0
pirfenidone,0,185.226,2.146,0.0,22.0,2.0,1.0
ponatinib,0,532.57,4.456,1.0,65.77,5.0,4.0
phentolamine,0,281.359,2.84,2.0,47.86,3.0,4.0
mozavaptan,0,427.548,5.291,1.0,52.65,4.0,4.0
tolvaptan,0,448.95,5.683,2.0,69.64,4.0,3.0
dapiprazole,0,325.46,2.288,0.0,37.19,4.0,4.0
telotristat,0,546.937,4.51,3.0,142.17,4.0,8.0
sulfamerazine,0,264.31,1.168,2.0,97.97,2.0,3.0
nilotinib,0,529.526,6.356,2.0,97.62,5.0,6.0
telbivudine,0,242.231,-1.514,3.0,104.55,2.0,2.0
clevudine,0,260.221,-1.566,3.0,104.55,2.0,2.0
fomepizole,0,82.106,0.718,1.0,28.68,1.0,0.0
febuxostat,0,316.382,3.723,1.0,83.21,2.0,5.0
alpelisib,0,441.479,3.835,2.0,101.21,3.0,4.0
sulfamoxole,0,267.31,1.674,2.0,98.22,2.0,3.0
dasatinib,0,488.017,3.314,3.0,106.51,4.0,7.0
conivaptan,0,498.586,6.507,2.0,78.09,6.0,4.0
raltitrexed,0,458.496,1.977,4.0,152.69,3.0,9.0
pyridoxal,0,167.164,0.4,2.0,70.42,1.0,2.0
imidafenacin,0,319.408,3.053,1.0,60.91,3.0,6.0
maraviroc,0,513.677,5.951,1.0,63.05,5.0,8.0
prulifloxacin,0,461.471,2.64,1.0,109.13,5.0,4.0
haloprogin,0,361.393,4.422,0.0,9.23,1.0,2.0
eberconazole,0,329.23,4.926,0.0,17.82,4.0,1.0
fenticonazole,0,455.41,7.299,0.0,27.05,4.0,8.0
sertaconazole,0,437.779,7.016,0.0,27.05,4.0,6.0
butoconazole,0,411.785,6.637,0.0,17.82,3.0,7.0
sulconazole,0,397.758,6.518,0.0,17.82,3.0,6.0
tizanidine,1,253.718,1.716,2.0,62.2,3.0,1.0
1108732-05-3,0,339.399,0.394,1.0,97.05,3.0,3.0
nifekalant,0,405.455,0.331,2.0,122.64,2.0,11.0
talazoparib,0,380.358,2.629,2.0,88.49,5.0,2.0
cefamandole nafate,0,490.523,-0.045,2.0,156.61,4.0,9.0
perflutren,0,188.017,2.746,0.0,0.0,0.0,0.0
flutrimazole,0,346.38,5.002,0.0,17.82,4.0,4.0
difenoxin,0,424.544,5.005,1.0,64.33,4.0,7.0
saxagliptin,0,315.417,1.158,2.0,90.35,6.0,2.0
vildagliptin,0,303.406,1.174,2.0,76.36,5.0,3.0
941688-05-7,0,306.373,3.466,1.0,83.18,4.0,4.0
vilazodone,1,441.535,4.03,2.0,102.29,5.0,7.0
guanidine,0,59.072,-1.161,3.0,75.89,0.0,0.0
debrisoquine,0,175.235,0.938,2.0,53.11,2.0,0.0
hidroxiestilbamidina,0,280.331,2.131,5.0,119.97,2.0,4.0
chlorhexidine base,0,505.458,3.337,6.0,177.58,2.0,9.0
(e)-2-((5-nitrofuran-2-yl)methylene)hydrazinecarboxamide,0,198.138,0.19,2.0,123.76,1.0,3.0
sitagliptin,0,407.318,2.016,1.0,77.04,3.0,4.0
gamma-glutamylcysteinylglycine,0,307.328,-2.206,6.0,158.82,0.0,9.0
l-cystine,0,240.306,-0.808,4.0,126.64,0.0,7.0
mimosine,0,198.178,-1.034,3.0,105.55,1.0,3.0
oxaliplatin,0,114.192,0.215,2.0,52.04,1.0,0.0
besifloxacin,0,393.846,3.145,2.0,88.56,4.0,3.0
tosufloxacin,0,404.348,2.039,2.0,101.45,4.0,3.0
spermine,0,202.346,-0.357,4.0,76.1,0.0,11.0
colestipol,0,189.307,-2.327,5.0,88.13,0.0,10.0
betazole,0,111.148,-0.089,2.0,54.7,1.0,2.0
histamine phosphate,0,111.148,-0.089,2.0,54.7,1.0,2.0
mafenide,0,186.236,-0.207,2.0,86.18,1.0,2.0
4-aminohippuric acid,0,194.19,0.083,3.0,92.42,1.0,3.0
sulfathiazole,0,255.324,1.526,2.0,85.08,2.0,3.0
sulfanilamide,0,172.209,-0.084,2.0,86.18,1.0,1.0
proflavine,0,209.252,2.552,2.0,64.93,3.0,0.0
3'-epi gemcitabine (gemcitabine impurity),0,263.2,-1.289,3.0,110.6,2.0,2.0
4-aminopyridine,1,94.117,0.664,1.0,38.91,1.0,0.0
ceftibuten,0,410.433,-0.048,4.0,162.92,3.0,6.0
(s)-mirabegron,1,396.516,2.772,4.0,100.27,3.0,9.0
clofarabine,0,303.681,-0.349,3.0,119.31,3.0,2.0
fludara,0,365.214,-1.724,5.0,186.07,3.0,4.0
pemetrexed,0,427.417,0.666,6.0,191.26,3.0,9.0
tetrahydrofolic acid,0,445.436,-0.282,8.0,211.56,3.0,9.0
decitabine,0,228.208,-2.139,3.0,123.49,2.0,2.0
9-(5-o-phosphonopentofuranosyl)-9h-purin-6-amine,0,347.224,-1.863,5.0,186.07,3.0,4.0
adenosine triphosphate,0,507.182,-1.629,7.0,279.13,3.0,8.0
adenine,0,135.13,-0.065,2.0,80.48,2.0,0.0
selinexor,0,443.311,3.387,2.0,97.62,3.0,5.0
glycerol phenylbutyrate,0,530.661,6.053,0.0,78.9,3.0,17.0
rac trans-lafutidine,0,431.558,2.661,1.0,90.66,3.0,11.0
ioversol,0,807.114,-2.016,8.0,199.89,1.0,12.0
rivaroxaban,0,435.889,2.52,1.0,88.18,4.0,5.0
taurosteine,0,235.286,0.366,2.0,83.47,1.0,4.0
roflumilast,0,403.212,5.031,1.0,60.45,3.0,7.0
pranlukast,0,481.512,4.627,2.0,123.0,5.0,9.0
ozagrel,0,228.251,2.029,1.0,55.12,2.0,4.0
mitiglinide,0,315.413,2.969,1.0,57.61,3.0,5.0
gamma hydroxybutyric acid,1,104.105,-0.157,2.0,57.53,0.0,3.0
gadobenate dimeglumine,0,513.5,-1.099,5.0,205.45,1.0,20.0
gadopentetate dimeglumine,0,393.349,-2.685,5.0,196.22,0.0,16.0
deferasirox,0,373.368,3.711,3.0,108.47,4.0,4.0
tafamidis,0,308.12,4.5,1.0,63.33,3.0,2.0
trospium,1,392.519,3.77,1.0,46.53,5.0,4.0
180272-14-4,1,362.473,3.865,0.0,32.78,6.0,2.0
schembl72140,0,484.663,4.667,1.0,55.76,6.0,9.0
antrafenine,0,588.552,6.995,1.0,57.7,5.0,7.0
benzyl benzoate,0,212.248,3.044,0.0,26.3,2.0,3.0
benzoyl peroxide,0,242.23,2.615,0.0,52.6,2.0,2.0
1-(4-fluorophenyl)-3-(3-(4-fluorophenyl)-3-hydroxypropyl)-4-(4-hydroxyphenyl)azetidin-2-one,0,409.432,4.888,2.0,60.77,4.0,6.0
edaravone,1,160.176,1.409,0.0,32.67,2.0,1.0
dantrolene,1,314.257,1.74,1.0,118.05,3.0,4.0
trimethaphan,0,365.522,3.656,0.0,23.55,5.0,4.0
gluconolactone,0,178.14,-3.013,4.0,107.22,1.0,1.0
furazolidone,0,225.16,0.974,0.0,98.18,2.0,3.0
mitoxantrone,0,444.488,-0.139,8.0,163.18,3.0,12.0
clodronic acid,0,244.891,0.431,4.0,115.06,0.0,2.0
risedronate,0,283.113,-0.374,5.0,148.18,1.0,4.0
zoledronic acid,0,272.09,-1.115,5.0,153.11,1.0,4.0
pentosan polysulfate,0,602.501,-4.811,6.0,322.55,2.0,10.0
taurolidine,0,284.363,-2.671,2.0,98.82,2.0,2.0
isosorbide dinitrate,0,236.136,-1.062,0.0,123.2,2.0,4.0
"thymidine,.alpha.,.alpha.-trifluoro-",0,296.201,-0.804,3.0,104.55,2.0,2.0
floxuridine,0,246.194,-1.684,3.0,104.55,2.0,2.0
ophthalmadine,0,354.1,-1.218,3.0,104.55,2.0,2.0
pentopyranose,0,150.13,-2.582,4.0,90.15,1.0,0.0
isosorbide,0,146.142,-1.494,2.0,58.92,2.0,0.0
dimercaprol,0,124.23,0.207,3.0,20.23,0.0,2.0
lactulose,0,342.297,-5.396,8.0,189.53,2.0,5.0
chloroxine,0,214.051,3.247,1.0,33.12,2.0,0.0
hexachlorophene,0,372.462,5.956,2.0,40.46,2.0,2.0
temoporfin,0,680.764,9.761,6.0,138.28,9.0,4.0
phenol,0,94.113,1.392,1.0,20.23,1.0,0.0
pyrithione,0,127.168,1.455,1.0,25.16,1.0,0.0
plerixafor,0,502.796,0.416,6.0,78.66,3.0,4.0
bifonazole,0,310.4,5.188,0.0,17.82,4.0,4.0
unii-29nc2p836i,1,360.473,2.661,1.0,35.94,3.0,6.0
unii-5d18ipq12r,1,175.187,1.456,1.0,52.32,1.0,2.0
(+)-methylparafynol,1,98.145,0.781,1.0,20.23,0.0,1.0
,1,430.567,5.558,1.0,38.05,6.0,1.0
unii-s4yrd0f99v,1,144.601,1.513,1.0,20.23,0.0,2.0
,1,312.453,3.883,1.0,37.3,4.0,0.0
,1,398.445,-1.504,5.0,170.24,4.0,2.0
unii-9lyo5fuo7p,1,240.347,1.668,0.0,40.62,0.0,6.0
,0,1145.347,2.751,8.0,302.08,5.0,24.0
,0,1202.635,3.269,5.0,278.8,1.0,15.0
,1,264.372,3.099,2.0,27.82,4.0,2.0
(2r)-2-(3h-inden-4-yloxymethyl)morpholine,1,231.295,1.623,1.0,30.49,3.0,3.0
,1,535.637,4.144,1.0,112.02,5.0,6.0
zinc3831179,1,339.435,2.513,2.0,52.93,6.0,2.0
,1,337.507,4.663,1.0,23.47,5.0,2.0
,1,372.461,1.724,3.0,94.83,4.0,2.0
,1,390.451,1.816,3.0,94.83,4.0,2.0
,1,372.461,1.724,3.0,94.83,4.0,2.0
,0,476.869,0.216,6.0,181.62,4.0,2.0
,0,442.424,-0.438,6.0,181.62,4.0,2.0
unii-3w58itx06q component kgkjzekqjqqotd-ssdottswsa-n,1,224.26,0.961,2.0,75.27,1.0,4.0
schembl3297328,0,395.422,-0.172,4.0,158.21,3.0,5.0
108691-83-4,0,453.458,-0.545,4.0,184.51,3.0,8.0
zinc5651105,1,224.26,0.961,2.0,75.27,1.0,4.0
(+)-thiamylal,1,254.355,1.516,2.0,58.2,1.0,5.0
unii-env72c33qd component pxlvrfqebvnjoh-vifpvbqesa-n,1,264.35,1.436,2.0,58.2,2.0,3.0
(r)-allomethadione,1,155.153,0.54,0.0,46.61,1.0,2.0
unii-dfc57v76oc,1,383.47,0.731,2.0,110.96,2.0,8.0
"(1s,9s,10r)-17-prop-2-enyl-17-azatetracyclo[7.5.3.01,10.02,7]heptadeca-2(7),3,5-trien-4-ol",1,283.415,3.637,1.0,23.47,4.0,2.0
,1,437.58,3.424,2.0,62.16,8.0,6.0
,1,395.455,2.545,0.0,65.07,5.0,4.0
(+)-naloxone,1,327.38,1.301,2.0,70.0,5.0,2.0
"(6as,9r,10ar)-n-[3-(dimethylamino)propyl]-n-(ethylcarbamoyl)-7-prop-2-enyl-6,6a,8,9,10,10a-hexahydro-4h-indolo[4,3-fg]quinoline-9-carboxamide",1,451.615,3.194,2.0,71.68,4.0,8.0
"(2r,5s,6r)-3,3-dimethyl-7-oxo-6-[(2-prop-2-enylsulfanylacetyl)amino]-4-thia-1-azabicyclo[3.2.0]heptane-2-carboxylic acid",0,330.431,0.537,2.0,86.71,2.0,6.0
(r)-alfetamine,1,161.248,2.133,1.0,26.02,1.0,4.0
,0,804.031,4.639,3.0,178.36,4.0,7.0
zinc3876069,1,262.309,1.307,1.0,66.48,1.0,3.0
,1,266.341,0.254,3.0,72.8,1.0,3.0
,1,432.488,2.195,2.0,93.06,5.0,3.0
,1,467.65,4.58,2.0,62.16,8.0,4.0
"(2r,5r,6s)-3,3-dimethyl-6-[[(2r)-2-(methylideneamino)-2-phenylacetyl]amino]-7-oxo-4-thia-1-azabicyclo[3.2.0]heptane-2-carboxylic acid",0,361.423,1.06,2.0,99.07,3.0,5.0
zinc40163494,0,411.41,1.265,5.0,158.15,4.0,1.0
,1,439.379,4.152,1.0,71.44,4.0,3.0
,1,550.067,4.703,1.0,105.85,5.0,6.0
,0,407.536,0.092,1.0,87.15,3.0,5.0
n-acetyl-d-glutamine,1,188.183,-1.159,3.0,109.49,0.0,5.0
,1,402.487,2.128,2.0,100.9,4.0,3.0
"[2-[(8r,9r,10s,13s,14r,17r)-17-hydroxy-10,13-dimethyl-3,11-dioxo-1,2,6,7,8,9,12,14,15,16-decahydrocyclopenta[a]phenanthren-17-yl]-2-oxoethyl] acetate",1,402.487,2.561,1.0,97.74,4.0,3.0
,1,416.514,2.374,2.0,100.9,4.0,3.0
zinc66348754,1,420.477,2.221,2.0,100.9,4.0,3.0
zinc118913190,1,422.493,2.445,2.0,100.9,4.0,3.0
,1,478.513,1.762,2.0,127.2,4.0,4.0
,1,559.4,3.462,1.0,106.97,4.0,4.0
,1,494.531,2.985,1.0,106.97,4.0,4.0
,1,459.514,2.655,1.0,102.26,5.0,3.0
,1,476.541,2.846,1.0,99.13,5.0,3.0
,1,452.95,3.569,1.0,80.67,4.0,3.0
zinc253586540,1,404.503,2.352,2.0,100.9,4.0,3.0
,1,434.916,2.554,1.0,97.74,4.0,3.0
,1,434.504,2.467,2.0,100.9,4.0,3.0
,1,530.665,4.301,2.0,101.65,6.0,4.0
,1,470.484,2.712,2.0,100.9,4.0,3.0
,1,434.504,2.322,2.0,100.9,4.0,3.0
,1,504.595,3.673,1.0,106.97,4.0,5.0
,1,528.573,3.924,1.0,120.11,5.0,5.0
,1,441.524,2.563,1.0,102.26,5.0,3.0
,1,494.531,2.938,1.0,99.13,5.0,3.0
"[2-[(1r,2r,4s,8r,9s,11s,12s,13s)-16-(2-chloroethoxy)-12-fluoro-19-formyl-11-hydroxy-6,6,9,13-tetramethyl-5,7-dioxapentacyclo[10.8.0.02,9.04,8.013,18]icosa-16,18-dien-8-yl]-2-oxoethyl] acetate",1,569.066,3.963,1.0,108.36,5.0,7.0
,1,502.579,3.524,1.0,99.13,6.0,3.0
"[2-(acetyloxymethyl)-4-(2-amino-3,6-dihydropurin-9-yl)butyl] acetate",1,323.353,0.256,2.0,120.83,2.0,7.0
"(6r,7s)-3-(acetyloxymethyl)-7-[(2-cyanoacetyl)amino]-8-oxo-5-thia-1-azabicyclo[4.2.0]oct-2-ene-2-carboxylic acid",0,339.329,-0.798,2.0,136.8,2.0,5.0
zinc6318089,0,390.417,0.531,2.0,113.01,3.0,6.0
"(6r,7s)-3-(acetyloxymethyl)-8-oxo-7-[(1-oxo-2-thiophen-2-ylethyl)amino]-5-thia-1-azabicyclo[4.2.0]oct-2-ene-2-carboxylic acid",0,396.446,0.592,2.0,113.01,3.0,6.0
"(6r,7s)-3-(acetyloxymethyl)-7-[[(2s)-2-amino-2-phenylacetyl]amino]-8-oxo-5-thia-1-azabicyclo[4.2.0]oct-2-ene-2-carboxylic acid",0,405.432,-0.012,3.0,139.03,3.0,6.0
"(6r,7s)-3-(acetyloxymethyl)-7-[[3-(2-chlorophenyl)-5-methyl-1,2-oxazole-4-carbonyl]amino]-8-oxo-5-thia-1-azabicyclo[4.2.0]oct-2-ene-2-carboxylic acid",0,491.909,2.219,2.0,139.04,4.0,6.0
,1,480.51,2.348,0.0,126.96,3.0,9.0
"[(1r,6r,7r,7ar)-4-(acetyloxymethyl)-1-(3-methylbutanoyloxy)spiro[6,7a-dihydro-1h-cyclopenta[c]pyran-7,2'-oxirane]-6-yl] 3-methylbutanoate",1,422.474,2.662,0.0,100.66,3.0,8.0
,0,406.46,0.84,1.0,102.01,3.0,6.0
,1,434.504,2.609,2.0,100.9,4.0,3.0
,0,501.576,2.288,2.0,136.07,3.0,3.0
zinc263584296,1,424.49,2.742,0.0,100.66,3.0,8.0
,0,855.934,3.672,4.0,221.29,7.0,10.0
,1,588.509,8.93,0.0,26.3,4.0,6.0
,0,516.719,5.666,3.0,104.06,4.0,5.0
hms3652d17,1,418.505,3.494,1.0,80.67,4.0,2.0
,0,809.906,3.195,5.0,224.45,6.0,8.0
"[(4r,4ar,7r,7ar,12bs)-9-acetyloxy-3-methyl-2,4,4a,7,7a,13-hexahydro-1h-4,12-methanobenzofuro[3,2-e]isoquinolin-7-yl] acetate",1,369.417,1.989,0.0,65.07,5.0,2.0
,1,416.558,4.931,1.0,80.67,4.0,5.0
,1,332.484,3.774,1.0,54.37,4.0,1.0
,1,318.501,4.595,1.0,37.3,4.0,1.0
,1,342.479,3.716,1.0,54.37,4.0,1.0
"(8r,9r,10s,11r,13s,14r,17r)-17-acetyl-11,17-dihydroxy-10,13-dimethyl-7,8,9,11,12,14,15,16-octahydro-6h-cyclopenta[a]phenanthren-3-one",1,344.451,2.585,2.0,74.6,4.0,1.0
zinc25547986,1,376.468,2.923,2.0,74.6,4.0,1.0
,1,332.528,4.985,1.0,37.3,4.0,1.0
zinc118934164,1,316.485,4.205,1.0,37.3,5.0,1.0
,0,483.473,0.632,5.0,176.61,5.0,3.0
,0,513.499,0.726,6.0,196.84,5.0,3.0
schembl16606206,0,497.5,1.02,5.0,176.61,5.0,3.0
,1,376.468,2.923,2.0,74.6,4.0,1.0
,1,346.467,2.809,2.0,74.6,4.0,1.0
,1,386.532,4.608,0.0,52.6,5.0,1.0
,1,418.505,3.446,1.0,72.83,5.0,1.0
zinc1109,1,320.172,1.203,3.0,86.63,1.0,6.0
zinc9230627,0,463.556,1.324,2.0,128.03,3.0,6.0
zinc11616335,0,439.578,2.412,0.0,88.51,3.0,5.0
,1,462.652,4.095,2.0,91.67,4.0,3.0
,1,458.595,3.545,2.0,100.9,4.0,4.0
,1,518.622,4.016,1.0,99.13,5.0,4.0
ks-00002ww2,0,613.803,2.867,4.0,118.03,5.0,11.0
,0,670.855,3.092,5.0,166.75,5.0,12.0
"(2s,3s)-5-[(r)-3-(tert-butylamino)-2-hydroxypropoxy]-1,2,3,4-tetrahydro-2,3-naphthalenediol",0,309.406,0.635,4.0,81.95,2.0,5.0
flerobuterol,1,211.28,2.247,2.0,32.26,1.0,3.0
butaclamol,1,361.529,4.845,1.0,23.47,5.0,0.0
nsc-25141,1,433.039,6.545,0.0,6.48,4.0,5.0
unii-n3o8l7r66h,1,228.719,2.709,2.0,40.46,1.0,3.0
zinc2041240,1,214.692,2.318,2.0,40.46,1.0,2.0
metaglycodol,1,214.692,2.318,2.0,40.46,1.0,2.0
,0,548.603,0.781,4.0,187.75,4.0,9.0
,0,546.045,2.987,3.0,125.04,4.0,8.0
,0,475.423,7.669,2.0,39.66,5.0,4.0
zinc100125124,1,285.431,3.883,1.0,23.47,3.0,2.0
,1,355.434,2.082,2.0,70.0,5.0,2.0
,1,540.697,4.704,1.0,99.13,6.0,5.0
,0,510.612,3.081,1.0,102.01,4.0,8.0
promoxolane,1,188.267,1.402,1.0,38.69,1.0,3.0
zinc4214115,1,235.327,2.462,1.0,30.49,2.0,5.0
(r)-amixetrine,1,261.409,3.886,0.0,12.47,2.0,7.0
,0,686.899,-0.135,7.0,231.84,2.0,21.0
,0,1882.332,4.372,21.0,548.99,8.0,53.0
,0,1141.47,1.228,10.0,325.46,5.0,16.0
,0,1843.295,3.891,20.0,533.2,7.0,53.0
,0,424.475,1.483,2.0,126.15,3.0,7.0
tocris-0427,0,654.606,3.193,3.0,118.21,7.0,5.0
(r)-oxaflozane,1,273.298,3.487,0.0,12.47,2.0,2.0
zinc1693020,1,328.283,4.368,2.0,32.26,4.0,3.0
"9-[1,3-di(propan-2-yloxy)propan-2-yloxymethyl]-3,6-dihydropurin-2-amine",1,325.413,1.316,2.0,95.92,2.0,9.0
(r)-bromisoval,1,223.07,0.601,2.0,72.19,0.0,2.0
,0,1083.284,1.566,6.0,332.4,1.0,7.0
unii-h61chr8d70,1,354.367,-1.437,4.0,171.37,2.0,8.0
"(1r,6s,8s)-6-propan-2-yl-3-azapentacyclo[11.8.1.03,8.09,22.016,21]docosa-9,11,13(22),16,18,20-hexaen-6-ol",1,347.502,4.455,1.0,23.47,5.0,1.0
ritonavir,0,720.962,5.905,4.0,145.78,4.0,17.0
,1,393.575,4.631,1.0,37.27,5.0,3.0
"(6r,7s)-7-[[(e)-2-(2-amino-1,3-thiazol-4-yl)pent-2-enoyl]amino]-3-(carbamoyloxymethyl)-8-oxo-5-thia-1-azabicyclo[4.2.0]oct-2-ene-2-carboxylic acid",0,453.502,0.353,4.0,177.94,3.0,7.0
,1,434.504,2.275,2.0,93.06,5.0,2.0
,1,339.366,-0.395,1.0,115.54,3.0,3.0
,1,564.606,4.64,1.0,112.27,7.0,4.0
,1,434.504,2.419,2.0,93.06,5.0,2.0
,1,416.514,2.327,2.0,93.06,5.0,2.0
,1,454.966,3.889,1.0,72.83,5.0,2.0
,1,438.536,2.723,2.0,93.06,5.0,2.0
,1,452.494,2.367,2.0,93.06,5.0,2.0
,1,520.569,3.328,1.0,99.13,6.0,4.0
,1,436.52,2.499,2.0,93.06,5.0,2.0
,1,505.841,5.129,0.0,52.6,5.0,2.0
,1,489.386,4.86,0.0,52.6,5.0,2.0
,1,487.395,3.883,1.0,72.83,5.0,2.0
chembl1590255,0,325.434,1.406,1.0,73.21,3.0,3.0
"(2r,5r,6s)-6-[(1-aminocyclohexanecarbonyl)amino]-3,3-dimethyl-7-oxo-4-thia-1-azabicyclo[3.2.0]heptane-2-carboxylic acid",0,341.433,0.28,3.0,112.73,3.0,3.0
"(2r,5r,6s)-6-[[(5r)-5-amino-5-carboxypentanoyl]amino]-3,3-dimethyl-7-oxo-4-thia-1-azabicyclo[3.2.0]heptane-2-carboxylic acid",0,359.404,-0.8,4.0,150.03,2.0,7.0
zinc9302321,0,350.396,0.697,2.0,95.94,3.0,5.0
,0,366.464,1.41,2.0,86.71,3.0,5.0
zinc2572643,0,334.397,0.861,2.0,86.71,3.0,4.0
,0,443.481,1.777,3.0,132.44,4.0,6.0
,1,384.435,0.548,3.0,124.01,3.0,5.0
,0,454.504,2.007,2.0,113.01,4.0,6.0
zinc2009531,0,384.435,0.548,3.0,124.01,3.0,5.0
schembl18872879,0,365.411,0.024,4.0,132.96,3.0,4.0
,0,481.53,1.646,2.0,128.03,5.0,5.0
6-epi-ampicillin,0,349.412,0.318,3.0,112.73,3.0,4.0
,0,729.79,-0.174,7.0,246.74,5.0,13.0
,0,521.555,1.438,4.0,161.82,5.0,6.0
zinc3875034,0,414.461,0.247,3.0,141.08,3.0,5.0
,0,510.576,0.486,5.0,164.58,4.0,8.0
,0,416.415,0.573,3.0,149.79,4.0,4.0
,0,405.476,1.117,3.0,110.18,4.0,3.0
,0,389.477,1.411,2.0,89.95,4.0,3.0
,0,672.702,0.773,8.0,266.27,5.0,9.0
zinc100037462,0,594.668,-0.589,2.0,182.48,5.0,7.0
"(2s,5s,6s)-3,3-dimethyl-7-oxo-6-[[(2r)-2-phenyl-2-(sulfoamino)acetyl]amino]-4-thia-1-azabicyclo[3.2.0]heptane-2-carboxylic acid",0,429.476,-0.248,4.0,153.11,3.0,6.0
,0,425.506,3.085,2.0,92.7,4.0,6.0
,0,494.569,2.496,2.0,113.01,5.0,6.0
,0,351.428,0.222,3.0,112.73,3.0,4.0
,0,549.653,1.458,4.0,140.2,5.0,8.0
,0,423.429,-1.156,4.0,193.74,2.0,9.0
(-)-camphor,1,152.237,2.402,0.0,17.07,2.0,0.0
ks-00000xum,0,349.412,0.349,3.0,112.73,3.0,4.0
,0,397.84,0.804,4.0,132.96,3.0,4.0
,0,440.503,-0.184,4.0,158.9,3.0,6.0
,0,414.487,0.728,3.0,111.1,4.0,5.0
zinc11592639,0,363.395,0.151,4.0,132.96,3.0,4.0
,0,461.54,1.245,2.0,128.03,3.0,6.0
"(10s,11r,12e,17e,19z,21s)-21-hydroxy-11,19-dimethyl-10-propan-2-yl-9,26-dioxa-3,15,28-triazatricyclo[23.2.1.03,7]octacosa-1(27),6,12,17,19,25(28)-hexaene-2,8,14,23-tetrone",0,525.602,2.659,2.0,139.04,3.0,1.0
schembl157330,1,368.82,3.28,0.0,49.85,4.0,1.0
,1,422.504,4.042,1.0,61.61,5.0,4.0
,1,269.344,2.37,1.0,32.7,5.0,0.0
,1,309.413,2.847,1.0,35.58,3.0,3.0
,1,672.8,4.841,3.0,156.02,7.0,6.0
,1,298.394,1.042,1.0,46.47,4.0,0.0
unii-thb9t1jz6c,1,309.453,4.15,0.0,20.31,2.0,7.0
zinc1481925,1,520.036,3.338,0.0,95.94,5.0,3.0
betamethasone dipropionate ep impurity e,1,521.05,4.087,1.0,106.97,4.0,6.0
,1,504.595,3.818,1.0,106.97,4.0,6.0
,1,508.558,3.328,1.0,99.13,5.0,4.0
,1,521.05,3.943,1.0,106.97,4.0,6.0
,0,813.979,2.767,3.0,206.05,3.0,12.0
,0,799.996,3.83,1.0,178.12,4.0,10.0
,1,466.977,4.103,1.0,80.67,4.0,4.0
,1,472.578,3.335,1.0,106.97,4.0,5.0
,1,482.589,4.133,1.0,80.67,4.0,3.0
,1,517.034,4.699,1.0,80.67,4.0,4.0
,1,500.579,4.43,1.0,80.67,4.0,4.0
betaprodine,1,261.365,2.807,0.0,29.54,2.0,3.0
,0,790.001,2.747,4.0,199.98,3.0,9.0
isopropoxyphene,1,339.479,4.276,0.0,29.54,2.0,8.0
,1,460.567,3.313,1.0,106.97,4.0,5.0
,1,462.558,3.511,1.0,89.9,4.0,5.0
,1,370.533,4.497,1.0,54.37,4.0,2.0
,1,360.494,3.199,2.0,74.6,4.0,2.0
chembl252103,1,340.492,4.832,0.0,23.55,3.0,5.0
,1,418.574,4.586,1.0,72.83,3.0,6.0
schembl614,1,183.251,1.128,1.0,46.17,1.0,2.0
,1,462.558,3.199,2.0,93.06,5.0,4.0
,1,384.476,3.979,1.0,66.18,3.0,6.0
,1,567.55,6.114,0.0,86.74,4.0,8.0
,1,432.557,3.133,2.0,100.9,4.0,5.0
"[(8r,9r,10r,11s,13r,14r,17s)-11-hydroxy-10,13-dimethyl-3-oxo-17-(2-propanoyloxyacetyl)-2,6,7,8,9,11,12,14,15,16-decahydro-1h-cyclopenta[a]phenanthren-17-yl] butanoate",1,488.621,4.094,1.0,106.97,4.0,7.0
,1,488.621,3.949,1.0,106.97,4.0,6.0
,1,508.558,3.52,1.0,106.97,4.0,6.0
,1,521.05,4.087,1.0,106.97,4.0,6.0
,1,428.569,4.326,1.0,80.67,4.0,4.0
,1,478.988,4.701,0.0,77.51,4.0,5.0
,1,446.584,3.523,2.0,100.9,4.0,6.0
,1,462.558,3.247,2.0,100.9,4.0,6.0
,1,444.568,3.299,2.0,100.9,4.0,6.0
zinc58482484,1,476.585,3.637,2.0,100.9,4.0,6.0
5-[(z)-n-(2-aminoethoxy)-c-pentylcarbonimidoyl]-2-methylaniline,1,263.385,2.837,2.0,73.63,1.0,8.0
,1,357.538,4.846,1.0,40.54,3.0,7.0
,1,474.613,4.768,1.0,80.67,4.0,7.0
,1,585.829,8.324,0.0,48.0,6.0,16.0
,1,684.955,7.913,2.0,127.2,4.0,21.0
,1,262.401,3.807,3.0,52.21,2.0,9.0
zinc1633927,1,287.4,3.354,1.0,70.78,1.0,10.0
zinc19168143,1,144.262,1.809,2.0,38.05,0.0,6.0
,1,368.477,2.309,2.0,61.8,5.0,5.0
unii-n1rx70k36c component drvzfwzgqkghqo-oyuwmtpxsa-n,1,537.829,9.313,0.0,38.77,4.0,11.0
,0,439.018,0.828,5.0,111.05,2.0,9.0
zinc2037958,1,274.361,2.414,2.0,90.65,0.0,9.0
zinc4213170,1,265.353,2.615,1.0,39.72,2.0,7.0
,1,446.559,3.988,1.0,80.67,4.0,5.0
zinc40163079,1,578.663,2.686,2.0,180.79,2.0,18.0
unii-5z48onn38p component qhzqilhujdrdai-ywzlykjasa-n,1,405.451,1.693,2.0,128.03,2.0,10.0
,0,374.434,-1.755,5.0,129.51,3.0,5.0
unii-6mdc25lqsr component wtbqlhrvrkxspx-mnovxskesa-n,1,215.337,2.09,2.0,49.33,0.0,8.0
"(3r,4as,10as)-3-(diethylsulfamoylamino)-6-hydroxy-1-propyl-3,4,4a,5,10,10a-hexahydro-2h-benzo[g]quinoline",1,395.569,2.136,2.0,72.88,3.0,7.0
unii-3t29053xgs component auvlzbktwscaim-nshdsacasa-n,1,248.282,2.3,1.0,58.64,2.0,3.0
tetrabarbital,1,240.303,1.575,2.0,75.27,1.0,5.0
thiotetrabarbital,1,256.371,1.74,2.0,58.2,1.0,5.0
,1,568.61,4.258,1.0,117.59,5.0,6.0
126-93-2,1,157.213,0.819,1.0,55.62,1.0,4.0
,1,411.542,3.164,2.0,62.16,7.0,4.0
,1,453.579,3.241,1.0,68.23,8.0,5.0
pyrovalerone,1,245.366,3.442,0.0,20.31,2.0,5.0
"5-ethyl-2-hydroxy-5-[(2s)-pentan-2-yl]-1,3-diazinane-4,6-dione",1,228.292,0.341,3.0,78.43,1.0,4.0
,0,504.97,0.507,5.0,148.79,2.0,9.0
,0,424.991,0.39,4.0,102.26,2.0,7.0
,0,406.545,-0.857,5.0,122.49,2.0,7.0
,1,430.541,2.717,2.0,93.06,5.0,4.0
,1,468.537,2.981,2.0,93.06,5.0,4.0
"3-[(3s,4s)-1,3-dimethyl-4-propylpiperidin-4-yl]phenol",1,247.382,3.402,1.0,23.47,2.0,3.0
"n-[3-(3-cyano-1,2-dihydropyrazolo[1,5-a]pyrimidin-7-yl)phenyl]-n-ethylacetamide",1,307.357,2.04,1.0,71.73,3.0,3.0
,0,836.98,5.848,6.0,229.27,5.0,6.0
,0,810.938,5.296,5.0,210.62,5.0,7.0
"3-[(6ar,9r,10as)-7-methyl-6,6a,8,9,10,10a-hexahydro-4h-indolo[4,3-fg]quinolin-9-yl]-1,1-diethylurea",1,340.471,2.932,2.0,51.37,4.0,3.0
nsc 108159,1,404.507,2.423,0.0,68.31,3.0,6.0
zinc5368369,1,292.423,2.162,0.0,40.62,2.0,6.0
,1,473.61,2.45,2.0,104.14,4.0,7.0
,1,475.626,2.674,2.0,104.14,4.0,7.0
"2-(diethylamino)ethyl (2r,5s,6s)-6-[(2,6-dimethoxybenzoyl)amino]-3,3-dimethyl-7-oxo-4-thia-1-azabicyclo[3.2.0]heptane-2-carboxylate",0,479.599,1.75,1.0,97.41,3.0,10.0
,1,376.526,2.056,2.0,68.44,4.0,5.0
(r)-profenamine,1,312.482,5.02,0.0,6.48,3.0,5.0
,0,809.979,6.504,5.0,197.21,5.0,5.0
unii-76444vie9p,1,304.39,2.112,1.0,58.64,2.0,6.0
ncgc00184999-01,1,354.472,1.703,1.0,75.71,2.0,7.0
zinc3830429,0,645.68,-1.112,4.0,220.26,5.0,9.0
"(2s,5s,6s)-6-[[(2s)-2-[(4-ethyl-2,3-dioxopiperazine-1-carbonyl)amino]-2-phenylacetyl]amino]-3,3-dimethyl-7-oxo-4-thia-1-azabicyclo[3.2.0]heptane-2-carboxylic acid",0,517.564,-0.24,3.0,156.43,4.0,6.0
zinc302,1,204.229,1.25,1.0,50.69,2.0,2.0
unii-wjm15a06j6,1,302.83,4.964,1.0,24.39,3.0,2.0
unii-963e1x3t2s,1,300.789,4.422,1.0,33.62,3.0,2.0
,0,346.298,1.66,3.0,86.76,1.0,8.0
zinc1708380,1,219.328,2.386,1.0,21.26,2.0,5.0
,0,475.587,-3.201,8.0,199.73,3.0,8.0
schembl1240370,1,215.34,3.178,1.0,12.03,3.0,3.0
tiletamine,1,223.341,2.696,1.0,29.1,2.0,3.0
,0,862.064,2.68,4.0,226.28,3.0,12.0
unii-057sf9c1uz component zadjrrfmooachl-wrbweijpsa-n,1,466.549,4.954,2.0,75.99,4.0,8.0
carbenzide,1,208.261,1.998,2.0,50.36,1.0,4.0
(r)-carbocloral,1,236.482,1.421,2.0,58.56,0.0,2.0
,0,806.0,2.966,4.0,209.21,3.0,9.0
"[2-[(8r,9r,10r,11r,13s,14r,17s)-17-ethoxycarbonyloxy-11-hydroxy-10,13-dimethyl-3-oxo-7,8,9,11,12,14,15,16-octahydro-6h-cyclopenta[a]phenanthren-17-yl]-2-oxoethyl] propanoate",1,488.577,3.699,1.0,116.2,4.0,6.0
,0,441.55,2.384,0.0,97.74,3.0,6.0
,1,466.958,3.917,1.0,99.13,4.0,4.0
unii-rr2f99e79b,1,360.772,3.2,1.0,67.76,3.0,3.0
cis-tilidine,1,273.376,2.768,0.0,29.54,2.0,4.0
unii-8n2p6k7x3j,1,262.284,2.808,0.0,44.12,2.0,4.0
,0,673.668,0.951,5.0,230.6,5.0,11.0
,1,448.95,4.643,0.0,51.54,5.0,4.0
(r)-etazepine,1,267.328,3.403,0.0,29.54,3.0,2.0
,1,405.623,4.15,1.0,49.77,4.0,4.0
unii-13go737hio,1,402.495,3.126,2.0,110.73,3.0,7.0
"(2s,5s,6r)-6-[[(2-ethoxy-1-naphthalenyl)-oxomethyl]amino]-3,3-dimethyl-7-oxo-4-thia-1-azabicyclo[3.2.0]heptane-2-carboxylic acid",0,414.483,2.484,2.0,95.94,4.0,5.0
zinc2015185,0,414.483,2.484,2.0,95.94,4.0,5.0
(r)-viloxazine,1,237.299,1.452,1.0,39.72,2.0,5.0
reboxetine,1,313.397,3.194,1.0,39.72,3.0,6.0
,1,410.62,5.17,1.0,37.3,4.0,3.0
fenbutrazate,1,367.489,4.185,0.0,38.77,3.0,7.0
,1,390.52,3.95,1.0,72.83,3.0,6.0
schembl79255,1,212.249,0.795,2.0,75.27,1.0,3.0
"(1,1-dimethylpiperidin-1-ium-4-yl) (2r,3r)-3-methyl-2-phenylpentanoate",0,304.454,3.598,0.0,26.3,2.0,5.0
zinc1999415,1,274.361,2.269,2.0,90.65,0.0,7.0
,0,707.663,5.092,1.0,101.62,7.0,11.0
unii-19vo3dpf3g,1,188.274,2.448,2.0,41.81,2.0,3.0
"(2s,5s,6s)-3,3-dimethyl-7-oxo-6-[[(2r)-2-phenoxybutanoyl]amino]-4-thia-1-azabicyclo[3.2.0]heptane-2-carboxylic acid",0,378.45,1.476,2.0,95.94,3.0,6.0
zinc1692920,1,217.268,1.627,1.0,46.17,2.0,2.0
,1,367.489,3.35,0.0,38.77,6.0,4.0
,0,823.904,1.204,4.0,224.72,6.0,6.0
,0,1127.443,0.982,10.0,325.46,5.0,16.0
,0,762.979,2.219,5.0,198.43,3.0,8.0
,0,835.086,2.202,5.0,196.33,4.0,12.0
,0,751.927,1.878,5.0,193.91,3.0,7.0
,0,717.938,2.671,4.0,173.68,3.0,7.0
zinc3604292,1,208.099,1.671,1.0,43.09,0.0,3.0
paramethadione,1,157.169,0.764,0.0,46.61,1.0,1.0
,0,753.941,2.732,5.0,164.82,9.0,6.0
,0,811.878,3.158,4.0,217.05,7.0,9.0
unii-xrp67fe31n,1,336.347,2.253,1.0,83.55,3.0,3.0
"(5r)-5-ethyl-1-methyl-5-phenyl-1,3-diazinane-2,4,6-trione",1,246.266,1.043,1.0,66.48,2.0,2.0
unii-8g09z6af2t component negmmkyavynlcg-gfccvegcsa-n,1,218.256,1.474,1.0,49.41,2.0,2.0
(s)-glutethimide,1,217.268,1.771,1.0,46.17,2.0,2.0
(s)-mephenytoin,1,218.256,1.474,1.0,49.41,2.0,2.0
unii-h0x939rx9w component anpjdcdlxknsps-lbprgkrzsa-n,1,218.256,0.538,2.0,58.2,2.0,2.0
,0,810.989,3.991,3.0,154.1,9.0,7.0
,0,824.972,3.518,3.0,171.17,9.0,8.0
,1,299.458,4.107,1.0,23.47,4.0,3.0
,1,313.485,4.497,1.0,23.47,4.0,3.0
schembl3648819,1,186.255,1.254,2.0,72.19,0.0,4.0
levitiracetam,1,170.212,-0.127,1.0,63.4,1.0,3.0
"pentanamide, 2-ethyl-3-methyl-, (2s,3s)-",1,143.23,1.544,1.0,43.09,0.0,4.0
,0,1424.736,-2.16,18.0,530.54,4.0,35.0
,0,1115.432,0.764,10.0,339.45,4.0,33.0
gnf-pf-138,0,480.649,4.943,1.0,52.19,5.0,7.0
,0,866.973,1.27,4.0,227.96,6.0,7.0
,0,748.996,1.901,5.0,180.08,3.0,7.0
,0,837.058,2.21,5.0,216.89,3.0,13.0
,0,733.937,1.786,5.0,193.91,3.0,7.0
,0,747.964,2.44,4.0,182.91,3.0,8.0
,1,451.607,3.547,1.0,51.16,8.0,6.0
zinc375,1,209.245,1.38,2.0,72.55,1.0,4.0
zinc33903721,1,245.366,2.829,1.0,23.47,3.0,1.0
,0,941.037,3.107,5.0,241.91,9.0,9.0
(r)-aminoglutethimide,1,232.283,1.353,2.0,72.19,2.0,2.0
zinc26376398,1,261.365,2.807,1.0,30.49,3.0,3.0
"(2-amino-2-oxoethyl)-[3-[(6r,7r)-7-[[2-(5-amino-1,2,4-thiadiazol-3-yl)-2-(fluoromethoxyimino)acetyl]amino]-2-carboxy-8-oxo-5-thia-1-azabicyclo[4.2.0]oct-2-en-3-yl]prop-2-enyl]-ethyl-methylazanium",0,557.61,-0.985,4.0,203.19,3.0,12.0
schembl147024,1,276.38,1.963,1.0,45.33,3.0,3.0
piquindone,1,246.354,2.192,1.0,36.1,3.0,1.0
etymemazine,1,326.509,5.049,0.0,6.48,3.0,5.0
,1,268.404,4.681,2.0,24.06,2.0,6.0
zinc2020075,1,302.487,4.117,0.0,8.17,3.0,4.0
schembl2473545,1,414.549,4.085,1.0,43.78,4.0,7.0
schembl6624015,1,425.4,4.56,0.0,32.78,4.0,4.0
2-(2-aminophenyl)-n-[(1r)-2-[(3s)-3-hydroxypyrrolidin-1-yl]-1-phenylethyl]-n-methylacetamide,0,353.466,2.078,2.0,69.8,3.0,6.0
,1,477.352,1.437,3.0,120.13,3.0,7.0
unii-1c2ho1ns77,1,371.824,3.178,0.0,62.21,3.0,2.0
zinc2031526,1,204.229,1.202,0.0,41.9,2.0,1.0
chembl2105588,1,312.844,4.649,1.0,15.27,3.0,3.0
chlorprothixene,1,315.869,5.188,0.0,3.24,3.0,3.0
(r)-citalopram,1,324.399,3.813,0.0,36.26,3.0,5.0
unii-i8ab3p944k component xazvhbvujrrlhh-nrsptqnisa-n,1,315.501,4.392,0.0,12.47,3.0,6.0
zinc1481742,1,311.469,4.652,0.0,12.47,2.0,6.0
unii-6m09zns9d1,1,303.833,4.182,0.0,12.47,2.0,6.0
gamfexine,1,245.41,4.302,0.0,3.24,2.0,5.0
pirandamine,1,257.377,3.127,0.0,12.47,3.0,3.0
zinc5062865,1,263.384,3.951,0.0,3.24,3.0,4.0
prestwick-07a03,0,525.642,-0.653,3.0,172.46,4.0,10.0
unii-80o018lgci component cmebtcwurhmcee-dnvcbolysa-n,1,311.381,2.757,0.0,30.93,4.0,2.0
(r)-aminopromazine,1,327.497,3.781,0.0,9.72,3.0,5.0
clemeprol,1,289.806,3.394,1.0,23.47,2.0,5.0
"(4s,4ar,5ar,6s,12ar)-7-chloro-4-(dimethylamino)-1,6,10,11,12a-pentahydroxy-6-methyl-3,12-dioxo-4,4a,5,5a-tetrahydrotetracene-2-carboxamide",0,478.885,0.282,6.0,181.62,4.0,2.0
zinc29747105,0,464.858,0.108,6.0,181.62,4.0,2.0
zinc13783190,0,460.439,-1.4,7.0,201.85,4.0,2.0
schembl20717481,0,429.429,-0.454,6.0,187.41,4.0,2.0
,0,585.61,0.171,7.0,208.17,5.0,5.0
,0,586.642,-1.016,7.0,194.34,5.0,6.0
,0,602.641,-0.454,9.0,242.98,4.0,10.0
,0,805.863,0.337,9.0,266.37,7.0,9.0
,0,630.651,-1.563,8.0,231.64,5.0,7.0
zinc2007119,1,250.292,2.865,1.0,19.03,3.0,1.0
"(4r,4ar,5ar,6r,12as)-4-(dimethylamino)-1,6,10,11,12a-pentahydroxy-6-methyl-3,12-dioxo-n-(pyrrolidin-1-ylmethyl)-4,4a,5,5a-tetrahydrotetracene-2-carboxamide",0,527.574,0.313,6.0,170.87,5.0,4.0
zinc575338663,0,444.44,-0.371,6.0,181.62,4.0,2.0
,0,508.911,0.02,7.0,187.86,4.0,3.0
,0,430.413,-0.388,6.0,181.62,4.0,2.0
,0,459.411,0.029,5.0,204.53,4.0,3.0
unii-67x231s15e,1,262.18,2.849,1.0,23.47,1.0,4.0
,0,206.253,-0.756,3.0,78.57,2.0,2.0
cas-13614-98-7,0,457.483,0.03,5.0,164.63,4.0,3.0
,0,1001.056,-0.375,12.0,341.74,8.0,11.0
d-amethopterin,0,454.447,0.268,5.0,210.54,3.0,9.0
(r)-sabeluzole,1,415.534,3.776,1.0,48.83,4.0,7.0
zinc1999513,1,308.186,2.269,0.0,54.45,2.0,1.0
r-(+)-cotinine,1,176.219,1.375,0.0,33.2,2.0,1.0
39122-23-1,1,203.241,1.333,0.0,37.38,2.0,1.0
phensuximide,1,189.214,1.159,0.0,37.38,2.0,1.0
(r)-temazepam,1,300.745,2.472,1.0,52.9,3.0,1.0
unii-74xyo90u63,1,318.735,2.611,1.0,52.9,3.0,1.0
schembl149458,1,386.586,4.901,0.0,29.54,4.0,4.0
zinc1319936,1,314.86,4.067,0.0,6.48,3.0,3.0
schembl17756664,1,310.466,4.631,0.0,6.48,4.0,2.0
"dabelotine, (r)-",1,262.353,1.436,1.0,33.73,3.0,3.0
zinc31983000,1,477.999,3.032,0.0,78.87,5.0,2.0
zopiclone,1,388.815,1.568,0.0,91.76,4.0,2.0
,1,342.493,3.337,0.0,42.63,4.0,1.0
,1,442.6,1.813,2.0,81.08,5.0,3.0
unii-w30o8i2c4v,1,300.833,3.677,0.0,6.48,3.0,3.0
unii-090de9crp1 component ichhtomwwamjqp-zdusscgksa-n,1,315.417,2.859,0.0,18.84,4.0,1.0
(r)-aptazapine,1,253.349,2.343,0.0,11.41,4.0,0.0
(-)-nefopam,1,253.345,3.238,0.0,12.47,3.0,1.0
unii-63z1842q5i,1,310.466,4.631,0.0,6.48,4.0,2.0
eptazocine,1,231.339,2.548,1.0,23.47,3.0,0.0
,1,285.343,1.63,1.0,49.77,5.0,0.0
"(4s,4as,7ar,12br)-3-methyl-2,4,4a,5,6,7,7a,13-octahydro-1h-4,12-methanobenzofuro[3,2-e]isoquinolin-9-ol",1,271.36,2.451,1.0,32.7,5.0,0.0
,1,299.37,2.02,1.0,49.77,5.0,0.0
,1,301.342,0.745,2.0,70.0,5.0,0.0
,1,301.386,1.812,2.0,52.93,5.0,0.0
alpha-isomorphine,1,285.343,1.198,2.0,52.93,5.0,0.0
,1,303.358,0.537,3.0,73.16,5.0,0.0
,1,495.535,3.366,0.0,90.85,7.0,4.0
odapipam,1,329.827,3.6,1.0,32.7,4.0,1.0
romergoline,1,350.422,0.996,2.0,68.44,5.0,2.0
,1,297.829,4.206,0.0,3.24,4.0,1.0
18051-18-8,1,265.36,3.042,1.0,42.82,4.0,1.0
pdsp1_001705,1,347.487,4.225,1.0,31.92,5.0,3.0
"(6ar,9r,10ar)-9-(dimethylsulfamoylamino)-4,7-dimethyl-6,6a,8,9,10,10a-hexahydroindolo[4,3-fg]quinoline",1,362.499,1.287,1.0,57.58,4.0,3.0
,1,257.377,3.269,1.0,23.47,5.0,0.0
(r)-nomifensine,1,238.334,2.846,1.0,29.26,3.0,1.0
lobeline,1,337.463,4.236,1.0,40.54,3.0,6.0
nsc-60600,1,275.348,1.888,1.0,49.77,3.0,3.0
atromepine,1,303.402,2.105,1.0,49.77,3.0,4.0
schembl2108977,1,377.419,3.505,1.0,57.84,4.0,4.0
zinc4214594,1,335.234,3.642,1.0,35.83,3.0,2.0
zinc2045117,1,301.777,3.574,2.0,47.86,3.0,1.0
,0,493.542,-1.355,6.0,191.16,3.0,8.0
mecloralurea,1,221.471,0.604,3.0,61.36,0.0,1.0
,1,223.228,0.664,1.0,64.63,3.0,1.0
octriptyline,1,275.395,4.312,1.0,12.03,4.0,3.0
(r)-amedalin,1,294.398,3.622,1.0,32.34,3.0,5.0
daledalin,1,280.415,4.096,1.0,15.27,3.0,5.0
zinc1999271,1,311.494,4.912,1.0,12.03,3.0,5.0
zinc1999541,1,295.426,4.195,1.0,21.26,3.0,5.0
(r)-fluoxetine,1,309.331,4.435,1.0,21.26,2.0,6.0
,0,399.513,-0.426,5.0,122.13,3.0,8.0
,0,256.379,0.144,4.0,102.55,1.0,7.0
,0,322.442,0.269,6.0,164.82,2.0,4.0
dipivefrin (dipivefrine),0,351.443,2.842,2.0,84.86,1.0,5.0
pivenfrine,0,251.326,1.891,2.0,58.56,1.0,4.0
,0,1449.271,0.106,19.0,530.49,12.0,13.0
,0,316.427,0.986,2.0,83.58,1.0,11.0
rac-trans-sertraline,1,306.236,5.18,1.0,12.03,3.0,2.0
zinc4213203,1,168.265,1.22,1.0,24.92,2.0,1.0
tocris-1588,1,292.209,4.79,1.0,12.03,3.0,2.0
,0,539.583,-6.949,11.0,283.64,4.0,6.0
levmetamfetamine,1,149.237,1.837,1.0,12.03,1.0,3.0
365-26-4,0,181.235,1.033,3.0,52.49,1.0,3.0
,0,569.609,-7.524,12.0,297.72,3.0,9.0
"(2s,3s,4s,5s)-2-[(1r,2r,3s,4r,6s)-4,6-diamino-3-[(2s,3s,6r)-3-amino-6-(aminomethyl)oxan-2-yl]oxy-2-hydroxycyclohexyl]oxy-5-methyl-4-(methylamino)oxane-3,5-diol",0,449.549,-3.977,8.0,213.72,3.0,6.0
,0,447.533,-3.851,8.0,213.72,3.0,6.0
esketamine,1,237.73,2.898,1.0,29.1,2.0,2.0
,0,594.613,-1.436,4.0,232.03,4.0,10.0
,0,516.605,1.472,3.0,150.45,5.0,7.0
,0,517.553,-0.82,3.0,178.94,5.0,7.0
,0,481.52,-1.527,5.0,186.87,4.0,7.0
,0,568.561,0.237,2.0,198.29,3.0,11.0
,0,530.632,1.862,3.0,150.45,5.0,7.0
,0,524.585,-1.861,5.0,199.94,4.0,9.0
,0,471.473,-1.607,3.0,196.57,3.0,7.0
,0,568.634,0.153,3.0,191.61,3.0,9.0
,0,471.492,-0.392,2.0,171.74,2.0,9.0
cefetamet acid,0,397.438,-0.166,3.0,147.21,3.0,5.0
schembl3731937,0,455.474,-0.622,3.0,173.51,3.0,7.0
zinc11592808,0,510.481,-0.168,2.0,189.06,3.0,9.0
,0,357.348,-1.192,3.0,156.44,2.0,7.0
"(6s,7s)-7-[[(2z)-2-(2-amino-1,3-thiazol-4-yl)-2-methoxyiminoacetyl]amino]-3-[(e)-2-(4-methyl-1,3-thiazol-5-yl)ethenyl]-8-oxo-5-thia-1-azabicyclo[4.2.0]oct-2-ene-2-carboxylic acid",0,506.591,1.293,3.0,160.1,4.0,7.0
"(6r,7s)-3-(acetyloxymethyl)-7-[[(2z)-2-(furan-2-yl)-2-methoxyiminoacetyl]amino]-8-oxo-5-thia-1-azabicyclo[4.2.0]oct-2-ene-2-carboxylic acid",0,423.403,-0.068,2.0,147.74,3.0,7.0
cefuroxime,0,424.391,-0.536,3.0,173.76,3.0,7.0
zinc1999439,0,523.574,0.981,3.0,177.42,4.0,8.0
schembl10363005,0,513.608,0.458,3.0,172.99,4.0,8.0
zinc38147281,0,554.592,-1.611,4.0,214.96,4.0,8.0
zinc100045075,0,584.683,0.999,4.0,197.4,4.0,10.0
zinc26892366,0,511.571,-0.87,3.0,190.81,4.0,8.0
(s)-nicardipine,0,479.533,3.678,1.0,111.01,3.0,9.0
,0,1446.182,2.841,18.0,504.47,14.0,5.0
,1,428.529,2.935,1.0,73.02,5.0,4.0
,1,613.107,4.816,1.0,108.55,6.0,7.0
,1,578.662,4.163,1.0,108.55,6.0,7.0
(r)-metomidate,1,230.267,2.279,0.0,44.12,2.0,3.0
,1,496.547,2.993,1.0,91.29,5.0,4.0
,0,365.411,-0.211,3.0,121.96,3.0,5.0
,1,271.404,3.357,0.0,12.47,5.0,1.0
schembl6789173,0,495.639,5.271,1.0,67.45,4.0,11.0
"(6s,7r)-7-[[(2z)-2-(2-amino-1,3-thiazol-4-yl)-2-hydroxyiminoacetyl]amino]-3-(methoxymethyl)-8-oxo-5-thia-1-azabicyclo[4.2.0]oct-2-ene-2-carboxylic acid",0,413.437,-0.711,4.0,167.44,3.0,6.0
,1,345.395,0.762,2.0,79.23,5.0,3.0
zinc11726762,0,449.529,1.179,2.0,108.41,4.0,5.0
sarpicillin,0,433.53,1.474,1.0,88.18,4.0,5.0
zinc8101062,1,459.558,4.881,3.0,99.88,2.0,11.0
,0,877.045,5.648,6.0,220.15,7.0,5.0
,0,849.035,4.242,6.0,205.22,6.0,4.0
,0,785.891,6.158,5.0,198.38,6.0,2.0
,0,265.309,0.476,1.0,66.84,3.0,3.0
,0,813.979,3.621,0.0,184.19,4.0,9.0
,0,687.868,1.909,3.0,165.98,4.0,6.0
,1,297.395,1.203,1.0,51.16,5.0,3.0
,0,405.496,-3.585,6.0,192.54,2.0,6.0
,0,828.006,3.013,3.0,206.05,3.0,12.0
,0,701.851,0.846,5.0,193.91,3.0,8.0
flomoxef,0,496.474,-1.291,3.0,169.0,3.0,11.0
cefmetazole,0,471.546,-0.728,2.0,163.33,3.0,9.0
moxalactam (latamoxef),0,520.48,-1.128,4.0,206.3,4.0,9.0
,0,575.632,-1.313,4.0,212.09,5.0,8.0
4406-22-8,1,423.553,3.164,2.0,62.16,8.0,4.0
,1,425.569,3.388,2.0,62.16,8.0,4.0
,0,433.313,2.313,2.0,95.94,3.0,5.0
plicamycin,1,1085.156,-0.249,11.0,358.2,8.0,15.0
,0,822.953,4.335,6.0,220.15,6.0,4.0
,0,697.778,4.754,6.0,201.31,5.0,2.0
,0,861.079,5.211,3.0,170.06,7.0,7.0
,0,843.065,2.325,4.0,195.38,4.0,11.0
"[(3s,4r,5r,6s)-5-hydroxy-6-[4-hydroxy-3-[[4-hydroxy-3-(3-methylbut-2-enyl)benzoyl]amino]-8-methyl-2-oxochromen-7-yl]oxy-3-methoxy-2,2-dimethyloxan-4-yl] carbamate",0,612.632,3.627,5.0,200.01,4.0,8.0
unii-q1069wkm8g component lzkanmyvpjzlew-fonmrsagsa-n,1,178.512,1.852,0.0,9.23,1.0,1.0
,0,557.617,-0.359,3.0,200.63,4.0,8.0
zinc3871931,0,519.587,-1.84,4.0,202.86,3.0,11.0
schembl9489255,0,427.46,0.099,3.0,148.26,3.0,7.0
,0,414.461,0.522,3.0,133.24,3.0,6.0
lsm-5621,0,334.332,-1.651,3.0,146.89,4.0,3.0
,0,588.562,1.339,3.0,160.83,7.0,5.0
,0,670.689,3.056,2.0,149.83,8.0,7.0
(r)-colchicine,0,399.443,2.872,1.0,83.09,3.0,5.0
donepezil,1,379.5,4.361,0.0,38.77,4.0,6.0
zinc2019916,1,414.524,1.569,1.0,94.17,2.0,7.0
tetrabenazine (tetrabenzine),1,317.429,3.238,0.0,38.77,3.0,4.0
glaziovine,1,297.354,2.266,1.0,49.77,4.0,1.0
,0,608.549,-1.09,8.0,238.2,5.0,7.0
panamesine,1,426.469,2.733,1.0,80.7,5.0,5.0
femoxetine,1,311.425,3.81,0.0,21.7,3.0,5.0
zinc731,1,327.406,0.167,2.0,101.73,2.0,5.0
unii-xm8p5rbs8n,1,421.494,1.876,2.0,101.73,3.0,7.0
chembl2115071,1,370.449,1.92,1.0,62.24,3.0,6.0
venlafaxine,1,277.408,3.036,1.0,32.7,2.0,5.0
unii-lkz81zc6tn,1,322.235,4.579,0.0,12.47,3.0,2.0
perimetazine,1,384.545,4.391,1.0,35.94,4.0,5.0
(r)-meprotixol,1,329.465,3.738,1.0,32.7,3.0,5.0
ram-327,1,333.428,1.478,2.0,62.16,4.0,2.0
,1,608.688,4.314,1.0,117.78,6.0,8.0
schembl13091350,1,299.37,1.933,0.0,38.77,5.0,1.0
,1,341.407,2.421,0.0,48.0,5.0,2.0
"(4s,4as,7s,7as,12br)-9-methoxy-3-methyl-2,4,4a,7,7a,13-hexahydro-1h-4,12-methanobenzofuro[3,2-e]isoquinolin-7-ol",1,299.37,1.501,1.0,41.93,5.0,1.0
,1,301.386,1.725,1.0,41.93,5.0,1.0
"(4r,4ar,7ar,12bs)-4a-hydroxy-9-methoxy-3-methyl-2,4,5,6,7a,13-hexahydro-1h-4,12-methanobenzofuro[3,2-e]isoquinolin-7-one",1,315.369,1.048,1.0,59.0,5.0,1.0
epigalantamine,1,287.359,1.85,1.0,41.93,4.0,1.0
,1,285.343,1.159,2.0,50.72,5.0,1.0
,1,406.482,2.985,0.0,60.89,6.0,3.0
,0,645.665,2.246,6.0,210.23,6.0,6.0
chembl3351107,0,543.525,0.001,6.0,206.07,5.0,5.0
"(2s)-2-amino-n-[(2s,3r,4r,6s)-3-hydroxy-2-methyl-6-[[(1s,3r)-3,5,12-trihydroxy-3-(2-hydroxyacetyl)-10-methoxy-6,11-dioxo-2,4-dihydro-1h-tetracen-1-yl]oxy]oxan-4-yl]-4-methylpentanamide",0,656.685,0.532,7.0,235.17,5.0,9.0
"(7s,9r)-7-[(2r,4r,6s)-4-amino-6-methyloxan-2-yl]oxy-6,9,11-trihydroxy-9-(2-hydroxyacetyl)-4-methoxy-8,10-dihydro-7h-tetracene-5,12-dione",0,527.526,1.03,5.0,185.84,5.0,5.0
,0,627.643,1.552,5.0,204.3,6.0,7.0
,0,527.526,1.029,5.0,185.84,5.0,4.0
"(7r,9r)-9-[(1s)-1,2-dihydroxyethyl]-6,7,9,11-tetrahydroxy-4-methoxy-8,10-dihydro-7h-tetracene-5,12-dione",0,416.382,-0.054,6.0,164.75,4.0,3.0
,1,512.651,2.392,0.0,90.47,4.0,7.0
(r)-anisopirol,1,358.457,3.47,1.0,35.94,3.0,7.0
unii-t8y60nc0y2,1,432.517,2.283,1.0,72.86,3.0,10.0
mephenoxalone,1,223.228,1.182,1.0,56.79,2.0,4.0
,0,379.464,2.532,1.0,88.83,3.0,8.0
pharmakon1600-01505978,1,358.218,1.381,2.0,83.47,1.0,6.0
zinc1605334,1,356.227,0.404,3.0,103.7,1.0,6.0
,1,408.535,3.224,2.0,74.6,4.0,1.0
,1,450.572,3.795,1.0,80.67,4.0,2.0
unii-a0bk6fm64m component gdrgoyfisygshq-cqszacivsa-n,1,324.402,1.808,2.0,84.5,1.0,7.0
(r)-ketoprofen,1,254.285,3.106,1.0,54.37,2.0,4.0
unii-oe8026nxvx,1,293.454,4.505,0.0,3.24,3.0,4.0
,1,623.718,4.036,2.0,128.23,6.0,7.0
amfetaminil,1,250.345,3.472,1.0,35.82,2.0,5.0
(+)-alaproclate,1,255.745,2.552,1.0,52.32,1.0,4.0
(+)-cathinone,1,149.193,1.217,1.0,43.09,1.0,2.0
4-[(2r)-2-aminopropyl]phenol,0,151.209,1.282,2.0,46.25,1.0,2.0
"(2r,5s,6r)-3,3-dimethyl-7-oxo-6-[[(2r)-2-phenoxypropanoyl]amino]-4-thia-1-azabicyclo[3.2.0]heptane-2-carboxylic acid",0,364.423,1.086,2.0,95.94,3.0,5.0
,0,352.416,-0.226,2.0,96.68,4.0,4.0
zinc245204572,0,383.47,-0.308,3.0,110.18,3.0,5.0
1-[1-(2-thienyl)-2alpha-methylcyclohexan-1beta-yl]piperidine,1,263.45,4.639,0.0,3.24,3.0,2.0
,1,390.495,3.171,2.0,74.6,4.0,2.0
,1,376.468,2.637,2.0,74.6,4.0,2.0
,1,394.458,2.729,2.0,74.6,4.0,2.0
,1,444.515,3.469,2.0,74.6,4.0,2.0
,1,374.477,1.804,3.0,94.83,4.0,2.0
,1,428.447,2.141,3.0,94.83,4.0,2.0
,1,521.437,4.869,1.0,93.81,5.0,4.0
,1,408.922,2.165,3.0,94.83,4.0,2.0
"(8s,9r,10s,11r,13s,14s,16r,17s)-9-fluoro-11-hydroxy-17-(2-hydroxyacetyl)-10,13,16-trimethyl-7,8,11,12,14,15,16,17-octahydro-6h-cyclopenta[a]phenanthren-3-one",1,376.468,2.781,2.0,74.6,4.0,2.0
,1,412.904,3.975,1.0,54.37,4.0,2.0
,1,392.467,1.752,3.0,94.83,4.0,2.0
,1,408.922,2.021,3.0,94.83,4.0,2.0
"morpholine, 3-methyl-2-phenyl-, (2r,3s)-",1,177.247,1.736,1.0,21.26,2.0,1.0
,0,924.091,0.712,12.0,319.61,3.0,3.0
,0,780.949,2.218,6.0,203.06,8.0,7.0
,0,924.091,0.712,12.0,319.61,3.0,3.0
unii-wo31v62797 component pshbcuhyclagpz-zbinzkhdsa-n,1,295.766,2.893,1.0,47.56,3.0,2.0
chembl2367803,1,231.339,2.546,1.0,23.47,3.0,0.0
zinc100218256,1,271.404,3.326,1.0,23.47,4.0,2.0
aztreonam,0,435.44,-1.172,4.0,201.58,2.0,7.0
"(1r,9r,13s)-1,13-dimethyl-10-(2-phenylethyl)-10-azatricyclo[7.3.1.02,7]trideca-2(7),3,5-trien-4-ol",1,321.464,4.159,1.0,23.47,4.0,3.0
fluotracen,1,347.424,5.644,0.0,3.24,3.0,4.0
tocris-1622,1,268.36,2.219,2.0,55.12,2.0,5.0
zinc31297920,1,288.347,0.993,0.0,49.85,3.0,3.0
,1,378.44,1.65,3.0,94.83,4.0,2.0
,1,464.577,3.93,2.0,74.6,6.0,2.0
,1,460.523,1.973,3.0,138.2,4.0,6.0
,1,392.879,1.983,2.0,91.67,4.0,2.0
,1,378.44,1.506,3.0,94.83,4.0,2.0
,1,376.449,0.817,3.0,111.9,4.0,2.0
,1,348.483,2.747,2.0,74.6,4.0,2.0
"(3r,5s)-3,5-dimethyl-1-adamantanamine",1,179.307,2.694,1.0,26.02,4.0,0.0
,1,360.45,1.99,2.0,91.67,4.0,2.0
10.alpha.-testosterone,1,288.431,3.879,1.0,37.3,4.0,0.0
,1,380.456,1.874,3.0,94.83,4.0,2.0
,1,486.649,4.303,2.0,100.9,5.0,6.0
,0,360.45,2.003,2.0,83.83,5.0,2.0
ecenofloxacin,0,372.4,1.742,2.0,101.45,5.0,3.0
unii-w8rd4n93r2 component qvfwzncvpcjqop-ritpcoansa-n,1,265.564,2.241,2.0,49.69,0.0,4.0
(r)-trimipramine,1,294.442,4.121,0.0,6.48,3.0,4.0
zinc582,1,330.453,3.169,0.0,40.62,3.0,4.0
unii-d8xjm5vp3f,1,323.465,4.359,0.0,30.27,3.0,4.0
(r)-trifluomeprazine,1,366.452,5.506,0.0,6.48,3.0,4.0
(r)-trimeprazine,1,298.455,4.487,0.0,6.48,3.0,4.0
zinc33827953,0,317.86,4.57,0.0,12.47,2.0,6.0
zinc5141713,1,296.374,2.736,1.0,48.47,3.0,3.0
l-dimethylamphetamine,1,163.264,2.179,0.0,3.24,1.0,3.0
,1,324.384,2.99,3.0,65.63,3.0,5.0
zinc6036855,1,359.538,5.894,1.0,12.03,4.0,6.0
,0,288.281,-0.71,3.0,130.16,2.0,4.0
zinc3872561,0,285.321,0.374,2.0,87.07,3.0,3.0
,0,233.22,0.122,2.0,77.84,2.0,2.0
naranol,1,283.371,2.661,1.0,32.7,4.0,0.0
zinc40163458,1,328.799,3.214,1.0,41.57,4.0,1.0
zinc40163149,1,363.244,3.867,1.0,41.57,4.0,1.0
,1,237.343,2.504,1.0,40.54,3.0,2.0
,1,474.55,2.219,3.0,138.2,4.0,6.0
,1,408.897,3.35,1.0,71.44,4.0,2.0
,1,410.913,3.142,2.0,74.6,4.0,2.0
,1,496.575,3.76,2.0,100.9,5.0,4.0
zinc40476855,1,372.461,2.012,2.0,91.67,4.0,2.0
,1,444.902,2.41,3.0,94.83,4.0,2.0
,1,428.903,3.09,2.0,74.6,4.0,2.0
,1,410.457,1.844,3.0,94.83,4.0,2.0
,1,494.575,3.441,2.0,100.9,4.0,3.0
,1,410.913,2.998,2.0,74.6,4.0,2.0
,1,495.031,4.595,1.0,80.67,4.0,3.0
,1,346.467,3.436,2.0,74.6,4.0,1.0
,1,478.576,4.326,1.0,80.67,4.0,3.0
chembl149268,1,329.743,3.426,1.0,84.6,3.0,2.0
nuo8nhr7wb,1,191.23,1.263,1.0,38.33,2.0,1.0
,0,852.946,0.88,4.0,227.96,6.0,6.0
,0,513.499,-0.007,6.0,196.84,5.0,4.0
"cis-3,4-dimethyl-2-phenylmorpholine",1,191.274,2.078,0.0,12.47,2.0,1.0
ketazocine,1,285.387,2.967,1.0,40.54,4.0,2.0
zinc1851098,0,444.44,-0.504,6.0,181.62,4.0,2.0
,1,496.575,3.556,2.0,93.06,6.0,3.0
,1,392.879,1.9,3.0,94.83,4.0,2.0
,1,358.434,1.766,2.0,91.67,4.0,2.0
,1,360.45,1.558,3.0,94.83,4.0,2.0
,1,413.341,3.166,2.0,74.6,4.0,2.0
,1,346.467,2.811,2.0,74.6,4.0,2.0
,0,360.45,1.846,2.0,91.67,4.0,3.0
,1,462.539,2.197,3.0,138.2,4.0,6.0
,1,378.534,2.719,3.0,74.6,4.0,2.0
,1,245.366,3.114,2.0,46.25,3.0,0.0
zinc3881869,0,272.388,3.609,2.0,40.46,4.0,0.0
zinc37263687,1,394.439,0.62,4.0,115.06,4.0,2.0
"(6s,8s,9r,10s,11r,13s,14s,16s,17s)-6,9-difluoro-11,16,17-trihydroxy-17-(2-hydroxyacetyl)-10,13-dimethyl-6,7,8,11,12,14,15,16-octahydrocyclopenta[a]phenanthren-3-one",1,412.429,0.568,4.0,115.06,4.0,2.0
ncgc00016649-01,1,305.374,1.943,1.0,69.59,3.0,4.0
(-)-alpha-tocopherol,1,430.717,8.84,1.0,29.46,2.0,12.0
,0,553.769,4.358,4.0,101.9,4.0,10.0
,0,567.796,4.748,4.0,101.9,4.0,9.0
"(6s,7r)-7-[[(2r)-2-(4-hydroxyphenyl)-2-[(6-methyl-4-oxo-1h-pyridine-3-carbonyl)amino]acetyl]amino]-3-[(1-methyltetrazol-5-yl)sulfanylmethyl]-8-oxo-5-thia-1-azabicyclo[4.2.0]oct-2-ene-2-carboxylic acid",0,612.65,-0.086,5.0,212.5,5.0,9.0
77518-08-2,1,192.306,1.951,1.0,29.26,1.0,3.0
,0,1257.454,0.063,6.0,355.21,7.0,8.0
ncgc00160499-01,1,202.301,2.208,1.0,15.27,3.0,0.0
dimemorfan (inn),1,255.405,3.683,0.0,3.24,4.0,0.0
schembl18877133,1,226.323,2.93,1.0,16.96,4.0,0.0
"(2r)-1-(2,6-dimethylphenoxy)propan-2-amine",1,179.263,2.029,1.0,35.25,1.0,3.0
r-toloxatone,1,207.229,1.313,1.0,49.77,2.0,2.0
schembl9384285,1,281.355,3.065,2.0,41.49,4.0,0.0
unii-a41z78sd75 component ipvvzyzttkhxkk-wcqgtbresa-n,1,476.995,4.153,2.0,68.15,1.0,8.0
unii-el82385c45,1,186.258,2.801,0.0,17.82,2.0,2.0
"(6r,7r)-7-[[(2s)-2-hydroxy-2-phenylacetyl]amino]-3-[(5-methyl-1,3,4-thiadiazol-2-yl)sulfanylmethyl]-8-oxo-5-thia-1-azabicyclo[4.2.0]oct-2-ene-2-carboxylic acid",0,478.577,1.411,3.0,132.72,4.0,7.0
zinc3830408,0,454.519,-0.636,2.0,156.09,4.0,7.0
,0,493.592,1.083,4.0,158.74,4.0,7.0
,0,461.496,0.832,2.0,145.08,4.0,6.0
zinc2015281,0,470.334,3.202,2.0,112.74,4.0,4.0
"(2s,5r,6s)-6-[[3-(2-chloro-6-fluorophenyl)-5-methyl-1,2-oxazole-4-carbonyl]amino]-3,3-dimethyl-7-oxo-4-thia-1-azabicyclo[3.2.0]heptane-2-carboxylic acid",0,453.879,2.688,2.0,112.74,4.0,4.0
chembl3558540,0,401.444,1.895,2.0,112.74,4.0,4.0
"(2s,5s,6r)-6-[[[3-(2-chlorophenyl)-5-methyl-4-isoxazolyl]-oxomethyl]amino]-3,3-dimethyl-7-oxo-4-thia-1-azabicyclo[3.2.0]heptane-2-carboxylic acid",0,435.889,2.549,2.0,112.74,4.0,4.0
,1,276.554,3.337,1.0,27.63,2.0,2.0
miconazole,1,416.135,6.455,0.0,27.05,3.0,6.0
,1,344.886,4.117,0.0,24.83,5.0,1.0
zinc31477134,1,353.918,5.578,0.0,3.24,6.0,1.0
zinc1843003,0,375.385,-0.832,4.0,134.54,3.0,6.0
"(6s,7r)-3-[(1-methyltetrazol-5-yl)sulfanylmethyl]-8-oxo-7-[[2-(trifluoromethylsulfanyl)acetyl]amino]-5-thia-1-azabicyclo[4.2.0]oct-2-ene-2-carboxylic acid",0,470.48,0.294,2.0,130.31,3.0,7.0
,0,453.531,-0.189,2.0,154.1,3.0,8.0
schembl4401823,0,462.513,-0.226,3.0,150.54,4.0,7.0
,1,405.468,3.559,0.0,37.19,5.0,4.0
112058-85-2,1,329.371,3.327,1.0,39.72,4.0,4.0
epurpurin c,0,288.306,3.612,2.0,88.04,2.0,3.0
cc-279,1,172.231,1.787,1.0,35.82,2.0,2.0
unii-7gaq2332nk component nrncyvbfpddjne-ssdottswsa-n,1,176.175,0.809,2.0,62.18,2.0,1.0
,0,460.537,0.474,3.0,133.04,4.0,7.0
,0,536.588,-0.471,4.0,187.41,4.0,8.0
unii-u5xbm7n6a3,1,266.3,1.65,1.0,63.4,3.0,3.0
armodafinil,1,273.357,2.01,1.0,66.15,2.0,5.0
ncgc00016548-01,1,245.662,1.175,2.0,81.78,1.0,5.0
zinc3871892,0,466.41,-2.876,5.0,253.9,2.0,9.0
,1,244.207,-3.011,4.0,143.72,2.0,3.0
schembl147813,1,197.228,2.57,1.0,26.02,1.0,4.0
"2-amino-9-[(2-hydroxyethoxy)methyl]-6,9-dihydro-1h-purine",1,211.225,-0.91,3.0,97.69,2.0,4.0
,0,552.626,-6.399,11.0,297.27,3.0,10.0
(r)-norfluoxetine,1,295.304,4.174,1.0,35.25,2.0,5.0
,0,585.608,-8.424,13.0,331.94,3.0,10.0
,0,571.625,-7.951,13.0,314.87,3.0,11.0
,0,237.332,0.836,4.0,116.97,2.0,1.0
,1,222.317,1.254,3.0,90.95,2.0,1.0
,0,557.598,-8.341,13.0,314.87,3.0,10.0
,0,322.362,-5.116,8.0,203.46,2.0,3.0
,0,484.503,-7.291,11.0,282.61,3.0,6.0
(r)-norfenefrine,0,153.181,0.384,3.0,66.48,1.0,2.0
n-benzyl-(4r)-4-aminomethyl-pyrrolidin-2-one,1,204.273,0.994,1.0,46.33,2.0,3.0
,0,451.521,-5.267,9.0,247.94,3.0,6.0
,0,614.65,-8.895,13.0,353.11,4.0,9.0
,0,483.519,-7.325,11.0,288.4,3.0,6.0
,0,467.52,-6.296,10.0,268.17,3.0,6.0
ncgc00016897-01,0,519.565,-0.71,4.0,193.63,4.0,10.0
hydrazino alcohol,1,48.045,-1.161,3.0,58.28,0.0,0.0
suclofenide,1,364.81,2.035,1.0,97.54,3.0,3.0
"(6s,7r)-7-[[(2r)-2-amino-2-(4-hydroxyphenyl)acetyl]amino]-8-oxo-3-(2h-triazol-4-ylsulfanylmethyl)-5-thia-1-azabicyclo[4.2.0]oct-2-ene-2-carboxylic acid",0,462.513,0.041,5.0,174.53,4.0,7.0
zinc1530991,0,349.774,0.711,3.0,112.73,3.0,4.0
ks-00001f6r,0,367.814,0.621,3.0,112.73,3.0,4.0
cis-2-phenylcyclopropylamine,1,133.194,1.501,1.0,26.02,2.0,1.0
d-dopa,0,197.19,0.052,4.0,103.78,1.0,3.0
(e)-cypenamine,1,161.248,2.281,1.0,26.02,2.0,1.0
,1,287.707,-0.499,4.0,117.92,3.0,2.0
,1,263.298,-4.375,7.0,135.27,2.0,5.0
lopac-h-3146,1,214.268,2.187,2.0,59.14,3.0,0.0
(r)-pancopride,1,349.862,2.535,2.0,67.59,5.0,5.0
"(6s,7r)-7-[[(e)-2-(2-amino-1,3-thiazol-4-yl)-4-carboxybut-2-enoyl]amino]-8-oxo-5-thia-1-azabicyclo[4.2.0]oct-2-ene-2-carboxylic acid",0,410.433,-0.048,4.0,162.92,3.0,6.0
,0,545.603,-0.194,4.0,179.55,5.0,8.0
,1,361.485,4.334,1.0,40.54,5.0,3.0
pazinaclone,1,478.936,3.74,0.0,84.86,6.0,3.0
,0,417.512,1.762,2.0,89.95,4.0,6.0
,0,439.544,0.184,4.0,123.13,4.0,6.0
zinc3830475,0,440.492,-0.944,2.0,156.09,4.0,7.0
l-erythro-chloramphenicol,1,323.132,0.909,3.0,112.7,1.0,6.0
,1,329.18,0.464,3.0,112.7,1.0,6.0
,0,672.698,0.555,6.0,239.4,5.0,12.0
zinc3830427,0,542.577,-0.917,4.0,204.91,4.0,9.0
cas-58-85-5,1,244.316,0.797,3.0,78.43,2.0,5.0
unii-x10241g2na,1,358.438,2.125,1.0,67.87,4.0,5.0
schembl8844528,1,329.404,0.526,0.0,69.64,4.0,3.0
rofelodine,1,214.268,1.805,0.0,32.67,3.0,1.0
rolicyprine,1,244.294,0.937,2.0,58.2,3.0,3.0
cinperene,1,388.511,3.786,1.0,49.41,4.0,5.0
(r)-alonimid,1,243.262,1.337,1.0,63.24,3.0,0.0
,1,341.407,1.525,2.0,70.0,6.0,2.0
,1,276.292,-0.177,1.0,83.55,4.0,1.0
"(1r,9s,10r)-17-(cyclopropylmethyl)-3-hydroxy-17-azatetracyclo[7.5.3.01,10.02,7]heptadeca-2(7),3,5-trien-13-one",1,311.425,3.04,1.0,40.54,5.0,2.0
,1,288.734,3.073,2.0,52.57,3.0,1.0
cloxazolam,1,349.217,3.479,1.0,41.57,4.0,1.0
zinc40017477,1,377.213,3.074,1.0,41.57,4.0,1.0
unii-i47khr6imv,1,376.815,2.351,1.0,53.01,4.0,3.0
schembl2108102,1,362.788,2.016,2.0,73.13,3.0,4.0
,1,278.739,1.642,2.0,50.36,4.0,0.0
,1,373.888,2.504,1.0,42.06,4.0,5.0
unii-3042he9he8,1,216.24,1.392,1.0,50.69,3.0,2.0
zinc1081249,1,216.24,0.754,2.0,58.2,3.0,0.0
unii-ke6k6jp8fp component yyganuvabkdfdw-gzmmtyoysa-n,1,221.643,1.254,1.0,46.17,3.0,1.0
unii-l2gwr3us1g component qqwlxnmppfcvcd-secbinfhsa-n,1,280.305,0.11,1.0,83.55,3.0,1.0
pdsp1_001647,1,379.46,2.255,1.0,54.04,5.0,3.0
unii-1287u42u7j,1,211.648,1.764,1.0,38.33,2.0,2.0
unii-8pdi6dy6gv component jejofytvmfvkqa-cqszacivsa-n,1,322.151,2.496,2.0,74.58,3.0,1.0
schembl17256233,1,419.529,1.598,0.0,69.64,7.0,6.0
balaperidone,1,379.435,2.564,1.0,58.1,5.0,4.0
"2-(2,4-difluorophenyl)-1,3-bis(1,3-dihydro-1,2,4-triazol-2-yl)propan-2-ol",1,310.308,-0.236,3.0,75.49,3.0,5.0
zinc403682,1,267.372,3.065,2.0,32.26,3.0,3.0
zinc17354679,1,301.389,4.121,1.0,33.12,4.0,4.0
zinc102036582,1,398.934,3.664,1.0,35.94,4.0,5.0
unii-1o8a15g935 component bjwapforupuxrj-gosisdbhsa-n,1,454.533,4.831,1.0,26.71,4.0,6.0
chembl105013,1,408.439,4.031,1.0,26.71,4.0,4.0
zinc22463019,1,418.965,3.073,1.0,45.17,3.0,11.0
zinc252444101,1,309.529,-0.463,3.0,88.38,2.0,2.0
53910-25-1,1,268.273,-0.989,4.0,112.13,3.0,2.0
zinc2053,1,286.28,-1.642,5.0,119.61,2.0,4.0
,1,341.842,4.164,2.0,47.86,4.0,3.0
denzimol,1,292.382,3.402,1.0,38.05,3.0,6.0
unii-u49lid4uyj component okackalpxhbema-odanahcnsa-n,1,725.699,4.794,4.0,117.84,0.0,12.0
unii-68t333a22u,1,450.504,5.92,1.0,28.4,5.0,6.0
schembl18309836,1,272.348,2.861,1.0,49.5,3.0,4.0
,1,1136.115,2.567,7.0,252.37,2.0,27.0
unii-0663ol43pk,1,287.75,1.973,2.0,57.51,3.0,3.0
,1,286.762,2.451,2.0,35.5,4.0,1.0
ciclazindol,1,298.773,3.198,1.0,35.83,4.0,1.0
chembl3577583,1,313.441,2.976,2.0,43.7,5.0,2.0
schembl20904174,1,327.468,3.366,2.0,43.7,5.0,2.0
,1,271.316,0.856,3.0,61.72,5.0,0.0
,1,357.45,1.707,3.0,73.16,6.0,2.0
zinc2015966,1,223.297,1.729,1.0,30.49,2.0,3.0
levoxadrol,1,309.409,3.445,1.0,30.49,4.0,3.0
,1,206.314,1.663,1.0,15.27,3.0,1.0
,1,189.262,0.52,2.0,27.3,3.0,1.0
napitane,1,335.447,4.325,0.0,21.7,5.0,3.0
unii-f5iv9bnn0r,1,188.274,1.189,1.0,15.27,3.0,0.0
zinc5934813,1,289.422,4.458,0.0,3.24,5.0,0.0
quinupramine,1,304.437,4.018,0.0,6.48,6.0,1.0
(r)-mequitazine,1,322.477,4.631,0.0,6.48,6.0,2.0
"tarceva, erlotinib",1,393.443,3.405,1.0,74.73,3.0,10.0
pazopanib,1,435.553,1.983,1.0,101.54,4.0,5.0
ramelteon,1,259.349,2.568,1.0,38.33,3.0,4.0
pergolide,1,314.498,4.271,1.0,19.03,4.0,4.0
sunitinib,1,398.482,3.335,3.0,77.23,3.0,7.0
aee-788,1,440.595,4.936,2.0,60.08,5.0,7.0
etomidate,1,244.294,2.669,0.0,44.12,2.0,4.0
cep-1347,1,615.777,6.161,2.0,94.72,8.0,7.0
carbinoxamine,1,290.794,3.403,0.0,25.36,2.0,6.0
flavopiridol,1,401.846,3.305,3.0,94.14,4.0,2.0
schembl3121372,1,301.342,0.745,2.0,70.0,5.0,0.0
schembl3118501,1,285.343,1.63,1.0,49.77,5.0,0.0
ergotamine,1,581.673,1.991,3.0,118.21,8.0,4.0
sorafenib,1,464.831,5.55,3.0,92.35,3.0,5.0
duloxetine,1,297.423,4.631,1.0,21.26,3.0,6.0
dexmethylphenidate,1,233.311,2.085,1.0,38.33,2.0,3.0
sirolimus,1,914.187,6.181,3.0,195.43,4.0,6.0
"everolimus, rad001",1,958.24,6.197,3.0,204.66,4.0,9.0
temsirolimus,1,1030.303,5.722,4.0,241.96,4.0,10.0
semaxanib,1,238.29,3.124,2.0,44.89,3.0,1.0
"10,11-dihydrocarbamazepine",1,238.29,3.002,1.0,46.33,3.0,0.0
dichloroacetate,1,128.942,0.875,1.0,37.3,0.0,1.0
hydantoin,1,100.077,-1.174,2.0,58.2,1.0,0.0
fasudil,1,291.376,1.219,1.0,62.3,3.0,2.0
vesamicol,1,259.393,3.17,1.0,23.47,3.0,2.0
nalbuphine,1,357.45,1.707,3.0,73.16,6.0,2.0
mw01-5-188wh,1,394.482,3.927,0.0,58.04,5.0,4.0
,1,310.437,3.659,1.0,37.3,4.0,1.0
,1,310.437,3.659,1.0,37.3,4.0,1.0
,1,298.426,3.493,1.0,37.3,4.0,0.0
"(8r,9r,10r,13s,14r,17s)-13-ethyl-17-ethynyl-17-hydroxy-1,2,6,7,8,9,10,11,12,14,15,16-dodecahydrocyclopenta[a]phenanthren-3-one",1,312.453,3.883,1.0,37.3,4.0,1.0
,1,284.443,4.314,1.0,20.23,4.0,0.0
,1,417.593,5.096,1.0,40.54,5.0,2.0
zinc169293457,1,296.41,3.613,2.0,40.46,4.0,0.0
zinc169341273,1,310.437,3.916,1.0,29.46,4.0,1.0
,1,312.453,3.883,1.0,37.3,4.0,0.0
,1,310.481,4.87,1.0,20.23,4.0,1.0
,1,369.505,4.715,1.0,58.89,4.0,2.0
,1,384.516,4.426,0.0,52.6,4.0,2.0
methylpentynol,1,98.145,0.781,1.0,20.23,0.0,1.0
ethchlorvynol,1,144.601,1.513,1.0,20.23,0.0,2.0
nivazol (nivacortol),1,430.567,5.558,1.0,38.05,6.0,1.0
efrotomycin,0,1145.347,2.751,8.0,302.08,5.0,24.0
cyclosporina (ciclosporin),0,1202.635,3.269,5.0,278.8,1.0,15.0
nicocortonide,1,535.637,4.121,1.0,112.02,6.0,5.0
zinc9710,1,231.295,1.623,1.0,30.49,3.0,3.0
,0,453.502,0.365,3.0,156.44,3.0,8.0
zinc169658384,1,400.647,6.59,2.0,40.46,3.0,6.0
nalmefene,1,339.435,2.513,2.0,52.93,6.0,2.0
isoprednidene,1,372.461,1.724,3.0,94.83,4.0,2.0
prednylidene,1,372.461,1.724,3.0,94.83,4.0,2.0
fluprednidene,1,390.451,1.816,3.0,94.83,4.0,2.0
xorphanol,1,337.507,4.663,1.0,23.47,5.0,2.0
meclocycline,0,476.869,0.059,6.0,181.62,4.0,2.0
4-epimetacycline,0,442.424,-0.594,6.0,181.62,4.0,2.0
cefdinir,0,395.422,-0.172,4.0,158.21,3.0,5.0
cefixime,0,453.458,-0.545,4.0,184.51,3.0,8.0
zinc5651434,1,224.26,0.961,2.0,75.27,1.0,4.0
albutoin,1,212.318,1.304,1.0,32.34,1.0,4.0
(r)-alpiropride,1,382.486,0.566,3.0,113.76,2.0,8.0
zinc4475310,1,327.38,1.301,2.0,70.0,5.0,2.0
naloxone,1,327.38,1.301,2.0,70.0,5.0,2.0
diacetylnalorphine,1,395.455,2.545,0.0,65.07,5.0,4.0
alletorphine,1,437.58,3.72,2.0,62.16,7.0,6.0
cabergoline,1,451.615,3.194,2.0,71.68,4.0,8.0
(s)-(-)-oxprenolol,1,265.353,1.989,2.0,50.72,1.0,9.0
tacrolimus,0,804.031,4.639,3.0,178.36,4.0,7.0
,1,236.315,2.543,2.0,61.69,1.0,5.0
zinc1530929,1,262.309,1.307,1.0,66.48,1.0,3.0
,0,666.91,5.476,2.0,46.94,11.0,6.0
130-95-0,1,324.424,3.173,1.0,45.59,5.0,4.0
cinchonidine,1,294.398,3.165,1.0,36.36,5.0,3.0
,1,546.701,3.42,3.0,114.68,6.0,5.0
quinidine,1,324.424,3.173,1.0,45.59,5.0,4.0
acrocinonide,1,432.488,2.195,2.0,93.06,5.0,3.0
chembl1620938,0,361.423,1.06,2.0,99.07,3.0,5.0
5-(1-propynyl)uridine,0,282.252,-2.48,4.0,124.78,2.0,2.0
fursultiamine,1,398.554,2.5,2.0,101.57,2.0,10.0
,1,300.442,5.603,1.0,37.3,1.0,5.0
,1,286.459,5.51,1.0,20.23,1.0,5.0
cetocycline,0,411.41,1.265,5.0,158.15,4.0,1.0
dichlorisone-acetate,1,439.379,4.152,1.0,71.44,4.0,3.0
cicortonide,1,550.067,4.703,1.0,105.85,5.0,6.0
schembl37920,0,821.141,-1.627,8.0,199.89,1.0,12.0
ketoconazole,1,531.44,4.206,0.0,69.06,5.0,7.0
bisorcic,1,216.237,-0.508,3.0,95.5,0.0,6.0
,0,526.54,-7.114,11.0,285.69,3.0,7.0
zinc299805743,0,332.313,-3.785,7.0,200.72,1.0,6.0
pidolacetamol,1,262.265,0.829,2.0,84.5,2.0,3.0
n-[4-[(1s)-1-hydroxy-2-(propan-2-ylamino)ethyl]phenyl]acetamide,1,236.315,1.676,3.0,61.36,1.0,5.0
acetanilide,1,135.166,1.645,1.0,29.1,1.0,1.0
,1,422.493,2.445,2.0,100.9,4.0,3.0
isoflupredone-acetate,1,420.477,2.221,2.0,100.9,4.0,3.0
prednisolone-acetate,1,402.487,2.128,2.0,100.9,4.0,3.0
fludrocortisone-acetate,1,422.493,2.445,2.0,100.9,4.0,3.0
cortisone-acetate,1,402.487,2.561,1.0,97.74,4.0,3.0
hydrocortisone-acetate,1,404.503,2.352,2.0,100.9,4.0,3.0
chloroprednisone-acetate,1,434.916,2.554,1.0,97.74,4.0,3.0
cortivazol,1,530.665,4.301,2.0,101.65,6.0,4.0
cormethasoneacetate (cormetasone-acetate),1,470.484,2.712,2.0,100.9,4.0,3.0
betamethasone-acetate (dexamethasone-acetate),1,434.504,2.467,2.0,100.9,4.0,3.0
paramethasone-acetate,1,434.504,2.322,2.0,100.9,4.0,3.0
triamcinolone-diacetate,1,478.513,1.762,2.0,127.2,4.0,4.0
dexamethasone-acefurate,1,528.573,3.924,1.0,120.11,5.0,5.0
diflorasone-diacetate,1,494.531,2.985,1.0,106.97,4.0,4.0
fluazacort,1,459.514,2.655,1.0,102.26,5.0,3.0
deflazacort,1,441.524,2.563,1.0,102.26,5.0,3.0
formocortal,1,569.066,3.963,1.0,108.36,5.0,7.0
fluocinonide,1,494.531,2.938,1.0,99.13,5.0,3.0
flunisolide-acetate,1,476.541,2.846,1.0,99.13,5.0,3.0
amcinonide,1,502.579,3.524,1.0,99.13,6.0,3.0
clocortolone-acetate,1,452.95,3.569,1.0,80.67,4.0,3.0
methylprednisolone-acetate,1,416.514,2.374,2.0,100.9,4.0,3.0
betamethasone-acibutate,1,504.595,3.673,1.0,106.97,4.0,5.0
halopredone (halopredone-acetate),1,559.4,3.462,1.0,106.97,4.0,4.0
acevaltrate,1,480.51,2.348,0.0,126.96,3.0,9.0
valtrate,1,422.474,2.662,0.0,100.66,3.0,8.0
penamecillin,0,406.46,0.84,1.0,102.01,3.0,6.0
phacetoperane,1,233.311,2.433,1.0,38.33,2.0,3.0
acebrochol,1,588.509,8.93,0.0,26.3,4.0,6.0
didrovaltrate,1,424.49,2.742,0.0,100.66,3.0,8.0
fusidic-acid,0,516.719,5.666,3.0,104.06,4.0,5.0
,0,557.84,5.966,0.0,55.84,6.0,4.0
,0,572.875,6.111,0.0,52.6,6.0,4.0
fluorometholone-acetate,1,418.505,3.494,1.0,80.67,4.0,2.0
docetaxel,0,807.89,3.26,5.0,224.45,6.0,8.0
fluperolone (fluperolone-acetate),1,434.504,2.609,2.0,100.9,4.0,3.0
o-acetylcarnitinium,0,204.246,0.099,1.0,63.6,0.0,5.0
paclitaxel,0,853.918,3.736,4.0,221.29,7.0,10.0
sedecamycin,0,501.576,2.288,2.0,136.07,3.0,3.0
,1,516.719,5.666,3.0,104.06,4.0,5.0
,1,416.945,4.608,0.0,60.44,5.0,2.0
,1,384.516,4.575,0.0,60.44,4.0,2.0
heroin (diacetylmorphine),1,369.417,1.989,0.0,65.07,5.0,2.0
,1,383.444,2.379,0.0,65.07,5.0,2.0
,1,314.469,4.724,0.0,34.14,4.0,1.0
endrysone (endrisone),1,342.479,3.716,1.0,54.37,4.0,1.0
deprodone,1,344.451,2.585,2.0,74.6,4.0,1.0
doxibetasol,1,376.468,2.923,2.0,74.6,4.0,1.0
algestone,1,346.467,2.809,2.0,74.6,4.0,1.0
descinolone (descinolone-acetonide),1,418.505,3.446,1.0,72.83,5.0,1.0
algestone-acetonide,1,386.532,4.608,0.0,52.6,5.0,1.0
pregnenolone-succinate,1,416.558,4.931,1.0,80.67,4.0,5.0
ganaxolone,1,332.528,4.985,1.0,37.3,4.0,1.0
alfaxalone (renanolone),1,332.484,3.774,1.0,54.37,4.0,1.0
pregnanolone (eltanolone),1,318.501,4.595,1.0,37.3,4.0,1.0
cyclopregnol,1,316.485,4.205,1.0,37.3,5.0,1.0
"(7r,9s)-9-amino-9-acetyl-7-[(2-deoxy-beta-d-erythro-pentopyranosyl)oxy]-7,8,9,10-tetrahydro-6,11-dihydroxynaphthacene-5,12-dione",0,483.473,0.632,5.0,176.61,5.0,3.0
fluorometholone,1,376.468,2.923,2.0,74.6,4.0,1.0
carubicin,0,513.499,0.726,6.0,196.84,5.0,3.0
zinc253636932,0,497.5,1.02,5.0,176.61,5.0,3.0
cetophenicol (cetofenicol),1,320.172,1.203,3.0,86.63,1.0,6.0
fexofenadine,0,501.667,5.511,3.0,81.0,4.0,10.0
amdinocillinpivoxil (pivmecillinam),0,439.578,2.412,0.0,88.51,3.0,5.0
pivampicillin,0,463.556,1.324,2.0,128.03,3.0,6.0
unii-f4er8z6q3u component ftjlktblzoulcl-gosisdbhsa-n,1,370.836,4.045,1.0,67.76,3.0,2.0
tixocortol-pivalate,1,462.652,4.095,2.0,91.67,4.0,3.0
prednisolone-tebutate,1,458.595,3.545,2.0,100.9,4.0,4.0
triamcinolone-hexacetonide,1,518.622,4.016,1.0,99.13,5.0,4.0
zinc100298066,1,372.553,3.815,2.0,58.2,4.0,1.0
indinavir,0,613.803,2.867,4.0,118.03,5.0,11.0
saquinavir,0,670.855,3.092,5.0,166.75,5.0,12.0
(+)-terbutaline,1,225.288,1.519,4.0,72.72,1.0,3.0
5-[(1s)-2-(tert-butylamino)-1-hydroxyethyl]-2-hydroxybenzoic acid,1,253.298,1.512,4.0,89.79,1.0,4.0
nsc-355078,1,240.303,0.701,4.0,85.61,1.0,4.0
nadolol,0,309.406,0.635,4.0,81.95,2.0,5.0
carbuterol,0,267.329,1.304,5.0,107.61,1.0,4.0
butaclamol,1,361.529,4.845,1.0,23.47,5.0,0.0
stiripentol,1,234.295,2.836,1.0,38.69,2.0,2.0
zinc8035456,0,547.595,0.036,4.0,188.39,4.0,9.0
chembl351286,1,327.38,2.901,2.0,75.63,2.0,7.0
zinc72266854,0,546.045,2.987,3.0,125.04,4.0,8.0
unii-99h2e0y9oa,1,289.158,3.59,1.0,46.53,2.0,4.0
feprazone,1,320.392,3.954,0.0,40.62,3.0,4.0
nalmexone,1,355.434,2.082,2.0,70.0,5.0,2.0
(-)-pentazocine,1,285.431,3.883,1.0,23.47,3.0,2.0
pdsp1_001127,1,285.431,3.883,1.0,23.47,3.0,2.0
ciclesonide,1,540.697,4.704,1.0,99.13,6.0,5.0
tobicillin,0,510.612,3.081,1.0,102.01,4.0,8.0
cholesterol-3-18o,1,386.664,7.389,1.0,20.23,4.0,5.0
bepridil,0,366.549,4.83,0.0,15.71,3.0,10.0
,1,366.549,4.83,0.0,15.71,3.0,10.0
pregabalin,1,159.229,1.082,2.0,63.32,0.0,5.0
sibutramine,1,279.855,4.738,0.0,3.24,2.0,5.0
furbucillin,0,424.475,1.483,2.0,126.15,3.0,7.0
gramicidin-j2,0,686.899,-0.135,7.0,231.84,2.0,21.0
gramicidin-s,0,1141.47,1.228,10.0,325.46,5.0,16.0
,1,339.483,3.362,1.0,59.22,2.0,8.0
(s)-orciprenaline,1,211.261,1.129,4.0,72.72,1.0,4.0
(s)-oxamniquine,1,279.34,1.812,3.0,87.43,2.0,5.0
s-(-)-bisoprolol,1,325.449,2.366,2.0,59.95,1.0,12.0
,1,302.396,0.796,3.0,87.66,1.0,8.0
,1,243.35,3.26,2.0,32.26,2.0,4.0
,1,197.234,1.087,4.0,72.72,1.0,3.0
(r)-7-(4-fluorobenzylamino)-8-methylnonanoic acid,1,295.398,3.975,2.0,49.33,1.0,10.0
valinomycin,0,1083.284,1.566,6.0,332.4,1.0,7.0
dexclamol,1,347.502,4.455,1.0,23.47,5.0,1.0
schembl19680107,0,332.464,2.854,1.0,46.53,3.0,5.0
fluvastatin sodium anti-isomer free acid,1,411.473,4.628,3.0,82.69,3.0,8.0
fluvastatin,1,411.473,4.628,3.0,82.69,3.0,8.0
amesergide,1,393.575,4.631,1.0,37.27,5.0,3.0
zinc256873410,1,204.226,0.59,2.0,104.64,0.0,4.0
cefcapene,0,453.502,0.353,4.0,177.94,3.0,7.0
unii-c1846n9avw component vezxeowxhfhyhc-fboqahmbsa-n,1,217.268,1.951,1.0,38.33,2.0,2.0
zinc1543366,1,339.366,-0.395,1.0,115.54,3.0,3.0
,1,339.366,-0.395,1.0,115.54,3.0,3.0
,1,420.477,2.029,2.0,93.06,5.0,2.0
,1,434.504,2.275,2.0,93.06,5.0,2.0
triamcinolone-furetonide,1,564.606,4.64,1.0,112.27,7.0,4.0
triamcinolone-acetonide,1,434.504,2.419,2.0,93.06,5.0,2.0
desonide,1,416.514,2.327,2.0,93.06,5.0,2.0
halcinonide,1,454.966,3.889,1.0,72.83,5.0,2.0
drocinonide,1,438.536,2.723,2.0,93.06,5.0,2.0
triclonide,1,505.841,5.129,0.0,52.6,5.0,2.0
tralonide,1,489.386,4.86,0.0,52.6,5.0,2.0
flucloronide (fluclorolone-acetonide),1,487.395,3.883,1.0,72.83,5.0,2.0
fluocinolone-acetonide,1,452.494,2.367,2.0,93.06,5.0,2.0
ciprocinonide,1,520.569,3.328,1.0,99.13,6.0,4.0
flunisolide,1,434.504,2.275,2.0,93.06,5.0,2.0
flurandrenolide (fludroxycortide),1,436.52,2.499,2.0,93.06,5.0,2.0
oxetacillin,0,405.476,1.117,3.0,110.18,4.0,3.0
hetacillin,0,389.477,1.411,2.0,89.95,4.0,3.0
amantocillin,0,393.509,0.916,3.0,112.73,6.0,3.0
isopenicillin n,0,359.404,-0.8,4.0,150.03,2.0,7.0
carbenicillin,0,378.406,0.486,3.0,124.01,3.0,5.0
s-tipc,0,384.435,0.548,3.0,124.01,3.0,5.0
schembl33857,0,494.569,2.496,2.0,113.01,5.0,6.0
carfecillin,0,454.504,2.007,2.0,113.01,4.0,6.0
pirbenicillin,0,510.576,0.276,4.0,167.08,4.0,8.0
rotamicillin,0,549.653,1.458,4.0,140.2,5.0,8.0
mezlocillin,0,539.592,-0.234,3.0,173.5,4.0,6.0
piroxicillin,0,672.702,0.361,8.0,266.01,5.0,9.0
apalcillin,0,521.555,1.026,4.0,161.56,5.0,6.0
piridicillin,0,729.79,-0.174,7.0,246.74,5.0,13.0
suncillin,0,429.476,-0.248,4.0,153.11,3.0,6.0
sulbenicillin,0,414.461,0.247,3.0,141.08,3.0,5.0
sultamicillin,0,594.668,-0.589,2.0,182.48,5.0,7.0
zinc36378557,0,481.53,1.646,2.0,128.03,5.0,5.0
zinc11616739,0,384.435,0.548,3.0,124.01,3.0,5.0
zinc11616730,0,539.592,-0.234,3.0,173.5,4.0,6.0
zinc4534031,0,461.5,0.094,4.0,148.15,4.0,5.0
fenbenicillin,0,425.506,3.085,2.0,92.7,4.0,6.0
"4-thia-1-azabicyclo[3.2.0]heptane-2-carboxylic acid,3,3-dimethyl-7-oxo-, 4,4-dioxide, (2s,5r)-",0,233.245,-0.795,1.0,91.75,2.0,1.0
tigemonam,0,423.429,-1.156,4.0,193.74,2.0,9.0
camphore,1,152.237,2.402,0.0,17.07,2.0,0.0
cefalexin,0,461.54,1.245,2.0,128.03,3.0,6.0
methyldesorphine,1,269.344,2.227,1.0,32.7,5.0,0.0
virginiamycin-factor-m1,0,525.602,2.659,2.0,139.04,3.0,1.0
cortisuzol,1,672.8,4.841,3.0,156.02,7.0,6.0
,1,343.217,4.386,1.0,39.99,4.0,1.0
crotetamide,1,226.32,1.278,0.0,40.62,0.0,5.0
cropropamide,1,240.347,1.668,0.0,40.62,0.0,6.0
,1,374.477,2.225,3.0,86.99,2.0,6.0
,1,305.113,2.619,1.0,80.67,1.0,6.0
isomethadone,1,309.453,4.15,0.0,20.31,2.0,7.0
eclanamine,1,329.271,4.219,0.0,23.55,2.0,4.0
suproclone,1,520.036,3.338,0.0,95.94,5.0,3.0
alclometasone-dipropionate,1,521.05,3.943,1.0,106.97,4.0,6.0
beclomethasonedipropionate (beclometasone-dipropionate),1,521.05,4.087,1.0,106.97,4.0,6.0
betamethasone-dipropionate (dexamethasone-dipropionate),1,504.595,3.818,1.0,106.97,4.0,6.0
procinonide,1,508.558,3.328,1.0,99.13,5.0,4.0
unii-sfj709wu1x,1,339.479,4.276,0.0,29.54,2.0,8.0
clobetasol-propionate,1,466.977,4.103,1.0,80.67,4.0,4.0
amelometasone,1,462.558,3.511,1.0,89.9,4.0,5.0
ticabesone (ticabesone-propionate),1,482.589,4.133,1.0,80.67,4.0,3.0
cloticasone (cloticasone-propionate),1,517.034,4.699,1.0,80.67,4.0,4.0
fluticasone-propionate,1,500.579,4.43,1.0,80.67,4.0,4.0
,1,479.64,6.035,1.0,58.22,4.0,10.0
meprodine,1,275.392,3.197,0.0,29.54,2.0,4.0
midecamycin,0,813.979,2.767,3.0,206.05,3.0,12.0
erythromycin-propionate,0,790.001,2.747,4.0,199.98,3.0,9.0
diproleandomycin,0,799.996,3.83,1.0,178.12,4.0,10.0
hydrocortisone-aceponate,1,460.567,3.313,1.0,106.97,4.0,5.0
methylprednisolone-aceponate,1,472.578,3.335,1.0,106.97,4.0,5.0
rimexolone,1,370.533,4.497,1.0,54.37,4.0,2.0
resocortol,1,360.494,3.199,2.0,74.6,4.0,2.0
simvastatin,1,418.574,4.586,1.0,72.83,3.0,6.0
amcinafal,1,462.558,3.199,2.0,93.06,5.0,4.0
meclorisone (meclorisone-dibutyrate),1,567.55,6.114,0.0,86.74,4.0,8.0
clobetasone-butyrate,1,478.988,4.701,0.0,77.51,4.0,5.0
icometasone-enbutate,1,521.05,4.087,1.0,106.97,4.0,6.0
hydrocortisone-butyrate,1,432.557,3.133,2.0,100.9,4.0,5.0
hydrocortisone-buteprate,1,488.621,4.094,1.0,106.97,4.0,7.0
amebucort,1,488.621,3.949,1.0,106.97,4.0,6.0
difluprednate,1,508.558,3.52,1.0,106.97,4.0,6.0
domoprednate,1,428.569,4.326,1.0,80.67,4.0,4.0
,1,271.404,3.574,0.0,20.31,2.0,5.0
unii-w239u04yz5,1,271.445,3.066,1.0,32.7,1.0,10.0
betamethasone-valerate,1,476.585,3.637,2.0,100.9,4.0,6.0
prednival,1,444.568,3.299,2.0,100.9,4.0,6.0
hydrocortisone-valerate,1,446.584,3.523,2.0,100.9,4.0,6.0
fluprednisolone-valerate,1,462.558,3.247,2.0,100.9,4.0,6.0
tonazocine,1,357.538,4.846,1.0,40.54,3.0,7.0
fluocortolone-caproate,1,474.613,4.768,1.0,80.67,4.0,7.0
,1,426.597,5.746,0.0,60.44,4.0,6.0
nabilone,1,372.549,6.264,1.0,46.53,3.0,6.0
myrophine,1,585.829,8.324,0.0,48.0,6.0,16.0
prednisolone-steaglate,1,684.955,7.913,2.0,127.2,4.0,21.0
zinc1633925,1,287.4,3.354,1.0,70.78,1.0,10.0
(r)-ibutilide,1,384.586,4.164,2.0,69.64,1.0,14.0
pentamorphone,1,368.477,2.309,2.0,61.8,5.0,5.0
zinc5973244,1,359.354,0.76,3.0,122.91,2.0,6.0
zinc31475748,1,537.829,9.313,0.0,38.77,4.0,11.0
mirincamycin,0,439.018,0.828,5.0,111.05,2.0,9.0
zinc1692922,1,274.361,2.414,2.0,90.65,0.0,9.0
,1,446.559,3.988,1.0,80.67,4.0,5.0
febarbamate,1,405.451,1.693,2.0,128.03,2.0,10.0
zinc255974135,1,578.663,2.686,2.0,180.79,2.0,18.0
unii-6mdc25lqsr component wtbqlhrvrkxspx-ghmzboclsa-n,1,215.337,2.09,2.0,49.33,0.0,8.0
,1,308.381,3.583,0.0,40.62,3.0,5.0
schembl25856,1,324.38,3.493,1.0,60.85,3.0,5.0
trospectomycin,0,374.434,-1.755,5.0,129.51,3.0,5.0
zinc27638664,1,382.541,3.954,2.0,83.83,1.0,13.0
"[(1r,2r,4s,5r)-9-butyl-9-methyl-3-oxa-9-azoniatricyclo[3.3.1.02,4]nonan-7-yl] (2r)-3-hydroxy-2-phenylpropanoate",0,360.474,2.233,1.0,59.06,4.0,7.0
"2-(p-methylphenyl)-6-methylimidazo[1,2-a]pyridine 3-(1-(dipropylamino)acetaldehyde)",1,363.505,4.809,0.0,37.61,3.0,7.0
pergolide,1,314.498,4.271,1.0,19.03,4.0,4.0
quinagolide,1,395.569,2.136,2.0,72.88,3.0,7.0
schembl2942739,1,275.396,2.049,3.0,53.16,2.0,8.0
dexpramipexole,1,211.334,1.582,2.0,50.94,2.0,3.0
unii-74ofm9lk2g,1,258.321,3.059,0.0,44.12,2.0,5.0
unii-b3bw33mufm,1,368.474,1.941,2.0,95.94,2.0,8.0
,1,424.991,0.39,4.0,102.26,2.0,7.0
,0,406.545,-0.857,5.0,122.49,2.0,7.0
"(1s,2r,4r,6r,8s,9s,11s,12r,13r)-11-hydroxy-8-(2-hydroxyacetyl)-9,13-dimethyl-6-propyl-5,7-dioxapentacyclo[10.8.0.02,9.04,8.013,18]icosa-14,17-dien-16-one",1,430.541,2.717,2.0,93.06,5.0,4.0
etorphine,1,411.542,3.164,2.0,62.16,7.0,4.0
acetorphine,1,453.579,3.383,1.0,68.23,7.0,5.0
clindamycin-phosphate,0,504.97,0.507,5.0,148.79,2.0,9.0
clindamycin,0,424.991,0.39,4.0,102.26,2.0,7.0
lincomycin,0,406.545,-0.857,5.0,122.49,2.0,7.0
oxanamide,1,157.213,0.819,1.0,55.62,1.0,4.0
budesonide,1,430.541,2.717,2.0,93.06,5.0,4.0
itrocinonide,1,568.61,4.258,1.0,117.59,5.0,6.0
rofleponide,1,468.537,2.981,2.0,93.06,5.0,4.0
prothionamide,1,180.276,1.668,1.0,38.91,1.0,3.0
,1,516.645,5.274,1.0,72.94,6.0,7.0
(r)-rivastigmine,1,250.342,2.76,0.0,32.78,1.0,4.0
rifamide,0,810.938,5.296,5.0,210.62,5.0,7.0
lisuride,1,338.455,2.841,2.0,51.37,4.0,3.0
terguride,1,340.471,2.932,2.0,51.37,4.0,3.0
(r)-celiprolol,0,379.501,2.891,3.0,90.9,1.0,9.0
benzquinamide,1,404.507,2.423,0.0,68.31,3.0,6.0
endomide,1,292.423,2.162,0.0,40.62,2.0,6.0
milnacipran,1,246.354,1.771,1.0,46.33,2.0,5.0
rifametane,0,836.98,5.848,6.0,229.27,5.0,6.0
(r)-oxybutynin,1,357.494,3.343,1.0,49.77,2.0,7.0
prednisolamate,1,473.61,2.45,2.0,104.14,4.0,7.0
hydrocortamate,1,475.626,2.674,2.0,104.14,4.0,7.0
schembl3454549,1,319.88,4.446,0.0,19.37,2.0,8.0
"3-(diethylamino)propyl (1r,2s,4r)-2-phenylbicyclo[2.2.1]heptane-2-carboxylate",1,329.484,4.02,0.0,29.54,3.0,8.0
zinc33985952,1,383.532,4.453,0.0,38.77,3.0,10.0
meticillin (tameticillin),0,479.599,1.75,1.0,97.41,3.0,10.0
(s)-phenglutarimide,1,288.391,2.093,1.0,49.41,2.0,6.0
etisulergine,1,376.526,2.056,2.0,68.44,4.0,5.0
(r)-diethylpropion,1,205.301,2.6,0.0,20.31,1.0,5.0
rifamexil,0,809.979,6.504,5.0,197.21,5.0,5.0
ncgc00016617-01,1,429.557,4.603,0.0,57.23,2.0,13.0
,1,321.852,3.393,2.0,48.39,2.0,8.0
(r)-ethotoin,1,204.229,1.299,1.0,49.41,2.0,2.0
chembl25547,1,371.275,2.68,1.0,50.8,2.0,6.0
cefoperazone,0,645.68,-1.112,4.0,220.26,5.0,9.0
piperacillin,0,517.564,-0.24,3.0,156.43,4.0,6.0
zinc3203071,1,341.433,0.414,2.0,101.73,2.0,6.0
,1,301.386,1.988,2.0,52.93,5.0,1.0
zinc12359050,1,234.255,1.113,1.0,70.5,2.0,2.0
(2r)-n-ethyl-2-[3-(trifluoromethyl)phenyl]propan-1-amine,1,231.261,3.418,1.0,12.03,1.0,4.0
unii-d9741c38xi,0,181.235,1.035,3.0,52.49,1.0,4.0
zinc1708378,1,219.328,2.386,1.0,21.26,2.0,5.0
,0,475.587,-3.201,8.0,199.73,3.0,8.0
netilmicin,0,475.587,-3.201,8.0,199.73,3.0,8.0
fencamfamin,1,215.34,3.178,1.0,12.03,3.0,3.0
felodipine,0,384.259,3.964,1.0,64.63,2.0,4.0
nitrendipine,0,360.366,2.566,1.0,107.77,2.0,5.0
lacidipine,1,455.551,4.403,1.0,90.93,2.0,7.0
zinc11592802,1,312.41,1.285,2.0,90.65,1.0,7.0
erythromycin-ethylsuccinate,0,862.064,2.68,4.0,226.28,3.0,12.0
bervastatin,1,466.549,4.954,2.0,75.99,4.0,8.0
erythromycin-ethylcarbonate,0,806.0,2.966,4.0,209.21,3.0,9.0
bacmecillinam,0,441.55,2.384,0.0,97.74,3.0,6.0
prednicarbate,1,488.577,3.699,1.0,116.2,4.0,6.0
loteprednol (loteprednol-etabonate),1,466.958,3.917,1.0,99.13,4.0,4.0
,1,430.545,2.773,2.0,95.94,3.0,9.0
smr000550494,1,416.518,2.383,2.0,95.94,3.0,9.0
zinc11615961,1,417.506,1.595,2.0,99.18,3.0,8.0
detorubicin,0,673.668,0.951,5.0,230.6,5.0,11.0
dsstox_cid_28699,1,408.472,2.679,1.0,99.13,2.0,11.0
minaxolone,1,405.623,4.15,1.0,49.77,4.0,4.0
"repaglinide, (-)-",1,452.595,5.22,2.0,78.87,3.0,10.0
nafcillin,0,414.483,2.484,2.0,95.94,4.0,5.0
(s)-tamsulosin,1,408.52,2.341,2.0,99.88,2.0,11.0
(3r)-3-[(2-ethoxyphenoxy)methyl]morpholine,1,237.299,1.452,1.0,39.72,2.0,5.0
tipredane,1,410.62,5.17,1.0,37.3,4.0,3.0
n-[(r)-2-phenylbutanoyl]urea,1,206.245,1.375,2.0,72.19,1.0,3.0
"benzeneaceticacid, 4-(1,3-dihydro-1-oxo-2h-isoindol-2-yl)-a-ethyl-",1,295.338,3.425,1.0,57.61,3.0,4.0
,1,887.117,5.457,3.0,170.06,8.0,8.0
meso-ethambutol,1,204.314,-0.293,4.0,64.52,0.0,9.0
gramicidin-s-3,0,1115.432,0.764,10.0,339.45,4.0,33.0
"acetylmethadol (levacetylmethadol, alphacetylmethadol, betacetylmethadol )",1,353.506,4.655,0.0,29.54,2.0,8.0
zinc33854788,1,185.267,2.441,1.0,52.32,1.0,3.0
propicillin,0,378.45,1.476,2.0,95.94,3.0,6.0
,0,448.561,-2.525,7.0,187.7,3.0,6.0
,0,408.562,4.406,1.0,46.53,4.0,5.0
,1,812.018,4.929,1.0,171.85,5.0,11.0
,1,733.937,1.786,5.0,193.91,3.0,7.0
homprenorphine,1,451.607,3.857,1.0,51.16,8.0,6.0
hydroxyphenamate (oxyfenamate),1,209.245,1.38,2.0,72.55,1.0,4.0
(+)-ethosuximide,1,141.17,0.449,1.0,46.17,1.0,1.0
tolquinzole,1,245.366,2.829,1.0,23.47,3.0,1.0
aclarubicin,0,811.878,3.158,4.0,217.05,7.0,9.0
rodorubicin,0,941.037,3.107,5.0,241.91,9.0,9.0
(s)-aminoglutethimide,1,232.283,1.353,2.0,72.19,2.0,2.0
vinblastine,0,810.989,3.991,3.0,154.1,9.0,7.0
vindesine,0,753.941,2.732,5.0,164.82,9.0,6.0
vincristine,0,824.972,3.518,3.0,171.17,9.0,8.0
bremazocine,1,315.457,3.222,2.0,43.7,4.0,3.0
gemazocine,1,299.458,4.107,1.0,23.47,4.0,3.0
cogazocine,1,313.485,4.497,1.0,23.47,4.0,3.0
mevastatin,1,390.52,3.95,1.0,72.83,3.0,6.0
schembl122122,1,212.249,0.795,2.0,75.27,1.0,3.0
capuride,1,186.255,1.254,2.0,72.19,0.0,4.0
"(2r,3s)-2-ethyl-3-methylpentanamide",1,143.23,1.544,1.0,43.09,0.0,4.0
nisobamate,1,274.361,2.269,2.0,90.65,0.0,7.0
chembl1835949,1,705.647,5.577,0.0,104.7,7.0,11.0
itraconazole,0,705.647,5.577,0.0,104.7,7.0,11.0
cas-113-42-8,1,339.439,1.925,3.0,68.36,4.0,4.0
"(6as,9s)-n-[(2r)-1-hydroxybutan-2-yl]-4,7-dimethyl-6,6a,8,9-tetrahydroindolo[4,3-fg]quinoline-9-carboxamide",1,353.466,1.935,2.0,57.5,4.0,4.0
(r)-phenprocoumon,1,280.323,4.041,1.0,50.44,3.0,3.0
fenimide,1,217.268,1.627,1.0,46.17,2.0,2.0
tofisopam,1,382.46,4.442,0.0,61.64,3.0,6.0
conorphone (conorfone),1,367.489,3.35,0.0,38.77,6.0,4.0
"(2r,3r,11br)-2-[[(1r)-6,7-dimethoxy-1,2,3,4-tetrahydroisoquinoline-1-yl]methyl]-3-ethyl-9,10-dimethoxy-1,3,4,6,7,11b-hexahydro-2h-benzo[a]quinolizine",0,480.649,4.943,1.0,52.19,5.0,7.0
mikamycin (pristinamycin-ia),0,866.973,1.27,4.0,227.96,6.0,7.0
virginiamycin-factor-s1,0,823.904,1.204,4.0,224.72,6.0,6.0
gramicidin-s-2,0,1127.443,0.982,10.0,325.46,5.0,16.0
flurithromycin,0,751.927,1.878,5.0,193.91,3.0,7.0
lexithromycin,0,762.979,2.219,5.0,198.43,3.0,8.0
roxithromycin,0,837.058,2.21,5.0,216.89,3.0,13.0
berythromycin,0,717.938,2.671,4.0,173.68,3.0,7.0
erythromycin,0,733.937,1.786,5.0,193.91,3.0,7.0
azithromycin,0,748.996,1.901,5.0,180.08,3.0,7.0
dirithromycin,0,835.086,2.202,5.0,196.33,4.0,12.0
clarithromycin,0,747.964,2.44,4.0,182.91,3.0,8.0
(r)-meptazinol,1,233.355,3.156,1.0,23.47,2.0,2.0
unii-o83b33q2lt,1,336.347,2.253,1.0,83.55,3.0,3.0
(+)-mephobarbitol,1,246.266,1.043,1.0,66.48,2.0,2.0
(r)-glutethimide,1,217.268,1.771,1.0,46.17,2.0,2.0
mephenytoin,1,218.256,1.474,1.0,49.41,2.0,2.0
unii-h0x939rx9w component anpjdcdlxknsps-gfccvegcsa-n,1,218.256,0.538,2.0,58.2,2.0,2.0
etoxadrol,1,261.365,2.807,1.0,30.49,3.0,3.0
,0,332.42,1.453,1.0,59.06,4.0,5.0
piroximone,1,217.228,0.891,2.0,78.61,2.0,3.0
,1,319.357,2.235,3.0,95.86,3.0,5.0
brifentanil,1,420.489,0.989,0.0,85.49,3.0,8.0
asimadoline,1,414.549,4.085,1.0,43.78,4.0,7.0
avizafone,1,430.936,2.106,3.0,118.52,2.0,10.0
pdsp1_001740,1,425.4,4.56,0.0,32.78,4.0,4.0
benzydamine,1,309.413,3.415,0.0,30.29,3.0,7.0
,1,281.399,4.053,0.0,12.47,3.0,4.0
,1,275.783,3.435,0.0,19.37,2.0,5.0
thiazesim (tiazesim),1,326.465,3.818,0.0,23.55,3.0,4.0
chlorphenoxamine,1,303.833,4.182,0.0,12.47,2.0,6.0
ramciclane,1,315.501,4.392,0.0,12.47,3.0,6.0
(?)-pheniramine,1,240.35,3.165,0.0,16.13,2.0,5.0
zinc1678256,1,263.384,3.951,0.0,3.24,3.0,4.0
unii-80o018lgci component cmebtcwurhmcee-hnayvobhsa-n,1,311.381,2.757,0.0,30.93,4.0,2.0
cericlamine,1,262.18,2.849,1.0,23.47,1.0,4.0
rolitetracycline,0,527.574,0.313,6.0,170.87,5.0,4.0
chlortetracycline,0,478.885,0.282,6.0,181.62,4.0,2.0
zinc13783337,0,464.858,0.108,6.0,181.62,4.0,2.0
akos030241499,1,460.439,-1.4,7.0,201.85,4.0,2.0
epitetracycline,0,444.44,-0.371,6.0,181.62,4.0,2.0
oxytetracycline,0,460.439,-1.4,7.0,201.85,4.0,2.0
pecocycline,0,585.61,0.171,7.0,208.17,5.0,5.0
guamecycline,0,626.671,-1.591,10.0,259.86,5.0,4.0
pipacycline,0,586.642,-1.016,7.0,194.34,5.0,6.0
lymecycline,0,602.641,-0.454,9.0,242.98,4.0,10.0
penimocycline,0,805.863,0.337,9.0,266.37,7.0,9.0
clomocycline,0,508.911,0.02,7.0,187.86,4.0,3.0
apicycline,0,630.651,-1.563,8.0,231.64,5.0,7.0
nitrocycline,0,459.411,0.029,5.0,204.53,4.0,3.0
demecycline,0,430.413,-0.388,6.0,181.62,4.0,2.0
amicycline,0,429.429,-0.297,6.0,187.41,4.0,2.0
etamocycline,0,1001.056,-0.375,12.0,341.74,8.0,11.0
zinc3831470,0,265.222,-2.891,5.0,151.92,1.0,3.0
methsuximide (mesuximide),1,203.241,1.333,0.0,37.38,2.0,1.0
(s)-hexobarbital,1,236.271,1.201,1.0,66.48,2.0,1.0
chembl400001,1,335.19,3.126,1.0,52.9,3.0,1.0
lornoxicam,1,371.827,2.296,2.0,99.6,3.0,2.0
cn1s(c2=c(c=c1c(=o)nc1=nc=cc=c1)sc=c2)(=o)=o,1,321.383,1.757,1.0,79.37,3.0,2.0
sudoxicam,1,337.382,1.642,2.0,99.6,3.0,2.0
,1,383.923,4.069,1.0,35.58,4.0,3.0
(+)-nicotine,1,162.236,1.848,0.0,16.13,2.0,1.0
mazipredone,1,442.6,1.813,2.0,81.08,5.0,3.0
azimilide,1,457.962,3.226,0.0,72.6,4.0,8.0
pdsp1_001538,1,257.377,3.08,1.0,23.47,4.0,0.0
metopon,1,299.37,2.02,1.0,49.77,5.0,0.0
oxymorphone,1,301.342,0.745,2.0,70.0,5.0,0.0
hydromorphone,1,285.343,1.63,1.0,49.77,5.0,0.0
"(4s,4as,7s,7ar,12br)-3-methyl-2,4,4a,7,7a,13-hexahydro-1h-4,12-methanobenzofuro[3,2-e]isoquinoline-7,9-diol",1,285.343,1.198,2.0,52.93,5.0,0.0
methyldihydromorphine,1,301.386,1.812,2.0,52.93,5.0,0.0
morphine,1,285.343,1.198,2.0,52.93,5.0,0.0
hydromorphinol,1,303.358,0.537,3.0,73.16,5.0,0.0
nicomorphine,1,495.535,3.366,0.0,90.85,7.0,4.0
dimelazine,1,310.466,4.631,0.0,6.48,4.0,2.0
desomorphine,1,271.36,2.451,1.0,32.7,5.0,0.0
berupipam,1,408.723,4.363,1.0,32.7,4.0,1.0
,1,581.673,1.991,3.0,118.21,8.0,4.0
,1,583.689,2.081,3.0,118.21,8.0,4.0
delergotrile,1,265.36,3.042,1.0,42.82,4.0,1.0
gnf-pf-2303,1,347.487,4.225,1.0,31.92,5.0,3.0
mesulergine,1,362.499,1.287,1.0,57.58,4.0,3.0
losindole,1,297.829,4.206,0.0,3.24,4.0,1.0
,1,298.386,2.96,0.0,34.47,4.0,2.0
zinc1530907,1,439.89,1.655,2.0,109.57,2.0,4.0
zinc100268098,1,303.358,0.918,1.0,62.3,4.0,4.0
atropine (hyoscyamine),1,289.375,1.931,1.0,49.77,3.0,4.0
atromepine,1,303.402,2.105,1.0,49.77,3.0,4.0
homatropine,1,275.348,1.888,1.0,49.77,3.0,3.0
,1,422.934,4.652,1.0,77.92,3.0,7.0
zinc1846165,1,436.961,4.193,2.0,86.71,3.0,8.0
aspoxicillin,0,493.542,-1.355,6.0,191.16,3.0,8.0
moxadolen,1,223.228,0.664,1.0,64.63,3.0,1.0
zinc1999272,1,311.494,4.912,1.0,12.03,3.0,5.0
nisoxetine,1,271.36,3.425,1.0,30.49,2.0,7.0
lenapenem,0,399.513,-0.426,5.0,122.13,3.0,8.0
cns(=o)(=o)ccc=1c=c2c=c(nc2=cc=1)c1ccn(cc1)c,1,335.473,2.069,2.0,65.2,3.0,5.0
,0,477.603,-3.327,8.0,199.73,3.0,7.0
vancomycin,0,1449.271,0.106,19.0,530.49,12.0,13.0
apramycin,0,539.583,-6.949,11.0,283.64,4.0,6.0
,0,581.58,-7.742,14.0,331.43,3.0,9.0
streptomycin,0,581.58,-7.742,14.0,331.43,3.0,9.0
dihydrostreptomycin,0,583.596,-7.948,15.0,334.59,3.0,9.0
zinc3604299,0,193.246,1.486,1.0,38.33,1.0,4.0
hydroxyephedrine,0,181.235,1.033,3.0,52.49,1.0,3.0
,0,1449.271,0.106,19.0,530.49,12.0,13.0
sisomicin,0,447.533,-3.851,8.0,213.72,3.0,6.0
gentamicin,0,449.549,-3.977,8.0,213.72,3.0,6.0
isepamicin (isepamycin),0,569.609,-7.524,12.0,297.72,3.0,9.0
nemonapride,1,387.911,3.783,2.0,53.6,3.0,6.0
zinc3830479,1,383.411,-0.556,3.0,147.21,3.0,5.0
oximonam,0,357.348,-1.192,3.0,156.44,2.0,7.0
ceftiolene,0,594.613,-1.436,4.0,232.03,4.0,10.0
cefditoren,0,506.591,1.293,3.0,160.1,4.0,7.0
cefuracetime,0,423.403,-0.068,2.0,147.74,3.0,7.0
ceftioxide,0,471.473,-1.607,3.0,196.57,3.0,7.0
ceftizoxime alapivoxil (ky020),0,568.634,0.153,3.0,191.61,3.0,9.0
cefuroxime-pivoxetil,0,568.561,0.237,2.0,198.29,3.0,11.0
sabcomeline,1,193.25,0.854,0.0,48.62,3.0,2.0
,0,475.532,-0.198,3.0,151.09,4.0,7.0
gloximonam,0,471.492,-0.392,2.0,171.74,2.0,9.0
cefotaxime,0,455.474,-0.622,3.0,173.51,3.0,7.0
ceftiofur,0,523.574,0.981,3.0,177.42,4.0,8.0
ceftriaxone,0,554.592,-1.611,4.0,214.96,4.0,8.0
cefodizime,0,584.683,0.999,4.0,197.4,4.0,10.0
cefmenoxime,0,511.571,-0.87,3.0,190.81,4.0,8.0
zinc136464202,0,479.504,-1.19,3.0,190.81,4.0,7.0
ceftizoxime,0,383.411,-0.556,3.0,147.21,3.0,5.0
cefuroxime-axetil,0,510.481,-0.168,2.0,189.06,3.0,9.0
(r)-nilvadipine,1,385.376,2.458,1.0,131.56,2.0,5.0
mmv001493,1,371.393,2.582,1.0,103.55,3.0,4.0
(s)-nisoldipine,1,388.42,3.202,1.0,107.77,2.0,6.0
,1,346.339,2.523,1.0,107.77,2.0,4.0
methyl (s)-phenyl[(r)-piperidin-2-yl]acetate,1,233.311,2.085,1.0,38.33,2.0,3.0
chloroserpidine,1,613.107,4.816,1.0,108.55,6.0,7.0
deserpidine,1,578.662,4.163,1.0,108.55,6.0,7.0
methyl (r)-phenyl[(s)-piperidin-2-yl]acetate,1,233.311,2.085,1.0,38.33,2.0,3.0
teicoplanin,0,1446.182,2.841,18.0,504.47,14.0,5.0
metoserpate,1,428.529,2.935,1.0,73.02,5.0,4.0
,1,493.56,4.473,1.0,111.01,3.0,9.0
flumoxonide,1,496.547,2.993,1.0,91.29,5.0,4.0
losigamone,1,254.669,1.829,1.0,55.76,2.0,3.0
mibefradil,0,495.639,5.271,1.0,67.45,4.0,11.0
dtxsid801001097,0,413.437,-0.711,4.0,167.44,3.0,6.0
cefpodoxime,0,427.464,-0.539,3.0,156.44,3.0,7.0
"[(1s)-1-propan-2-yloxycarbonyloxyethyl] (6s,7s)-7-[[2-(2-amino-1,3-thiazol-4-yl)-2-methoxyiminoacetyl]amino]-3-(methoxymethyl)-8-oxo-5-thia-1-azabicyclo[4.2.0]oct-2-ene-2-carboxylate",1,557.607,0.827,2.0,180.97,3.0,10.0
semorphone,1,345.395,0.762,2.0,79.23,5.0,3.0
sarmoxicillin,0,449.529,1.179,2.0,108.41,4.0,5.0
befloxatone,1,349.305,2.35,1.0,68.23,2.0,7.0
cimoxatone,1,338.363,3.109,0.0,71.79,3.0,6.0
zinc601234,1,393.712,4.405,0.0,24.83,3.0,3.0
"(6s,7s)-7-[[2-(2-amino-1,3-thiazol-4-yl)-2-methoxyiminoacetyl]amino]-3-[(2-methyl-5,6-dioxo-1h-1,2,4-triazin-3-yl)sulfanylmethyl]-8-oxo-5-thia-1-azabicyclo[4.2.0]oct-2-ene-2-carboxylic acid",0,554.592,-1.611,4.0,214.96,4.0,8.0
zinc252676467,0,584.683,0.999,4.0,197.4,4.0,10.0
,1,356.679,4.353,0.0,71.06,1.0,8.0
clometocillin,0,433.313,2.313,2.0,95.94,3.0,5.0
unii-q1069wkm8g component lzkanmyvpjzlew-zafykaaxsa-n,1,178.512,1.852,0.0,9.23,1.0,1.0
cephalosporin-c,0,557.617,-0.359,3.0,200.63,4.0,8.0
cefotetan,0,575.632,-1.397,4.0,219.93,4.0,9.0
cefminox,0,519.587,-1.84,4.0,202.86,3.0,11.0
cefoxitin,0,427.46,0.099,3.0,148.26,3.0,7.0
temocillin,0,414.461,0.522,3.0,133.24,3.0,6.0
cyprenorphine,1,423.553,3.164,2.0,62.16,8.0,4.0
diprenorphine,1,425.569,3.388,2.0,62.16,8.0,4.0
buprenorphine,1,467.65,4.414,2.0,62.16,8.0,4.0
schembl10844792,0,334.332,-1.651,3.0,146.89,4.0,3.0
rifampin (rifampicin),0,822.953,4.335,6.0,220.15,6.0,4.0
rifapentine,0,877.045,5.648,6.0,220.15,7.0,5.0
rifaximin,0,785.891,6.158,5.0,198.38,6.0,2.0
rifamycin,0,697.778,4.754,6.0,201.31,5.0,2.0
rifabutin,0,847.019,4.616,5.0,205.55,6.0,4.0
sanfetrinem,0,265.309,0.476,1.0,66.84,3.0,3.0
oleandomycin,0,687.868,1.909,3.0,165.98,4.0,6.0
troleandomycin,0,813.979,3.621,0.0,184.19,4.0,9.0
eqvalan (ivermectin-ii),0,861.079,5.211,3.0,170.06,7.0,7.0
valperinol,1,297.395,1.203,1.0,51.16,5.0,3.0
spiramycin,0,843.065,2.325,4.0,195.38,4.0,11.0
kitasamycin,0,701.851,0.846,5.0,193.91,3.0,8.0
astromicin,0,405.496,-3.585,6.0,192.54,2.0,6.0
josamycin,0,828.006,3.013,3.0,206.05,3.0,12.0
(s)-gatifloxacin,1,375.4,1.98,2.0,83.8,4.0,4.0
,1,415.465,2.023,3.0,90.9,5.0,5.0
mls006011558,1,326.436,5.167,1.0,46.53,1.0,6.0
tolmesoxide,1,214.286,1.75,0.0,41.52,1.0,3.0
etoposide,0,588.562,1.339,3.0,160.83,7.0,5.0
teniposide,0,670.689,3.056,2.0,149.83,8.0,7.0
"(3r)-2-[(2r)-2-[[(1r)-1-carboxy-3-phenylpropyl]amino]propanoyl]-6,7-dimethoxy-3,4-dihydro-1h-isoquinoline-3-carboxylic acid",0,470.522,2.106,3.0,125.4,3.0,10.0
zinc2019917,1,414.524,1.569,1.0,94.17,2.0,7.0
,0,1029.278,9.029,0.0,144.9,6.0,28.0
ac1mmxuk,0,624.778,6.846,2.0,77.38,8.0,2.0
(s)-terazosin,1,387.44,1.057,1.0,103.04,4.0,4.0
s-doxazosin,1,451.483,1.718,1.0,112.27,5.0,4.0
diosmin,0,608.549,-1.09,8.0,238.2,5.0,7.0
cilomilast,1,343.423,4.053,1.0,79.55,3.0,5.0
(r)-gallopamil,1,484.637,5.102,0.0,73.18,2.0,14.0
iso046,0,929.161,8.066,0.0,126.44,6.0,24.0
zinc2009618,1,239.746,3.288,0.0,12.47,2.0,2.0
femoxetine,1,311.425,3.81,0.0,21.7,3.0,5.0
l-(cis)-diltiazem,0,414.527,3.369,0.0,59.08,3.0,6.0
,1,357.353,3.559,1.0,49.77,2.0,4.0
oxyridazine,1,354.519,5.172,0.0,15.71,4.0,4.0
meprotixol,1,329.465,3.738,1.0,32.7,3.0,5.0
schembl18133072,1,309.321,2.966,1.0,68.53,3.0,4.0
noscapine,1,413.426,2.882,0.0,75.69,5.0,4.0
reserpine,1,608.688,4.314,1.0,117.78,6.0,8.0
schembl17284795,1,315.369,1.048,1.0,59.0,5.0,1.0
chembl492193,1,287.359,1.85,1.0,41.93,4.0,1.0
(+)-epigalantamine,1,287.359,1.85,1.0,41.93,4.0,1.0
oxycodone,1,315.369,1.048,1.0,59.0,5.0,1.0
hydrocodone,1,299.37,1.933,0.0,38.77,5.0,1.0
thebacon,1,341.407,2.421,0.0,48.0,5.0,2.0
,1,299.37,1.501,1.0,41.93,5.0,1.0
,1,301.386,1.725,1.0,41.93,5.0,1.0
codeine,1,299.37,1.501,1.0,41.93,5.0,1.0
norcodeine,1,285.343,1.159,2.0,50.72,5.0,1.0
dihydrocodeine,1,301.386,1.725,1.0,41.93,5.0,1.0
nicodicodine,1,406.482,2.985,0.0,60.89,6.0,3.0
"3-[[(1s,2s)-1-hydroxy-1-phenylpropan-2-yl]amino]-1-(3-methoxyphenyl)propan-1-one",1,313.397,2.98,2.0,58.56,2.0,8.0
chembl1927026,1,165.236,1.585,1.0,35.25,1.0,3.0
tramadol,1,263.381,2.635,1.0,32.7,2.0,4.0
leurubicin,0,656.685,0.532,7.0,235.17,5.0,9.0
esorubicin,0,527.526,1.03,5.0,185.84,5.0,5.0
pirarubicin,0,627.643,1.552,5.0,204.3,6.0,7.0
doxorubicin (epirubicin),0,543.525,0.001,6.0,206.07,5.0,5.0
zorubicin,0,645.665,2.246,6.0,210.23,6.0,6.0
daunorubicin,0,527.526,1.029,5.0,185.84,5.0,4.0
adriamycinol-aglycone,0,416.382,-0.054,6.0,164.75,4.0,3.0
umespirone,1,512.651,2.392,0.0,90.47,4.0,7.0
,1,406.482,3.833,3.0,75.74,4.0,10.0
,1,380.466,1.353,3.0,110.88,2.0,9.0
moxonidine,1,241.682,0.818,2.0,71.43,2.0,2.0
thiamphenicol (racefenicol),1,356.227,0.404,3.0,103.7,1.0,6.0
timobesone,1,408.535,3.224,2.0,74.6,4.0,1.0
timobesone-acetate,1,450.572,3.795,1.0,80.67,4.0,2.0
levometiomeprazine,1,344.549,5.209,0.0,6.48,3.0,5.0
mecloxamine,0,317.86,4.57,0.0,12.47,2.0,6.0
triamcinolone-benetonide,1,623.718,4.036,2.0,128.23,6.0,7.0
,1,303.358,1.885,5.0,92.95,2.0,6.0
zinc256169910,1,255.361,3.762,0.0,23.06,2.0,5.0
zinc33647603,1,239.746,3.299,1.0,29.1,1.0,3.0
bupropion,1,239.746,3.299,1.0,29.1,1.0,3.0
cafedrine,1,357.414,0.145,2.0,94.08,3.0,6.0
mebanazine,1,136.198,1.211,2.0,38.05,1.0,2.0
benmoxin,1,240.306,2.682,2.0,41.13,2.0,4.0
unii-588k80pehx component klwgwdotudklkt-secbinfhsa-n,1,230.267,2.353,2.0,67.84,2.0,3.0
phenethicillin (pheneticillin),0,364.423,1.086,2.0,95.94,3.0,5.0
"(2r,3s)-1-(1h-1,2,4-triazol-1-yl)-2-(2,4-difluorophenyl)-3-(methylsulfonyl)-2-butanol",1,331.344,0.877,1.0,85.08,2.0,5.0
,1,392.467,1.896,3.0,94.83,4.0,2.0
pristinamycin-ic,0,852.946,0.88,4.0,227.96,6.0,6.0
,0,940.09,0.032,13.0,339.84,3.0,3.0
,0,645.608,-8.565,14.0,321.17,4.0,9.0
aztreonam,0,435.44,-1.172,4.0,201.58,2.0,7.0
aztreonam,0,435.44,-1.172,4.0,201.58,2.0,7.0
"cis-3,4-dimethyl-2-phenylmorpholine",1,191.274,2.078,0.0,12.47,2.0,1.0
(s)-bicalutamide,1,430.379,2.88,2.0,107.26,2.0,5.0
tazobactam,0,300.296,-1.523,1.0,122.46,3.0,3.0
cloprednol,1,392.879,1.9,3.0,94.83,4.0,2.0
prednisolone-hemisuccinate,1,460.523,1.973,3.0,138.2,4.0,6.0
prednisone,1,358.434,1.766,2.0,91.67,4.0,2.0
prednisolone,1,360.45,1.558,3.0,94.83,4.0,2.0
,1,394.439,0.62,4.0,115.06,4.0,2.0
"(8r,9r,10s,11r,13r,14r,17s)-11,17-dihydroxy-17-(2-hydroxyacetyl)-10,13-dimethyl-7,8,9,11,12,14,15,16-octahydro-6h-cyclopenta[a]phenanthren-3-one",1,360.45,1.558,3.0,94.83,4.0,2.0
triamcinolone,1,394.439,0.62,4.0,115.06,4.0,2.0
fluocinolone,1,412.429,0.569,4.0,115.06,4.0,2.0
chloroprednisone,1,392.879,1.983,2.0,91.67,4.0,2.0
fluprednisolone,1,378.44,1.506,3.0,94.83,4.0,2.0
oxisopred,1,376.449,0.816,3.0,111.9,4.0,2.0
cortexolone (cortodoxone cortifen),1,346.467,2.811,2.0,74.6,4.0,2.0
cortisone,1,360.45,1.99,2.0,91.67,4.0,2.0
hydrocortisone-hemisuccinate,1,462.539,2.197,3.0,138.2,4.0,6.0
hydrocortisonecypionate (hydrocortisone-cipionate),1,486.649,4.303,2.0,100.9,5.0,6.0
tixocortol,1,377.526,2.987,2.0,74.6,4.0,2.0
aldosterone,0,360.45,2.003,2.0,83.83,5.0,2.0
ent-testosterone,1,288.431,3.879,1.0,37.3,4.0,0.0
,1,346.467,2.667,2.0,74.6,4.0,2.0
dual-release hydrocortisone,1,362.466,1.782,3.0,94.83,4.0,2.0
"2-[(8r,13r,14r,17s)-17-hydroxy-13-methyl-3-oxo-1,2,6,7,8,11,12,14,15,16-decahydrocyclopenta[a]phenanthren-17-yl]acetonitrile",1,311.425,3.837,1.0,61.09,4.0,1.0
,1,440.411,5.182,1.0,49.77,4.0,5.0
estradiol,0,272.388,3.609,2.0,40.46,4.0,0.0
dichlorisone,1,413.341,3.166,2.0,74.6,4.0,2.0
grepafloxacin,0,372.4,1.742,2.0,101.45,5.0,3.0
isoflupredone,1,378.44,1.65,3.0,94.83,4.0,2.0
naflocort,1,464.577,3.93,2.0,74.6,6.0,2.0
fludrocortisone,1,380.456,1.874,3.0,94.83,4.0,2.0
(-)-dizocilpine,1,221.303,3.151,1.0,12.03,4.0,0.0
unii-yay699l64p,1,244.265,3.681,1.0,37.3,2.0,3.0
dexindoprofen,1,281.311,3.035,1.0,57.61,3.0,3.0
unii-yfd6wrv4j1 component iqppoxsmsdpzku-gxffztmasa-n,1,261.321,3.363,2.0,69.89,2.0,3.0
(s)-fenoprofen,1,242.274,3.667,1.0,46.53,2.0,4.0
(r)-metamfepramone,1,177.247,1.819,0.0,20.31,1.0,3.0
cathine,1,151.209,1.067,2.0,46.25,1.0,2.0
lopac-r-0758,1,287.359,2.352,4.0,72.72,2.0,6.0
ncgc00016928-01,0,299.352,-0.386,3.0,116.22,2.0,6.0
ritipenem,0,288.281,-0.71,3.0,130.16,2.0,4.0
sulopenem,0,233.22,0.122,2.0,77.84,2.0,2.0
zinc3830926,0,299.352,-0.386,3.0,116.22,2.0,6.0
,0,383.47,0.04,3.0,110.18,3.0,5.0
meropenem,0,383.47,-0.308,3.0,110.18,3.0,5.0
fropenem (faropenem),0,285.321,0.374,2.0,87.07,3.0,3.0
unii-8poy3umu73,1,236.296,2.732,2.0,66.56,2.0,2.0
amphotericin-b,0,924.091,0.712,12.0,319.61,3.0,3.0
zinc4689,1,280.291,1.362,2.0,113.43,2.0,3.0
2methylthiophencyclidine (gacyclidine),1,263.45,4.639,0.0,3.24,3.0,2.0
zinc40163147,1,363.244,3.867,1.0,41.57,4.0,1.0
crilvastatin,1,253.342,2.023,1.0,55.4,2.0,2.0
alclometasone,1,408.922,2.021,3.0,94.83,4.0,2.0
,1,374.477,1.804,3.0,94.83,4.0,2.0
cormetasone,1,428.447,2.141,3.0,94.83,4.0,2.0
beclomethasone (beclometasone),1,408.922,2.165,3.0,94.83,4.0,2.0
mometasone (mometasone-furoate),1,521.437,4.869,1.0,93.81,5.0,4.0
clobetasone,1,408.897,3.35,1.0,71.44,4.0,2.0
dimesone,1,390.495,3.171,2.0,74.6,4.0,2.0
clobetasol,1,410.913,3.142,2.0,74.6,4.0,2.0
betamethasone-benzoate,1,496.575,3.76,2.0,100.9,5.0,4.0
desoximetasone,1,376.468,2.781,2.0,74.6,4.0,2.0
meprednisone,1,372.461,2.012,2.0,91.67,4.0,2.0
medrysone,1,346.467,3.436,2.0,74.6,4.0,1.0
methylprednisolone,1,374.477,1.804,3.0,94.83,4.0,2.0
methylprednisolone21hemisuccinate (methylprednisolone-hemisuccinate),1,474.55,2.219,3.0,138.2,4.0,6.0
halometasone,1,444.902,2.41,3.0,94.83,4.0,2.0
halocortolone,1,412.904,3.975,1.0,54.37,4.0,2.0
clocortolone,1,410.913,2.998,2.0,74.6,4.0,2.0
clocortolone-pivalate,1,495.031,4.595,1.0,80.67,4.0,3.0
ulobetasol,1,428.903,3.09,2.0,74.6,4.0,2.0
flumethasone (flumetasone and diflorasone),1,410.457,1.844,3.0,94.83,4.0,2.0
flumethasone21pivalate (flumetasone-pivalate),1,494.575,3.441,2.0,100.9,4.0,3.0
fluticasone,1,444.515,3.469,2.0,74.6,4.0,2.0
diflucortolone,1,394.458,2.729,2.0,74.6,4.0,2.0
diflucortolone-pivalate,1,478.576,4.326,1.0,80.67,4.0,3.0
paramethasone,1,392.467,1.752,3.0,94.83,4.0,2.0
fluocortolone,1,376.468,2.637,2.0,74.6,4.0,2.0
"morpholine, 3-methyl-2-phenyl-, (2s,3r)-",1,177.247,1.736,1.0,21.26,2.0,1.0
enilospirone,1,295.766,2.893,1.0,47.56,3.0,2.0
medorubicin,0,513.499,-0.007,6.0,196.84,5.0,4.0
digoxin,0,780.949,2.218,6.0,203.06,8.0,7.0
fosfomycin,1,138.059,-0.091,2.0,70.06,1.0,1.0
zinc2014913,1,191.274,1.94,0.0,12.47,2.0,1.0
ketazocine,1,285.387,2.967,1.0,40.54,4.0,2.0
chembl2367794,1,231.339,2.546,1.0,23.47,3.0,0.0
chembl3085528,1,271.404,3.326,1.0,23.47,4.0,2.0
chembl4085956,1,321.464,4.159,1.0,23.47,4.0,3.0
doxycycline,0,444.44,-0.504,6.0,181.62,4.0,2.0
zinc31297922,1,288.347,0.993,0.0,49.85,3.0,3.0
amcinafide,1,496.575,3.556,2.0,93.06,6.0,3.0
alfadolone,1,348.483,2.747,2.0,74.6,4.0,2.0
bephenium,0,256.369,3.342,0.0,9.23,2.0,6.0
zinc651,0,340.443,2.705,1.0,46.53,3.0,5.0
unii-0xq5nt70et,0,318.437,2.456,1.0,46.53,3.0,4.0
atropine-oxide,1,305.374,1.943,1.0,69.59,3.0,4.0
,1,230.315,1.67,1.0,36.95,2.0,2.0
dactinomycin,0,1255.438,0.726,5.0,359.98,7.0,8.0
metaxalone,1,221.256,1.791,1.0,47.56,2.0,3.0
,1,334.353,2.067,2.0,109.5,3.0,2.0
sulfisomidine,1,278.337,1.476,2.0,97.97,2.0,3.0
cefpiramide,0,612.65,0.327,5.0,212.76,5.0,9.0
d-araboflavin,1,376.369,-1.724,5.0,161.56,3.0,5.0
2-(6-methyl-3-pyridyl)-3-[4-(methylsulfonyl)phenyl]-5-chloropyridine 1-oxide,1,374.849,3.414,0.0,73.97,3.0,3.0
schembl11034921,1,348.446,4.015,1.0,53.43,3.0,6.0
tolterodine [inn],1,325.496,5.341,1.0,23.47,2.0,7.0
unii-g4px8c4hkv,1,323.418,1.63,2.0,78.51,3.0,3.0
,1,366.483,2.169,3.0,95.5,3.0,3.0
dicarbine,1,202.301,2.208,1.0,15.27,3.0,0.0
dimemorfan,1,255.405,3.683,0.0,3.24,4.0,0.0
chembl222944,1,192.262,1.589,2.0,55.12,1.0,2.0
beloxepin,1,295.382,3.408,1.0,32.7,4.0,0.0
bidd:gt0410,1,365.842,2.714,2.0,92.5,3.0,2.0
"4-amino-1-[(2r,5r)-5-(hydroxymethyl)-2,5-dihydrofuran-2-yl]-5-methylpyrimidin-2-one",1,223.232,-0.42,2.0,90.37,2.0,2.0
acipimox,1,154.125,-0.278,1.0,77.13,1.0,1.0
schembl6439453,1,369.368,3.515,1.0,73.86,3.0,5.0
prazocillin,0,469.35,2.733,2.0,104.53,4.0,4.0
pelrinone,1,241.254,0.957,2.0,94.46,2.0,3.0
cefcanel-daloxate,0,661.74,1.822,2.0,197.16,5.0,11.0
,1,283.378,2.143,2.0,85.08,2.0,3.0
zinc95093058,0,461.496,0.832,2.0,145.08,4.0,6.0
chembl1622721,0,470.334,3.202,2.0,112.74,4.0,4.0
nsc-277175,1,453.879,2.688,2.0,112.74,4.0,4.0
chembl1742950,0,453.879,2.688,2.0,112.74,4.0,4.0
sbi-0051468.p003,0,401.444,1.895,2.0,112.74,4.0,4.0
oxacillin,0,401.444,1.895,2.0,112.74,4.0,4.0
cloxacillin,0,435.889,2.549,2.0,112.74,4.0,4.0
spiclamine,1,344.886,4.117,0.0,24.83,5.0,1.0
zinc2019839,1,389.412,-0.442,4.0,134.54,3.0,7.0
zinc136443,1,279.343,2.82,0.0,39.82,4.0,2.0
cefivitril,0,453.531,-0.189,2.0,154.1,3.0,8.0
desflurane,1,168.036,2.083,0.0,9.23,0.0,2.0
oprea1_628450,1,406.52,5.305,0.0,6.48,4.0,7.0
xantocillin,0,288.306,3.612,2.0,88.04,2.0,3.0
unii-6c18xmp3df,1,357.772,2.895,1.0,76.69,3.0,3.0
,0,457.432,-3.108,7.0,202.32,3.0,7.0
,0,477.404,3.395,10.0,167.58,2.0,7.0
bdbm50446085,1,251.289,2.827,2.0,70.18,3.0,0.0
schembl19923339,1,194.238,0.59,2.0,65.14,2.0,1.0
"(2s,4s,5s,6r)-11-fluoro-4-(hydroxymethyl)-10-imino-3,7-dioxa-1,9-diazatricyclo[6.4.0.02,6]dodeca-8,11-dien-5-ol",1,243.194,-1.487,3.0,100.59,3.0,1.0
(r)-oxiracetam,1,158.157,-1.935,2.0,83.63,1.0,2.0
(3r)-5-chloro-2-oxo-3-(thiophene-2-carbonyl)-3h-indole-1-carboxamide,1,320.757,2.793,1.0,80.47,3.0,2.0
carumonam,0,466.41,-2.876,5.0,253.9,2.0,9.0
ncgc00016758-01,1,213.281,0.336,2.0,82.86,2.0,2.0
zinc4213470,1,207.233,0.1,2.0,82.86,2.0,2.0
,1,231.277,-0.423,2.0,88.15,2.0,2.0
glycine,1,75.067,-0.97,2.0,63.32,0.0,1.0
l-eflornithine,1,182.17,-0.227,3.0,89.34,0.0,5.0
,0,552.626,-6.399,11.0,297.27,3.0,10.0
,0,585.608,-8.424,13.0,331.94,3.0,10.0
arbekacin,0,552.626,-6.399,11.0,297.27,3.0,10.0
amikacin,0,585.608,-8.424,13.0,331.94,3.0,10.0
butikacin,0,571.625,-7.951,13.0,314.87,3.0,11.0
,0,467.52,-6.296,10.0,268.17,3.0,6.0
,0,628.677,-8.853,13.0,353.11,4.0,10.0
neomycinbas2ethylbutyrate (framycetin),0,614.65,-8.895,13.0,353.11,4.0,9.0
dibekacin,0,451.521,-5.267,9.0,247.94,3.0,6.0
neamine (neomycin),0,322.362,-5.116,8.0,203.46,2.0,3.0
kanamycin,0,484.503,-7.291,11.0,282.61,3.0,6.0
propikacin,0,557.598,-8.341,13.0,314.87,3.0,10.0
tobramycin,0,467.52,-6.296,10.0,268.17,3.0,6.0
bekanamycin,0,483.519,-7.325,11.0,288.4,3.0,6.0
ceforanide,0,519.565,-0.71,4.0,193.63,4.0,10.0
,0,460.406,-1.896,7.0,251.32,3.0,4.0
piretanide,1,362.407,2.425,2.0,109.93,3.0,5.0
4-chloro-2-(furan-2-ylmethylamino)-6-sulfamoylbenzoic acid,1,330.749,1.891,3.0,122.63,2.0,5.0
2-chloro-5-[(1s)-1-hydroxy-3-oxo-2h-isoindol-1-yl]benzenesulfonamide,1,338.772,0.924,3.0,109.49,3.0,2.0
(s)-bendroflumethiazide,1,421.422,1.625,3.0,118.36,3.0,3.0
,1,380.879,0.113,3.0,121.6,3.0,3.0
zinc11616774,0,462.513,0.041,5.0,174.53,4.0,7.0
loracarbef,0,349.774,0.711,3.0,112.73,3.0,4.0
cefaclor,0,367.814,0.621,3.0,112.73,3.0,4.0
ctk7d0972,1,213.664,2.205,2.0,63.32,1.0,4.0
25963-47-7,1,249.291,1.807,2.0,80.39,2.0,2.0
.a.-l-ddc,1,211.221,-0.505,2.0,90.37,2.0,2.0
ceftibuten,0,410.433,-0.048,4.0,162.92,3.0,6.0
(r)-praziquantel,1,312.413,2.535,0.0,40.62,4.0,1.0
fc1=cc=c(c=c1)c(cccn1ccc(cc1)(c1=cc(=cc=c1)cl)o)=o,1,375.871,4.426,1.0,40.54,3.0,6.0
iotroxic acid,0,1215.815,5.338,4.0,160.49,2.0,14.0
s-(+)-flecainide,1,414.346,3.441,2.0,59.59,2.0,7.0
7387-98-6,1,323.132,0.909,3.0,112.7,1.0,6.0
cefonicid,0,542.577,-0.917,4.0,204.91,4.0,9.0
succinylsulfathiazole,0,355.397,1.747,3.0,125.46,2.0,7.0
biotin,1,244.316,0.797,3.0,78.43,2.0,5.0
isoxepac,1,268.268,2.437,1.0,63.6,3.0,2.0
chembl310696,1,296.153,4.364,2.0,49.33,2.0,4.0
fenclofenac,1,297.137,4.413,1.0,46.53,2.0,4.0
"(2s,5s)-3-(2-hydroxyethylidene)-7-oxo-4-oxa-1-azabicyclo[3.2.0]heptane-2-carboxylic acid",1,199.162,-1.096,2.0,87.07,2.0,2.0
"(4s,7r)-7-[[(1s)-1-carboxy-3-phenylpropyl]amino]-6-oxo-1,2,3,4,7,8,9,10-octahydropyridazino[1,2-a]diazepine-4-carboxylic acid",0,389.452,1.117,3.0,110.18,3.0,7.0
carmantadine,1,235.327,2.114,1.0,40.54,5.0,2.0
phthalylsulfathiazole,0,403.441,2.894,3.0,125.46,3.0,6.0
benzoclidine,1,231.295,1.938,0.0,29.54,4.0,2.0
ketanserin,1,395.434,2.424,1.0,75.17,4.0,5.0
zinc101751021,1,276.292,-0.177,1.0,83.55,4.0,1.0
(r)-thalidomide,1,258.233,0.088,1.0,83.55,3.0,1.0
naltrexone,1,341.407,1.525,2.0,70.0,6.0,2.0
rolicyprine,1,244.294,0.937,2.0,58.2,3.0,3.0
"(4r,4ar,7as,12br)-3-(cyclopropylmethyl)-4a,9-dihydroxy-2,4,5,6,7a,13-hexahydro-1h-4,12-methanobenzofuro[3,2-e]isoquinolin-7-one",1,341.407,1.525,2.0,70.0,6.0,2.0
67-20-9,1,238.159,0.073,1.0,118.05,2.0,3.0
schembl156228,1,377.213,3.074,1.0,41.57,4.0,1.0
unii-6v73e494fl,1,376.815,2.351,1.0,53.01,4.0,3.0
brosuximide,1,254.083,1.579,1.0,46.17,2.0,1.0
lortalamine,1,278.739,1.642,2.0,50.36,4.0,0.0
zinc33903606,1,385.678,3.008,2.0,52.57,3.0,3.0
prazitone,1,301.346,0.823,3.0,87.3,3.0,3.0
,1,351.153,-1.498,4.0,119.33,2.0,3.0
cyproximide (ciproximide),1,221.643,1.254,1.0,46.17,3.0,1.0
tenilsetam,1,182.248,0.509,2.0,41.13,2.0,1.0
,1,252.273,1.134,2.0,58.2,3.0,2.0
saccharin,1,183.188,0.119,1.0,63.24,2.0,0.0
(r)-lorazepam,1,321.163,3.101,2.0,61.69,3.0,1.0
furomazine,1,459.011,4.723,1.0,53.01,5.0,5.0
zalospirone,1,419.529,1.598,0.0,69.64,7.0,6.0
tandospirone,1,383.496,1.41,0.0,69.64,5.0,6.0
fosmidomycin,0,183.1,-0.598,3.0,98.07,0.0,5.0
chembl33994,0,300.571,1.564,4.0,115.06,1.0,4.0
zinc18084626,1,236.136,-1.062,0.0,123.2,2.0,4.0
isosorbid-2-nitrat,1,191.139,-1.278,1.0,91.06,2.0,2.0
l-trofosfamide,1,323.588,2.835,0.0,32.78,1.0,7.0
"3-[1-[3,3-bis(4-fluorophenyl)propyl]piperidin-4-yl]-1h-benzimidazol-2-one",1,447.529,5.467,1.0,41.03,5.0,6.0
,1,440.935,2.724,3.0,90.85,5.0,6.0
oxatomide,1,426.564,4.127,1.0,44.27,5.0,7.0
cyprolidol,1,301.389,4.121,1.0,33.12,4.0,4.0
tefludazine,1,408.439,4.031,1.0,26.71,4.0,4.0
,0,504.438,-7.571,11.0,268.68,3.0,8.0
,0,342.297,-5.396,8.0,189.53,2.0,5.0
(s)-chlorphenesin,1,202.637,1.072,2.0,49.69,1.0,4.0
chloralose,1,309.529,-0.463,3.0,88.38,2.0,2.0
ks-00000jxh,1,286.28,-1.642,5.0,119.61,2.0,4.0
,0,288.307,0.51,2.0,82.17,2.0,6.0
unii-ciy2383wvz,1,287.75,1.973,2.0,57.51,3.0,3.0
(r)-procyclidine,1,287.447,3.94,1.0,23.47,3.0,5.0
(s)-mazindol,1,284.746,2.609,1.0,35.83,4.0,1.0
celucloral,1,1136.115,2.567,7.0,252.37,2.0,27.0
(s)-trihexyphenidyl,1,301.474,4.331,1.0,23.47,3.0,5.0
zinc100014943,1,311.469,3.962,1.0,23.47,4.0,5.0
nsc-289336,1,223.272,1.273,4.0,72.72,2.0,2.0
normorphine,1,271.316,0.856,3.0,61.72,5.0,0.0
nalbuphine,1,357.45,1.707,3.0,73.16,6.0,2.0
,1,357.45,1.707,3.0,73.16,6.0,2.0
dexoxadrol (dioxadrol and levoxadrol),1,309.409,3.445,1.0,30.49,4.0,3.0
chembl433033,1,335.447,4.325,0.0,21.7,5.0,3.0
zinc1481926,1,289.422,4.458,0.0,3.24,5.0,0.0
levomequitazine,1,322.477,4.631,0.0,6.48,6.0,2.0
cgp-37849,1,209.138,-0.478,4.0,120.85,0.0,4.0
pd117302,1,356.535,4.309,0.0,23.55,4.0,4.0
sch-23390,1,287.79,3.665,1.0,23.47,3.0,1.0
methylnaltrexone bromide,0,356.442,1.67,2.0,66.76,6.0,2.0
1-(3-chlorophenyl)piperazine,1,196.681,1.75,1.0,15.27,2.0,1.0
cgs-19755,1,223.165,-0.383,4.0,106.86,1.0,3.0
rosuvastatin,1,481.546,2.402,3.0,140.92,2.0,10.0
simvastatin acid,1,436.589,4.106,3.0,104.06,2.0,10.0
reboxetine,1,313.397,3.194,1.0,39.72,3.0,6.0
eletriptan,1,382.529,3.821,1.0,53.17,4.0,6.0
tropisetron,1,284.359,2.95,1.0,45.33,4.0,2.0
aprepitant,1,534.432,4.952,2.0,83.24,4.0,6.0
varenicline,1,211.268,1.804,1.0,37.81,4.0,0.0
trimethoprim,1,361.373,1.544,1.0,75.01,4.0,2.0
zolpidem,1,608.688,4.171,1.0,117.78,6.0,8.0
famotidine,1,642.635,2.45,4.0,171.83,8.0,5.0
vidarabine,0,375.469,0.364,1.0,73.32,3.0,5.0
rufloxacin,0,357.494,3.195,1.0,46.53,5.0,4.0
trovafloxacin,1,415.512,4.528,1.0,44.7,4.0,4.0
"1,1-diethyl-3-((6ar,9s)-7-methyl-4,6,6a,7,8,9,10,10a-octahydroindolo[4,3-fg]quinolin-9-yl)urea",1,340.471,2.932,2.0,51.37,4.0,3.0
vinpocetine,1,350.462,4.148,0.0,34.47,5.0,3.0
morphine,1,285.343,1.198,2.0,52.93,5.0,0.0
buprenorphine,1,467.65,4.414,2.0,62.16,8.0,4.0
nicergoline,1,484.394,3.911,0.0,56.59,5.0,4.0
hydrocodone,1,299.37,1.933,0.0,38.77,5.0,1.0
schembl13016949,1,272.344,2.741,1.0,38.69,4.0,1.0
rimonabant,1,463.796,5.939,1.0,50.16,4.0,4.0
ziprasidone,1,412.946,4.501,2.0,55.39,5.0,4.0
dimethindene,1,292.426,4.147,0.0,16.13,3.0,5.0
capecitabine,1,359.354,0.76,3.0,122.91,2.0,6.0
drotaverine,1,397.515,4.925,1.0,48.95,3.0,9.0
perazine,1,339.508,3.927,0.0,9.72,4.0,4.0
bz3,1,147.177,2.176,1.0,25.02,2.0,1.0
nifuroxazide,0,275.22,1.657,2.0,117.97,2.0,4.0
triclosan,1,289.545,5.145,1.0,29.46,2.0,2.0
thiabendazole,0,201.254,2.686,1.0,41.57,3.0,1.0
terfenadine,0,471.685,6.446,2.0,43.7,4.0,8.0
(-)-verapamil,0,454.611,5.093,0.0,63.95,2.0,13.0
acenocumarol,0,353.33,3.518,1.0,110.65,3.0,5.0
pentoxifylline,0,278.312,0.193,0.0,78.89,2.0,5.0
anastrozole,0,293.374,2.929,0.0,78.29,2.0,4.0
metyrapone,0,226.279,2.637,0.0,42.85,2.0,3.0
flutamide,0,276.214,3.208,1.0,72.24,1.0,3.0
bisoprolol fumarate,0,325.449,2.366,2.0,59.95,1.0,12.0
nilutamide,0,317.223,2.448,1.0,92.55,2.0,2.0
diazoxide,0,230.676,1.682,1.0,58.53,2.0,0.0
glimepiride,0,490.626,3.074,3.0,124.68,3.0,7.0
irbesartan,0,428.54,4.777,1.0,87.13,5.0,7.0
dronabinol,1,314.469,5.736,1.0,29.46,3.0,4.0
bumetanide,0,364.423,3.037,3.0,118.72,2.0,8.0
propylthiouracil,0,170.237,1.385,2.0,48.65,1.0,2.0
telmisartan,0,514.629,7.264,1.0,72.94,6.0,7.0
oxybutynin,0,357.494,3.343,1.0,49.77,2.0,7.0
moricizine,0,427.526,4.107,1.0,71.11,4.0,5.0
carbimazole,0,186.236,1.561,0.0,36.16,1.0,1.0
cinoxacin,0,262.221,0.843,1.0,90.65,3.0,2.0
diloxanide,0,234.082,2.159,1.0,40.54,1.0,2.0
dofetilide,0,441.575,1.983,2.0,104.81,2.0,11.0
bromhexine,0,376.136,4.558,1.0,29.26,2.0,3.0
frovatriptan racemate,1,243.31,1.343,3.0,70.91,3.0,2.0
mebendazole,0,295.298,2.972,2.0,84.08,3.0,3.0
doxazosin mesylate,0,451.483,1.718,1.0,112.27,5.0,4.0
gliquidone,0,527.643,3.519,2.0,121.88,4.0,7.0
pantoprazole,0,383.376,2.884,1.0,92.32,3.0,7.0
enoximone,0,248.307,1.964,2.0,65.72,2.0,3.0
alosetron,0,294.358,2.408,1.0,53.92,4.0,2.0
gemfibrozil,0,250.338,3.573,1.0,46.53,1.0,6.0
gliclazide,0,323.418,1.63,2.0,78.51,3.0,3.0
torasemide,0,348.428,2.53,3.0,100.19,2.0,5.0
glipizide,0,445.545,2.078,3.0,130.15,3.0,7.0
sulfamethizole,0,270.339,1.23,2.0,97.97,2.0,3.0
desloratadine,0,310.828,4.019,1.0,24.92,4.0,0.0
ticlopidine hydrochloride,0,263.793,3.96,0.0,3.24,3.0,2.0
methimazole,0,114.173,1.083,1.0,20.72,1.0,0.0
letrozole,0,285.31,2.659,0.0,78.29,3.0,3.0
mesalamine,0,153.137,0.673,3.0,83.55,1.0,1.0
nicorandil,0,211.177,0.02,1.0,94.36,1.0,5.0
niacin,0,123.111,0.78,1.0,50.19,1.0,1.0
sulfinpyrazone,0,404.491,3.796,0.0,63.68,4.0,6.0
anagrelide hydrochloride,0,256.092,1.926,1.0,44.7,3.0,0.0
fluorescein,0,332.311,3.666,2.0,75.99,5.0,0.0
antazoline,0,265.36,2.695,1.0,27.63,3.0,5.0
emedastine,1,302.422,2.215,0.0,33.53,3.0,5.0
ketotifen,1,309.434,4.014,0.0,20.31,4.0,0.0
milrinone,0,211.224,1.617,1.0,69.54,2.0,1.0
amrinone,0,187.202,1.019,2.0,71.77,2.0,1.0
